to_act_card,opponent_card,to_act_coins,opponent_coins,phase,pending_action,pending_action_by,pending_block,pending_block_by,result,dtm,best_moves
Assassin,Assassin,0,0,ACTION,,,,,win,11,Income|Foreign Aid
Assassin,Assassin,0,0,BLOCK,Foreign Aid,opponent,,,loss,10,pass
Assassin,Assassin,0,1,ACTION,,,,,loss,10,Foreign Aid
Assassin,Assassin,0,2,ACTION,,,,,loss,9,Foreign Aid
Assassin,Assassin,1,0,BLOCK,Foreign Aid,opponent,,,win,9,pass
Assassin,Assassin,1,1,ACTION,,,,,win,8,Foreign Aid
Assassin,Assassin,1,1,BLOCK,Foreign Aid,opponent,,,loss,7,pass
Assassin,Assassin,1,2,ACTION,,,,,win,8,Foreign Aid
Assassin,Assassin,1,2,BLOCK,Foreign Aid,opponent,,,loss,7,pass
Assassin,Assassin,1,3,ACTION,,,,,loss,6,Foreign Aid
Assassin,Assassin,1,4,ACTION,,,,,loss,6,Foreign Aid
Assassin,Assassin,2,0,ACTION_CHALLENGE,Assassinate,opponent,,,loss,3,pass
Assassin,Assassin,2,0,BLOCK,Assassinate,opponent,,,loss,2,pass
Assassin,Assassin,2,0,BLOCK,Foreign Aid,opponent,,,win,8,pass
Assassin,Assassin,2,0,LOSE_INFLUENCE,Assassinate,opponent,,,loss,1,reveal Assassin
Assassin,Assassin,2,1,ACTION,,,,,win,7,Income
Assassin,Assassin,2,1,ACTION_CHALLENGE,Assassinate,opponent,,,loss,3,pass
Assassin,Assassin,2,1,BLOCK,Assassinate,opponent,,,loss,2,pass
Assassin,Assassin,2,1,BLOCK,Foreign Aid,opponent,,,loss,7,pass
Assassin,Assassin,2,1,LOSE_INFLUENCE,Assassinate,opponent,,,loss,1,reveal Assassin
Assassin,Assassin,2,2,ACTION,,,,,win,7,Income
Assassin,Assassin,2,2,BLOCK,Foreign Aid,opponent,,,loss,7,pass
Assassin,Assassin,2,3,ACTION,,,,,loss,6,Foreign Aid
Assassin,Assassin,2,3,BLOCK,Foreign Aid,opponent,,,loss,7,pass
Assassin,Assassin,2,4,ACTION,,,,,loss,6,Foreign Aid
Assassin,Assassin,2,4,BLOCK,Foreign Aid,opponent,,,loss,7,pass
Assassin,Assassin,2,5,ACTION,,,,,loss,6,Foreign Aid
Assassin,Assassin,2,6,ACTION,,,,,loss,6,Foreign Aid
Assassin,Assassin,3,0,ACTION_CHALLENGE,Assassinate,opponent,,,loss,3,pass
Assassin,Assassin,3,0,BLOCK,Assassinate,opponent,,,loss,2,pass
Assassin,Assassin,3,0,LOSE_INFLUENCE,Assassinate,opponent,,,loss,1,reveal Assassin
Assassin,Assassin,3,1,ACTION_CHALLENGE,Assassinate,opponent,,,loss,3,pass
Assassin,Assassin,3,1,BLOCK,Assassinate,opponent,,,loss,2,pass
Assassin,Assassin,3,1,BLOCK,Foreign Aid,opponent,,,win,5,pass
Assassin,Assassin,3,1,LOSE_INFLUENCE,Assassinate,opponent,,,loss,1,reveal Assassin
Assassin,Assassin,3,2,ACTION,,,,,win,4,Assassinate
Assassin,Assassin,3,2,ACTION_CHALLENGE,Assassinate,opponent,,,loss,3,pass
Assassin,Assassin,3,2,BLOCK,Assassinate,opponent,,,loss,2,pass
Assassin,Assassin,3,2,BLOCK,Foreign Aid,opponent,,,win,5,pass
Assassin,Assassin,3,2,LOSE_INFLUENCE,Assassinate,opponent,,,loss,1,reveal Assassin
Assassin,Assassin,3,3,ACTION,,,,,win,4,Assassinate
Assassin,Assassin,3,3,ACTION_CHALLENGE,Assassinate,opponent,,,loss,3,pass
Assassin,Assassin,3,3,BLOCK,Assassinate,opponent,,,loss,2,pass
Assassin,Assassin,3,3,BLOCK,Foreign Aid,opponent,,,win,5,pass
Assassin,Assassin,3,3,LOSE_INFLUENCE,Assassinate,opponent,,,loss,1,reveal Assassin
Assassin,Assassin,3,4,ACTION,,,,,win,4,Assassinate
Assassin,Assassin,3,4,BLOCK,Foreign Aid,opponent,,,win,5,pass
Assassin,Assassin,3,5,ACTION,,,,,win,4,Assassinate
Assassin,Assassin,3,5,BLOCK,Foreign Aid,opponent,,,win,5,pass
Assassin,Assassin,3,6,ACTION,,,,,win,4,Assassinate
Assassin,Assassin,3,6,BLOCK,Foreign Aid,opponent,,,win,5,pass
Assassin,Assassin,3,7,ACTION,,,,,win,4,Assassinate
Assassin,Assassin,3,8,ACTION,,,,,win,4,Assassinate
Assassin,Assassin,4,0,ACTION_CHALLENGE,Assassinate,opponent,,,loss,3,pass
Assassin,Assassin,4,0,BLOCK,Assassinate,opponent,,,loss,2,pass
Assassin,Assassin,4,0,LOSE_INFLUENCE,Assassinate,opponent,,,loss,1,reveal Assassin
Assassin,Assassin,4,0,LOSE_INFLUENCE,Coup,opponent,,,loss,1,reveal Assassin
Assassin,Assassin,4,1,ACTION_CHALLENGE,Assassinate,opponent,,,loss,3,pass
Assassin,Assassin,4,1,BLOCK,Assassinate,opponent,,,loss,2,pass
Assassin,Assassin,4,1,BLOCK,Foreign Aid,opponent,,,win,5,pass
Assassin,Assassin,4,1,LOSE_INFLUENCE,Assassinate,opponent,,,loss,1,reveal Assassin
Assassin,Assassin,4,1,LOSE_INFLUENCE,Coup,opponent,,,loss,1,reveal Assassin
Assassin,Assassin,4,2,ACTION,,,,,win,4,Assassinate
Assassin,Assassin,4,2,ACTION_CHALLENGE,Assassinate,opponent,,,loss,3,pass
Assassin,Assassin,4,2,BLOCK,Assassinate,opponent,,,loss,2,pass
Assassin,Assassin,4,2,BLOCK,Foreign Aid,opponent,,,win,5,pass
Assassin,Assassin,4,2,LOSE_INFLUENCE,Assassinate,opponent,,,loss,1,reveal Assassin
Assassin,Assassin,4,3,ACTION,,,,,win,4,Assassinate
Assassin,Assassin,4,3,ACTION_CHALLENGE,Assassinate,opponent,,,loss,3,pass
Assassin,Assassin,4,3,BLOCK,Assassinate,opponent,,,loss,2,pass
Assassin,Assassin,4,3,BLOCK,Foreign Aid,opponent,,,win,5,pass
Assassin,Assassin,4,3,LOSE_INFLUENCE,Assassinate,opponent,,,loss,1,reveal Assassin
Assassin,Assassin,4,4,ACTION,,,,,win,4,Assassinate
Assassin,Assassin,4,4,ACTION_CHALLENGE,Assassinate,opponent,,,loss,3,pass
Assassin,Assassin,4,4,BLOCK,Assassinate,opponent,,,loss,2,pass
Assassin,Assassin,4,4,BLOCK,Foreign Aid,opponent,,,win,5,pass
Assassin,Assassin,4,4,LOSE_INFLUENCE,Assassinate,opponent,,,loss,1,reveal Assassin
Assassin,Assassin,4,5,ACTION,,,,,win,4,Assassinate
Assassin,Assassin,4,5,ACTION_CHALLENGE,Assassinate,opponent,,,loss,3,pass
Assassin,Assassin,4,5,BLOCK,Assassinate,opponent,,,loss,2,pass
Assassin,Assassin,4,5,BLOCK,Foreign Aid,opponent,,,win,5,pass
Assassin,Assassin,4,5,LOSE_INFLUENCE,Assassinate,opponent,,,loss,1,reveal Assassin
Assassin,Assassin,4,6,ACTION,,,,,win,4,Assassinate
Assassin,Assassin,4,6,BLOCK,Foreign Aid,opponent,,,win,5,pass
Assassin,Assassin,4,7,ACTION,,,,,win,4,Assassinate
Assassin,Assassin,4,7,BLOCK,Foreign Aid,opponent,,,win,5,pass
Assassin,Assassin,4,8,ACTION,,,,,win,4,Assassinate
Assassin,Assassin,4,8,BLOCK,Foreign Aid,opponent,,,win,5,pass
Assassin,Assassin,4,9,ACTION,,,,,win,4,Assassinate
Assassin,Assassin,4,10,ACTION,,,,,win,4,Assassinate
Assassin,Assassin,5,0,ACTION_CHALLENGE,Assassinate,opponent,,,loss,3,pass
Assassin,Assassin,5,0,BLOCK,Assassinate,opponent,,,loss,2,pass
Assassin,Assassin,5,0,LOSE_INFLUENCE,Assassinate,opponent,,,loss,1,reveal Assassin
Assassin,Assassin,5,0,LOSE_INFLUENCE,Coup,opponent,,,loss,1,reveal Assassin
Assassin,Assassin,5,1,ACTION_CHALLENGE,Assassinate,opponent,,,loss,3,pass
Assassin,Assassin,5,1,BLOCK,Assassinate,opponent,,,loss,2,pass
Assassin,Assassin,5,1,LOSE_INFLUENCE,Assassinate,opponent,,,loss,1,reveal Assassin
Assassin,Assassin,5,1,LOSE_INFLUENCE,Coup,opponent,,,loss,1,reveal Assassin
Assassin,Assassin,5,2,ACTION_CHALLENGE,Assassinate,opponent,,,loss,3,pass
Assassin,Assassin,5,2,BLOCK,Assassinate,opponent,,,loss,2,pass
Assassin,Assassin,5,2,BLOCK,Foreign Aid,opponent,,,win,5,pass
Assassin,Assassin,5,2,LOSE_INFLUENCE,Assassinate,opponent,,,loss,1,reveal Assassin
Assassin,Assassin,5,2,LOSE_INFLUENCE,Coup,opponent,,,loss,1,reveal Assassin
Assassin,Assassin,5,3,ACTION,,,,,win,4,Assassinate
Assassin,Assassin,5,3,ACTION_CHALLENGE,Assassinate,opponent,,,loss,3,pass
Assassin,Assassin,5,3,BLOCK,Assassinate,opponent,,,loss,2,pass
Assassin,Assassin,5,3,BLOCK,Foreign Aid,opponent,,,win,5,pass
Assassin,Assassin,5,3,LOSE_INFLUENCE,Assassinate,opponent,,,loss,1,reveal Assassin
Assassin,Assassin,5,3,LOSE_INFLUENCE,Coup,opponent,,,loss,1,reveal Assassin
Assassin,Assassin,5,4,ACTION,,,,,win,4,Assassinate
Assassin,Assassin,5,4,ACTION_CHALLENGE,Assassinate,opponent,,,loss,3,pass
Assassin,Assassin,5,4,BLOCK,Assassinate,opponent,,,loss,2,pass
Assassin,Assassin,5,4,BLOCK,Foreign Aid,opponent,,,win,5,pass
Assassin,Assassin,5,4,LOSE_INFLUENCE,Assassinate,opponent,,,loss,1,reveal Assassin
Assassin,Assassin,5,5,ACTION,,,,,win,4,Assassinate
Assassin,Assassin,5,5,ACTION_CHALLENGE,Assassinate,opponent,,,loss,3,pass
Assassin,Assassin,5,5,BLOCK,Assassinate,opponent,,,loss,2,pass
Assassin,Assassin,5,5,BLOCK,Foreign Aid,opponent,,,win,5,pass
Assassin,Assassin,5,5,LOSE_INFLUENCE,Assassinate,opponent,,,loss,1,reveal Assassin
Assassin,Assassin,5,6,ACTION,,,,,win,4,Assassinate
Assassin,Assassin,5,6,ACTION_CHALLENGE,Assassinate,opponent,,,loss,3,pass
Assassin,Assassin,5,6,BLOCK,Assassinate,opponent,,,loss,2,pass
Assassin,Assassin,5,6,BLOCK,Foreign Aid,opponent,,,win,5,pass
Assassin,Assassin,5,6,LOSE_INFLUENCE,Assassinate,opponent,,,loss,1,reveal Assassin
Assassin,Assassin,5,7,ACTION,,,,,win,4,Assassinate
Assassin,Assassin,5,7,BLOCK,Foreign Aid,opponent,,,win,5,pass
Assassin,Assassin,5,8,ACTION,,,,,win,4,Assassinate
Assassin,Assassin,5,8,BLOCK,Foreign Aid,opponent,,,win,5,pass
Assassin,Assassin,5,9,ACTION,,,,,win,4,Assassinate
Assassin,Assassin,5,9,BLOCK,Foreign Aid,opponent,,,win,5,pass
Assassin,Assassin,5,10,ACTION,,,,,win,4,Assassinate
Assassin,Assassin,5,11,ACTION,,,,,win,4,Assassinate
Assassin,Assassin,6,0,ACTION_CHALLENGE,Assassinate,opponent,,,loss,3,pass
Assassin,Assassin,6,0,BLOCK,Assassinate,opponent,,,loss,2,pass
Assassin,Assassin,6,0,LOSE_INFLUENCE,Assassinate,opponent,,,loss,1,reveal Assassin
Assassin,Assassin,6,0,LOSE_INFLUENCE,Coup,opponent,,,loss,1,reveal Assassin
Assassin,Assassin,6,1,ACTION_CHALLENGE,Assassinate,opponent,,,loss,3,pass
Assassin,Assassin,6,1,BLOCK,Assassinate,opponent,,,loss,2,pass
Assassin,Assassin,6,1,LOSE_INFLUENCE,Assassinate,opponent,,,loss,1,reveal Assassin
Assassin,Assassin,6,1,LOSE_INFLUENCE,Coup,opponent,,,loss,1,reveal Assassin
Assassin,Assassin,6,2,ACTION_CHALLENGE,Assassinate,opponent,,,loss,3,pass
Assassin,Assassin,6,2,BLOCK,Assassinate,opponent,,,loss,2,pass
Assassin,Assassin,6,2,BLOCK,Foreign Aid,opponent,,,win,5,pass
Assassin,Assassin,6,2,LOSE_INFLUENCE,Assassinate,opponent,,,loss,1,reveal Assassin
Assassin,Assassin,6,2,LOSE_INFLUENCE,Coup,opponent,,,loss,1,reveal Assassin
Assassin,Assassin,6,3,ACTION,,,,,win,4,Assassinate
Assassin,Assassin,6,3,ACTION_CHALLENGE,Assassinate,opponent,,,loss,3,pass
Assassin,Assassin,6,3,BLOCK,Assassinate,opponent,,,loss,2,pass
Assassin,Assassin,6,3,BLOCK,Foreign Aid,opponent,,,win,5,pass
Assassin,Assassin,6,3,LOSE_INFLUENCE,Assassinate,opponent,,,loss,1,reveal Assassin
Assassin,Assassin,6,3,LOSE_INFLUENCE,Coup,opponent,,,loss,1,reveal Assassin
Assassin,Assassin,6,4,ACTION,,,,,win,4,Assassinate
Assassin,Assassin,6,4,ACTION_CHALLENGE,Assassinate,opponent,,,loss,3,pass
Assassin,Assassin,6,4,BLOCK,Assassinate,opponent,,,loss,2,pass
Assassin,Assassin,6,4,BLOCK,Foreign Aid,opponent,,,win,5,pass
Assassin,Assassin,6,4,LOSE_INFLUENCE,Assassinate,opponent,,,loss,1,reveal Assassin
Assassin,Assassin,6,4,LOSE_INFLUENCE,Coup,opponent,,,loss,1,reveal Assassin
Assassin,Assassin,6,5,ACTION,,,,,win,4,Assassinate
Assassin,Assassin,6,5,ACTION_CHALLENGE,Assassinate,opponent,,,loss,3,pass
Assassin,Assassin,6,5,BLOCK,Assassinate,opponent,,,loss,2,pass
Assassin,Assassin,6,5,BLOCK,Foreign Aid,opponent,,,win,5,pass
Assassin,Assassin,6,5,LOSE_INFLUENCE,Assassinate,opponent,,,loss,1,reveal Assassin
Assassin,Assassin,6,6,ACTION,,,,,win,4,Assassinate
Assassin,Assassin,6,6,ACTION_CHALLENGE,Assassinate,opponent,,,loss,3,pass
Assassin,Assassin,6,6,BLOCK,Assassinate,opponent,,,loss,2,pass
Assassin,Assassin,6,6,BLOCK,Foreign Aid,opponent,,,win,5,pass
Assassin,Assassin,6,6,LOSE_INFLUENCE,Assassinate,opponent,,,loss,1,reveal Assassin
Assassin,Assassin,6,7,ACTION,,,,,win,4,Assassinate
Assassin,Assassin,6,7,BLOCK,Foreign Aid,opponent,,,win,5,pass
Assassin,Assassin,6,8,ACTION,,,,,win,4,Assassinate
Assassin,Assassin,6,8,BLOCK,Foreign Aid,opponent,,,win,5,pass
Assassin,Assassin,6,9,ACTION,,,,,win,4,Assassinate
Assassin,Assassin,6,9,BLOCK,Foreign Aid,opponent,,,win,5,pass
Assassin,Assassin,6,10,ACTION,,,,,win,4,Assassinate
Assassin,Assassin,6,11,ACTION,,,,,win,4,Assassinate
Assassin,Assassin,7,0,ACTION_CHALLENGE,Assassinate,opponent,,,loss,3,pass
Assassin,Assassin,7,0,BLOCK,Assassinate,opponent,,,loss,2,pass
Assassin,Assassin,7,0,LOSE_INFLUENCE,Assassinate,opponent,,,loss,1,reveal Assassin
Assassin,Assassin,7,0,LOSE_INFLUENCE,Coup,opponent,,,loss,1,reveal Assassin
Assassin,Assassin,7,1,ACTION_CHALLENGE,Assassinate,opponent,,,loss,3,pass
Assassin,Assassin,7,1,BLOCK,Assassinate,opponent,,,loss,2,pass
Assassin,Assassin,7,1,LOSE_INFLUENCE,Assassinate,opponent,,,loss,1,reveal Assassin
Assassin,Assassin,7,1,LOSE_INFLUENCE,Coup,opponent,,,loss,1,reveal Assassin
Assassin,Assassin,7,2,ACTION_CHALLENGE,Assassinate,opponent,,,loss,3,pass
Assassin,Assassin,7,2,BLOCK,Assassinate,opponent,,,loss,2,pass
Assassin,Assassin,7,2,LOSE_INFLUENCE,Assassinate,opponent,,,loss,1,reveal Assassin
Assassin,Assassin,7,2,LOSE_INFLUENCE,Coup,opponent,,,loss,1,reveal Assassin
Assassin,Assassin,7,3,ACTION_CHALLENGE,Assassinate,opponent,,,loss,3,pass
Assassin,Assassin,7,3,BLOCK,Assassinate,opponent,,,loss,2,pass
Assassin,Assassin,7,3,BLOCK,Foreign Aid,opponent,,,win,3,pass
Assassin,Assassin,7,3,LOSE_INFLUENCE,Assassinate,opponent,,,loss,1,reveal Assassin
Assassin,Assassin,7,3,LOSE_INFLUENCE,Coup,opponent,,,loss,1,reveal Assassin
Assassin,Assassin,7,4,ACTION,,,,,win,2,Coup
Assassin,Assassin,7,4,ACTION_CHALLENGE,Assassinate,opponent,,,loss,3,pass
Assassin,Assassin,7,4,BLOCK,Assassinate,opponent,,,loss,2,pass
Assassin,Assassin,7,4,BLOCK,Foreign Aid,opponent,,,win,3,pass
Assassin,Assassin,7,4,LOSE_INFLUENCE,Assassinate,opponent,,,loss,1,reveal Assassin
Assassin,Assassin,7,4,LOSE_INFLUENCE,Coup,opponent,,,loss,1,reveal Assassin
Assassin,Assassin,7,5,ACTION,,,,,win,2,Coup
Assassin,Assassin,7,5,ACTION_CHALLENGE,Assassinate,opponent,,,loss,3,pass
Assassin,Assassin,7,5,BLOCK,Assassinate,opponent,,,loss,2,pass
Assassin,Assassin,7,5,BLOCK,Foreign Aid,opponent,,,win,3,pass
Assassin,Assassin,7,5,LOSE_INFLUENCE,Assassinate,opponent,,,loss,1,reveal Assassin
Assassin,Assassin,7,6,ACTION,,,,,win,2,Coup
Assassin,Assassin,7,6,ACTION_CHALLENGE,Assassinate,opponent,,,loss,3,pass
Assassin,Assassin,7,6,BLOCK,Assassinate,opponent,,,loss,2,pass
Assassin,Assassin,7,6,BLOCK,Foreign Aid,opponent,,,win,3,pass
Assassin,Assassin,7,6,LOSE_INFLUENCE,Assassinate,opponent,,,loss,1,reveal Assassin
Assassin,Assassin,7,7,ACTION,,,,,win,2,Coup
Assassin,Assassin,7,7,BLOCK,Foreign Aid,opponent,,,win,3,pass
Assassin,Assassin,7,8,ACTION,,,,,win,2,Coup
Assassin,Assassin,7,8,BLOCK,Foreign Aid,opponent,,,win,3,pass
Assassin,Assassin,7,9,ACTION,,,,,win,2,Coup
Assassin,Assassin,7,9,BLOCK,Foreign Aid,opponent,,,win,3,pass
Assassin,Assassin,7,10,ACTION,,,,,win,2,Coup
Assassin,Assassin,7,11,ACTION,,,,,win,2,Coup
Assassin,Assassin,8,0,ACTION_CHALLENGE,Assassinate,opponent,,,loss,3,pass
Assassin,Assassin,8,0,BLOCK,Assassinate,opponent,,,loss,2,pass
Assassin,Assassin,8,0,LOSE_INFLUENCE,Assassinate,opponent,,,loss,1,reveal Assassin
Assassin,Assassin,8,0,LOSE_INFLUENCE,Coup,opponent,,,loss,1,reveal Assassin
Assassin,Assassin,8,1,ACTION_CHALLENGE,Assassinate,opponent,,,loss,3,pass
Assassin,Assassin,8,1,BLOCK,Assassinate,opponent,,,loss,2,pass
Assassin,Assassin,8,1,LOSE_INFLUENCE,Assassinate,opponent,,,loss,1,reveal Assassin
Assassin,Assassin,8,1,LOSE_INFLUENCE,Coup,opponent,,,loss,1,reveal Assassin
Assassin,Assassin,8,2,ACTION_CHALLENGE,Assassinate,opponent,,,loss,3,pass
Assassin,Assassin,8,2,BLOCK,Assassinate,opponent,,,loss,2,pass
Assassin,Assassin,8,2,LOSE_INFLUENCE,Assassinate,opponent,,,loss,1,reveal Assassin
Assassin,Assassin,8,2,LOSE_INFLUENCE,Coup,opponent,,,loss,1,reveal Assassin
Assassin,Assassin,8,3,ACTION_CHALLENGE,Assassinate,opponent,,,loss,3,pass
Assassin,Assassin,8,3,BLOCK,Assassinate,opponent,,,loss,2,pass
Assassin,Assassin,8,3,BLOCK,Foreign Aid,opponent,,,win,3,pass
Assassin,Assassin,8,3,LOSE_INFLUENCE,Assassinate,opponent,,,loss,1,reveal Assassin
Assassin,Assassin,8,3,LOSE_INFLUENCE,Coup,opponent,,,loss,1,reveal Assassin
Assassin,Assassin,8,4,ACTION,,,,,win,2,Coup
Assassin,Assassin,8,4,ACTION_CHALLENGE,Assassinate,opponent,,,loss,3,pass
Assassin,Assassin,8,4,BLOCK,Assassinate,opponent,,,loss,2,pass
Assassin,Assassin,8,4,BLOCK,Foreign Aid,opponent,,,win,3,pass
Assassin,Assassin,8,4,LOSE_INFLUENCE,Assassinate,opponent,,,loss,1,reveal Assassin
Assassin,Assassin,8,4,LOSE_INFLUENCE,Coup,opponent,,,loss,1,reveal Assassin
Assassin,Assassin,8,5,ACTION,,,,,win,2,Coup
Assassin,Assassin,8,5,ACTION_CHALLENGE,Assassinate,opponent,,,loss,3,pass
Assassin,Assassin,8,5,BLOCK,Assassinate,opponent,,,loss,2,pass
Assassin,Assassin,8,5,BLOCK,Foreign Aid,opponent,,,win,3,pass
Assassin,Assassin,8,5,LOSE_INFLUENCE,Assassinate,opponent,,,loss,1,reveal Assassin
Assassin,Assassin,8,6,ACTION,,,,,win,2,Coup
Assassin,Assassin,8,6,ACTION_CHALLENGE,Assassinate,opponent,,,loss,3,pass
Assassin,Assassin,8,6,BLOCK,Assassinate,opponent,,,loss,2,pass
Assassin,Assassin,8,6,BLOCK,Foreign Aid,opponent,,,win,3,pass
Assassin,Assassin,8,6,LOSE_INFLUENCE,Assassinate,opponent,,,loss,1,reveal Assassin
Assassin,Assassin,8,7,ACTION,,,,,win,2,Coup
Assassin,Assassin,8,7,BLOCK,Foreign Aid,opponent,,,win,3,pass
Assassin,Assassin,8,8,ACTION,,,,,win,2,Coup
Assassin,Assassin,8,8,BLOCK,Foreign Aid,opponent,,,win,3,pass
Assassin,Assassin,8,9,ACTION,,,,,win,2,Coup
Assassin,Assassin,8,9,BLOCK,Foreign Aid,opponent,,,win,3,pass
Assassin,Assassin,8,10,ACTION,,,,,win,2,Coup
Assassin,Assassin,8,11,ACTION,,,,,win,2,Coup
Assassin,Assassin,9,0,LOSE_INFLUENCE,Coup,opponent,,,loss,1,reveal Assassin
Assassin,Assassin,9,1,ACTION_CHALLENGE,Assassinate,opponent,,,loss,3,pass
Assassin,Assassin,9,1,BLOCK,Assassinate,opponent,,,loss,2,pass
Assassin,Assassin,9,1,LOSE_INFLUENCE,Assassinate,opponent,,,loss,1,reveal Assassin
Assassin,Assassin,9,1,LOSE_INFLUENCE,Coup,opponent,,,loss,1,reveal Assassin
Assassin,Assassin,9,2,ACTION_CHALLENGE,Assassinate,opponent,,,loss,3,pass
Assassin,Assassin,9,2,BLOCK,Assassinate,opponent,,,loss,2,pass
Assassin,Assassin,9,2,LOSE_INFLUENCE,Assassinate,opponent,,,loss,1,reveal Assassin
Assassin,Assassin,9,2,LOSE_INFLUENCE,Coup,opponent,,,loss,1,reveal Assassin
Assassin,Assassin,9,3,ACTION_CHALLENGE,Assassinate,opponent,,,loss,3,pass
Assassin,Assassin,9,3,BLOCK,Assassinate,opponent,,,loss,2,pass
Assassin,Assassin,9,3,LOSE_INFLUENCE,Assassinate,opponent,,,loss,1,reveal Assassin
Assassin,Assassin,9,3,LOSE_INFLUENCE,Coup,opponent,,,loss,1,reveal Assassin
Assassin,Assassin,9,4,ACTION_CHALLENGE,Assassinate,opponent,,,loss,3,pass
Assassin,Assassin,9,4,BLOCK,Assassinate,opponent,,,loss,2,pass
Assassin,Assassin,9,4,BLOCK,Foreign Aid,opponent,,,win,3,pass
Assassin,Assassin,9,4,LOSE_INFLUENCE,Assassinate,opponent,,,loss,1,reveal Assassin
Assassin,Assassin,9,4,LOSE_INFLUENCE,Coup,opponent,,,loss,1,reveal Assassin
Assassin,Assassin,9,5,ACTION,,,,,win,2,Coup
Assassin,Assassin,9,5,ACTION_CHALLENGE,Assassinate,opponent,,,loss,3,pass
Assassin,Assassin,9,5,BLOCK,Assassinate,opponent,,,loss,2,pass
Assassin,Assassin,9,5,BLOCK,Foreign Aid,opponent,,,win,3,pass
Assassin,Assassin,9,5,LOSE_INFLUENCE,Assassinate,opponent,,,loss,1,reveal Assassin
Assassin,Assassin,9,6,ACTION,,,,,win,2,Coup
Assassin,Assassin,9,6,ACTION_CHALLENGE,Assassinate,opponent,,,loss,3,pass
Assassin,Assassin,9,6,BLOCK,Assassinate,opponent,,,loss,2,pass
Assassin,Assassin,9,6,BLOCK,Foreign Aid,opponent,,,win,3,pass
Assassin,Assassin,9,6,LOSE_INFLUENCE,Assassinate,opponent,,,loss,1,reveal Assassin
Assassin,Assassin,9,7,ACTION,,,,,win,2,Coup
Assassin,Assassin,9,7,BLOCK,Foreign Aid,opponent,,,win,3,pass
Assassin,Assassin,9,8,ACTION,,,,,win,2,Coup
Assassin,Assassin,9,8,BLOCK,Foreign Aid,opponent,,,win,3,pass
Assassin,Assassin,9,9,ACTION,,,,,win,2,Coup
Assassin,Assassin,9,9,BLOCK,Foreign Aid,opponent,,,win,3,pass
Assassin,Assassin,9,10,ACTION,,,,,win,2,Coup
Assassin,Assassin,9,11,ACTION,,,,,win,2,Coup
Assassin,Assassin,10,0,LOSE_INFLUENCE,Coup,opponent,,,loss,1,reveal Assassin
Assassin,Assassin,10,1,ACTION_CHALLENGE,Assassinate,opponent,,,loss,3,pass
Assassin,Assassin,10,1,BLOCK,Assassinate,opponent,,,loss,2,pass
Assassin,Assassin,10,1,LOSE_INFLUENCE,Assassinate,opponent,,,loss,1,reveal Assassin
Assassin,Assassin,10,1,LOSE_INFLUENCE,Coup,opponent,,,loss,1,reveal Assassin
Assassin,Assassin,10,2,ACTION_CHALLENGE,Assassinate,opponent,,,loss,3,pass
Assassin,Assassin,10,2,BLOCK,Assassinate,opponent,,,loss,2,pass
Assassin,Assassin,10,2,LOSE_INFLUENCE,Assassinate,opponent,,,loss,1,reveal Assassin
Assassin,Assassin,10,2,LOSE_INFLUENCE,Coup,opponent,,,loss,1,reveal Assassin
Assassin,Assassin,10,3,ACTION_CHALLENGE,Assassinate,opponent,,,loss,3,pass
Assassin,Assassin,10,3,BLOCK,Assassinate,opponent,,,loss,2,pass
Assassin,Assassin,10,3,LOSE_INFLUENCE,Assassinate,opponent,,,loss,1,reveal Assassin
Assassin,Assassin,10,3,LOSE_INFLUENCE,Coup,opponent,,,loss,1,reveal Assassin
Assassin,Assassin,10,4,ACTION_CHALLENGE,Assassinate,opponent,,,loss,3,pass
Assassin,Assassin,10,4,BLOCK,Assassinate,opponent,,,loss,2,pass
Assassin,Assassin,10,4,BLOCK,Foreign Aid,opponent,,,win,3,pass
Assassin,Assassin,10,4,LOSE_INFLUENCE,Assassinate,opponent,,,loss,1,reveal Assassin
Assassin,Assassin,10,4,LOSE_INFLUENCE,Coup,opponent,,,loss,1,reveal Assassin
Assassin,Assassin,10,5,ACTION,,,,,win,2,Coup
Assassin,Assassin,10,5,ACTION_CHALLENGE,Assassinate,opponent,,,loss,3,pass
Assassin,Assassin,10,5,BLOCK,Assassinate,opponent,,,loss,2,pass
Assassin,Assassin,10,5,BLOCK,Foreign Aid,opponent,,,win,3,pass
Assassin,Assassin,10,5,LOSE_INFLUENCE,Assassinate,opponent,,,loss,1,reveal Assassin
Assassin,Assassin,10,6,ACTION,,,,,win,2,Coup
Assassin,Assassin,10,6,ACTION_CHALLENGE,Assassinate,opponent,,,loss,3,pass
Assassin,Assassin,10,6,BLOCK,Assassinate,opponent,,,loss,2,pass
Assassin,Assassin,10,6,BLOCK,Foreign Aid,opponent,,,win,3,pass
Assassin,Assassin,10,6,LOSE_INFLUENCE,Assassinate,opponent,,,loss,1,reveal Assassin
Assassin,Assassin,10,7,ACTION,,,,,win,2,Coup
Assassin,Assassin,10,7,BLOCK,Foreign Aid,opponent,,,win,3,pass
Assassin,Assassin,10,8,ACTION,,,,,win,2,Coup
Assassin,Assassin,10,8,BLOCK,Foreign Aid,opponent,,,win,3,pass
Assassin,Assassin,10,9,ACTION,,,,,win,2,Coup
Assassin,Assassin,10,9,BLOCK,Foreign Aid,opponent,,,win,3,pass
Assassin,Assassin,10,10,ACTION,,,,,win,2,Coup
Assassin,Assassin,10,11,ACTION,,,,,win,2,Coup
Assassin,Assassin,11,0,LOSE_INFLUENCE,Coup,opponent,,,loss,1,reveal Assassin
Assassin,Assassin,11,1,LOSE_INFLUENCE,Coup,opponent,,,loss,1,reveal Assassin
Assassin,Assassin,11,2,ACTION_CHALLENGE,Assassinate,opponent,,,loss,3,pass
Assassin,Assassin,11,2,BLOCK,Assassinate,opponent,,,loss,2,pass
Assassin,Assassin,11,2,LOSE_INFLUENCE,Assassinate,opponent,,,loss,1,reveal Assassin
Assassin,Assassin,11,2,LOSE_INFLUENCE,Coup,opponent,,,loss,1,reveal Assassin
Assassin,Assassin,11,3,ACTION_CHALLENGE,Assassinate,opponent,,,loss,3,pass
Assassin,Assassin,11,3,BLOCK,Assassinate,opponent,,,loss,2,pass
Assassin,Assassin,11,3,LOSE_INFLUENCE,Assassinate,opponent,,,loss,1,reveal Assassin
Assassin,Assassin,11,3,LOSE_INFLUENCE,Coup,opponent,,,loss,1,reveal Assassin
Assassin,Assassin,11,4,ACTION_CHALLENGE,Assassinate,opponent,,,loss,3,pass
Assassin,Assassin,11,4,BLOCK,Assassinate,opponent,,,loss,2,pass
Assassin,Assassin,11,4,LOSE_INFLUENCE,Assassinate,opponent,,,loss,1,reveal Assassin
Assassin,Assassin,11,4,LOSE_INFLUENCE,Coup,opponent,,,loss,1,reveal Assassin
Assassin,Assassin,11,5,ACTION_CHALLENGE,Assassinate,opponent,,,loss,3,pass
Assassin,Assassin,11,5,BLOCK,Assassinate,opponent,,,loss,2,pass
Assassin,Assassin,11,5,BLOCK,Foreign Aid,opponent,,,win,3,pass
Assassin,Assassin,11,5,LOSE_INFLUENCE,Assassinate,opponent,,,loss,1,reveal Assassin
Assassin,Assassin,11,6,ACTION,,,,,win,2,Coup
Assassin,Assassin,11,6,ACTION_CHALLENGE,Assassinate,opponent,,,loss,3,pass
Assassin,Assassin,11,6,BLOCK,Assassinate,opponent,,,loss,2,pass
Assassin,Assassin,11,6,BLOCK,Foreign Aid,opponent,,,win,3,pass
Assassin,Assassin,11,6,LOSE_INFLUENCE,Assassinate,opponent,,,loss,1,reveal Assassin
Assassin,Assassin,11,7,ACTION,,,,,win,2,Coup
Assassin,Assassin,11,7,BLOCK,Foreign Aid,opponent,,,win,3,pass
Assassin,Assassin,11,8,ACTION,,,,,win,2,Coup
Assassin,Assassin,11,8,BLOCK,Foreign Aid,opponent,,,win,3,pass
Assassin,Assassin,11,9,ACTION,,,,,win,2,Coup
Assassin,Assassin,11,9,BLOCK,Foreign Aid,opponent,,,win,3,pass
Assassin,Assassin,11,10,ACTION,,,,,win,2,Coup
Assassin,Assassin,11,11,ACTION,,,,,win,2,Coup
Assassin,Captain,0,0,ACTION,,,,,loss,22,Foreign Aid
Assassin,Captain,0,0,BLOCK,Foreign Aid,opponent,,,loss,18,pass
Assassin,Captain,0,1,ACTION,,,,,loss,18,Foreign Aid
Assassin,Captain,0,2,ACTION,,,,,loss,17,Foreign Aid
Assassin,Captain,0,3,ACTION,,,,,loss,13,Foreign Aid
Assassin,Captain,0,4,ACTION,,,,,loss,12,Foreign Aid
Assassin,Captain,0,5,ACTION,,,,,loss,8,Foreign Aid
Assassin,Captain,0,6,ACTION,,,,,loss,7,Foreign Aid
Assassin,Captain,0,7,ACTION,,,,,loss,4,Foreign Aid
Assassin,Captain,0,8,ACTION,,,,,loss,4,Foreign Aid
Assassin,Captain,0,9,ACTION,,,,,loss,4,Foreign Aid
Assassin,Captain,0,10,ACTION,,,,,loss,4,Foreign Aid
Assassin,Captain,0,11,ACTION,,,,,loss,4,Foreign Aid
Assassin,Captain,1,0,ACTION_CHALLENGE,Steal,opponent,,,loss,20,pass
Assassin,Captain,1,0,BLOCK,Foreign Aid,opponent,,,loss,20,pass
Assassin,Captain,1,0,BLOCK,Steal,opponent,,,loss,19,pass
Assassin,Captain,1,0,LOSE_INFLUENCE,Coup,opponent,,,loss,1,reveal Assassin
Assassin,Captain,1,1,ACTION,,,,,loss,19,Foreign Aid
Assassin,Captain,1,1,ACTION_CHALLENGE,Steal,opponent,,,loss,19,pass
Assassin,Captain,1,1,BLOCK,Foreign Aid,opponent,,,loss,15,pass
Assassin,Captain,1,1,BLOCK,Steal,opponent,,,loss,18,pass
Assassin,Captain,1,1,LOSE_INFLUENCE,Coup,opponent,,,loss,1,reveal Assassin
Assassin,Captain,1,2,ACTION,,,,,loss,19,Foreign Aid
Assassin,Captain,1,2,ACTION_CHALLENGE,Steal,opponent,,,loss,15,pass
Assassin,Captain,1,2,BLOCK,Foreign Aid,opponent,,,loss,15,pass
Assassin,Captain,1,2,BLOCK,Steal,opponent,,,loss,14,pass
Assassin,Captain,1,2,LOSE_INFLUENCE,Coup,opponent,,,loss,1,reveal Assassin
Assassin,Captain,1,3,ACTION,,,,,loss,14,Foreign Aid
Assassin,Captain,1,3,ACTION_CHALLENGE,Steal,opponent,,,loss,14,pass
Assassin,Captain,1,3,BLOCK,Foreign Aid,opponent,,,loss,10,pass
Assassin,Captain,1,3,BLOCK,Steal,opponent,,,loss,13,pass
Assassin,Captain,1,3,LOSE_INFLUENCE,Coup,opponent,,,loss,1,reveal Assassin
Assassin,Captain,1,4,ACTION,,,,,loss,14,Foreign Aid
Assassin,Captain,1,4,ACTION_CHALLENGE,Steal,opponent,,,loss,10,pass
Assassin,Captain,1,4,BLOCK,Foreign Aid,opponent,,,loss,10,pass
Assassin,Captain,1,4,BLOCK,Steal,opponent,,,loss,9,pass
Assassin,Captain,1,4,LOSE_INFLUENCE,Coup,opponent,,,loss,1,reveal Assassin
Assassin,Captain,1,5,ACTION,,,,,loss,9,Foreign Aid
Assassin,Captain,1,5,ACTION_CHALLENGE,Steal,opponent,,,loss,9,pass
Assassin,Captain,1,5,BLOCK,Foreign Aid,opponent,,,loss,5,pass
Assassin,Captain,1,5,BLOCK,Steal,opponent,,,loss,8,pass
Assassin,Captain,1,6,ACTION,,,,,loss,9,Foreign Aid
Assassin,Captain,1,6,ACTION_CHALLENGE,Steal,opponent,,,loss,6,pass
Assassin,Captain,1,6,BLOCK,Foreign Aid,opponent,,,loss,5,pass
Assassin,Captain,1,6,BLOCK,Steal,opponent,,,loss,5,pass
Assassin,Captain,1,7,ACTION,,,,,loss,4,Foreign Aid
Assassin,Captain,1,7,ACTION_CHALLENGE,Steal,opponent,,,loss,6,pass
Assassin,Captain,1,7,BLOCK,Foreign Aid,opponent,,,loss,5,pass
Assassin,Captain,1,7,BLOCK,Steal,opponent,,,loss,5,pass
Assassin,Captain,1,8,ACTION,,,,,loss,4,Foreign Aid
Assassin,Captain,1,8,ACTION_CHALLENGE,Steal,opponent,,,loss,6,pass
Assassin,Captain,1,8,BLOCK,Foreign Aid,opponent,,,loss,5,pass
Assassin,Captain,1,8,BLOCK,Steal,opponent,,,loss,5,pass
Assassin,Captain,1,9,ACTION,,,,,loss,4,Foreign Aid
Assassin,Captain,1,9,ACTION_CHALLENGE,Steal,opponent,,,loss,6,pass
Assassin,Captain,1,9,BLOCK,Foreign Aid,opponent,,,loss,5,pass
Assassin,Captain,1,9,BLOCK,Steal,opponent,,,loss,5,pass
Assassin,Captain,1,10,ACTION,,,,,loss,4,Foreign Aid
Assassin,Captain,1,11,ACTION,,,,,loss,4,Foreign Aid
Assassin,Captain,2,0,ACTION_CHALLENGE,Steal,opponent,,,loss,19,pass
Assassin,Captain,2,0,BLOCK,Foreign Aid,opponent,,,loss,20,pass
Assassin,Captain,2,0,BLOCK,Steal,opponent,,,loss,18,pass
Assassin,Captain,2,0,LOSE_INFLUENCE,Coup,opponent,,,loss,1,reveal Assassin
Assassin,Captain,2,1,ACTION,,,,,loss,19,Foreign Aid
Assassin,Captain,2,1,ACTION_CHALLENGE,Steal,opponent,,,loss,15,pass
Assassin,Captain,2,1,BLOCK,Foreign Aid,opponent,,,loss,15,pass
Assassin,Captain,2,1,BLOCK,Steal,opponent,,,loss,14,pass
Assassin,Captain,2,1,LOSE_INFLUENCE,Coup,opponent,,,loss,1,reveal Assassin
Assassin,Captain,2,2,ACTION,,,,,loss,19,Foreign Aid
Assassin,Captain,2,2,ACTION_CHALLENGE,Steal,opponent,,,loss,14,pass
Assassin,Captain,2,2,BLOCK,Foreign Aid,opponent,,,loss,15,pass
Assassin,Captain,2,2,BLOCK,Steal,opponent,,,loss,13,pass
Assassin,Captain,2,2,LOSE_INFLUENCE,Coup,opponent,,,loss,1,reveal Assassin
Assassin,Captain,2,3,ACTION,,,,,loss,14,Foreign Aid
Assassin,Captain,2,3,ACTION_CHALLENGE,Steal,opponent,,,loss,10,pass
Assassin,Captain,2,3,BLOCK,Foreign Aid,opponent,,,loss,10,pass
Assassin,Captain,2,3,BLOCK,Steal,opponent,,,loss,9,pass
Assassin,Captain,2,3,LOSE_INFLUENCE,Coup,opponent,,,loss,1,reveal Assassin
Assassin,Captain,2,4,ACTION,,,,,loss,14,Foreign Aid
Assassin,Captain,2,4,ACTION_CHALLENGE,Steal,opponent,,,loss,9,pass
Assassin,Captain,2,4,BLOCK,Foreign Aid,opponent,,,loss,10,pass
Assassin,Captain,2,4,BLOCK,Steal,opponent,,,loss,8,pass
Assassin,Captain,2,4,LOSE_INFLUENCE,Coup,opponent,,,loss,1,reveal Assassin
Assassin,Captain,2,5,ACTION,,,,,loss,9,Foreign Aid
Assassin,Captain,2,5,ACTION_CHALLENGE,Steal,opponent,,,loss,6,pass
Assassin,Captain,2,5,BLOCK,Foreign Aid,opponent,,,loss,5,pass
Assassin,Captain,2,5,BLOCK,Steal,opponent,,,loss,5,pass
Assassin,Captain,2,6,ACTION,,,,,loss,9,Foreign Aid
Assassin,Captain,2,6,ACTION_CHALLENGE,Steal,opponent,,,loss,6,pass
Assassin,Captain,2,6,BLOCK,Foreign Aid,opponent,,,loss,5,pass
Assassin,Captain,2,6,BLOCK,Steal,opponent,,,loss,5,pass
Assassin,Captain,2,7,ACTION,,,,,loss,4,Foreign Aid
Assassin,Captain,2,7,ACTION_CHALLENGE,Steal,opponent,,,loss,6,pass
Assassin,Captain,2,7,BLOCK,Foreign Aid,opponent,,,loss,5,pass
Assassin,Captain,2,7,BLOCK,Steal,opponent,,,loss,5,pass
Assassin,Captain,2,8,ACTION,,,,,loss,4,Foreign Aid
Assassin,Captain,2,8,ACTION_CHALLENGE,Steal,opponent,,,loss,6,pass
Assassin,Captain,2,8,BLOCK,Foreign Aid,opponent,,,loss,5,pass
Assassin,Captain,2,8,BLOCK,Steal,opponent,,,loss,5,pass
Assassin,Captain,2,9,ACTION,,,,,loss,4,Foreign Aid
Assassin,Captain,2,9,ACTION_CHALLENGE,Steal,opponent,,,loss,6,pass
Assassin,Captain,2,9,BLOCK,Foreign Aid,opponent,,,loss,5,pass
Assassin,Captain,2,9,BLOCK,Steal,opponent,,,loss,5,pass
Assassin,Captain,2,10,ACTION,,,,,loss,4,Foreign Aid
Assassin,Captain,2,11,ACTION,,,,,loss,4,Foreign Aid
Assassin,Captain,3,0,LOSE_INFLUENCE,Coup,opponent,,,loss,1,reveal Assassin
Assassin,Captain,3,1,ACTION_CHALLENGE,Steal,opponent,,,loss,16,pass
Assassin,Captain,3,1,BLOCK,Foreign Aid,opponent,,,win,5,pass
Assassin,Captain,3,1,BLOCK,Steal,opponent,,,loss,15,pass
Assassin,Captain,3,1,LOSE_INFLUENCE,Coup,opponent,,,loss,1,reveal Assassin
Assassin,Captain,3,2,ACTION,,,,,win,4,Assassinate
Assassin,Captain,3,2,ACTION_CHALLENGE,Steal,opponent,,,loss,16,pass
Assassin,Captain,3,2,BLOCK,Foreign Aid,opponent,,,win,5,pass
Assassin,Captain,3,2,BLOCK,Steal,opponent,,,loss,15,pass
Assassin,Captain,3,2,LOSE_INFLUENCE,Coup,opponent,,,loss,1,reveal Assassin
Assassin,Captain,3,3,ACTION,,,,,win,4,Assassinate
Assassin,Captain,3,3,ACTION_CHALLENGE,Steal,opponent,,,loss,11,pass
Assassin,Captain,3,3,BLOCK,Foreign Aid,opponent,,,win,5,pass
Assassin,Captain,3,3,BLOCK,Steal,opponent,,,loss,10,pass
Assassin,Captain,3,3,LOSE_INFLUENCE,Coup,opponent,,,loss,1,reveal Assassin
Assassin,Captain,3,4,ACTION,,,,,win,4,Assassinate
Assassin,Captain,3,4,ACTION_CHALLENGE,Steal,opponent,,,loss,11,pass
Assassin,Captain,3,4,BLOCK,Foreign Aid,opponent,,,win,5,pass
Assassin,Captain,3,4,BLOCK,Steal,opponent,,,loss,10,pass
Assassin,Captain,3,4,LOSE_INFLUENCE,Coup,opponent,,,loss,1,reveal Assassin
Assassin,Captain,3,5,ACTION,,,,,win,4,Assassinate
Assassin,Captain,3,5,ACTION_CHALLENGE,Steal,opponent,,,loss,6,pass
Assassin,Captain,3,5,BLOCK,Foreign Aid,opponent,,,win,5,pass
Assassin,Captain,3,5,BLOCK,Steal,opponent,,,loss,5,pass
Assassin,Captain,3,6,ACTION,,,,,win,4,Assassinate
Assassin,Captain,3,6,ACTION_CHALLENGE,Steal,opponent,,,loss,6,pass
Assassin,Captain,3,6,BLOCK,Foreign Aid,opponent,,,win,5,pass
Assassin,Captain,3,6,BLOCK,Steal,opponent,,,loss,5,pass
Assassin,Captain,3,7,ACTION,,,,,win,4,Assassinate
Assassin,Captain,3,7,ACTION_CHALLENGE,Steal,opponent,,,loss,6,pass
Assassin,Captain,3,7,BLOCK,Foreign Aid,opponent,,,win,5,pass
Assassin,Captain,3,7,BLOCK,Steal,opponent,,,loss,5,pass
Assassin,Captain,3,8,ACTION,,,,,win,4,Assassinate
Assassin,Captain,3,8,ACTION_CHALLENGE,Steal,opponent,,,loss,6,pass
Assassin,Captain,3,8,BLOCK,Foreign Aid,opponent,,,win,5,pass
Assassin,Captain,3,8,BLOCK,Steal,opponent,,,loss,5,pass
Assassin,Captain,3,9,ACTION,,,,,win,4,Assassinate
Assassin,Captain,3,9,ACTION_CHALLENGE,Steal,opponent,,,loss,6,pass
Assassin,Captain,3,9,BLOCK,Foreign Aid,opponent,,,win,5,pass
Assassin,Captain,3,9,BLOCK,Steal,opponent,,,loss,5,pass
Assassin,Captain,3,10,ACTION,,,,,win,4,Assassinate
Assassin,Captain,3,11,ACTION,,,,,win,4,Assassinate
Assassin,Captain,4,0,LOSE_INFLUENCE,Coup,opponent,,,loss,1,reveal Assassin
Assassin,Captain,4,1,ACTION_CHALLENGE,Steal,opponent,,,loss,16,pass
Assassin,Captain,4,1,BLOCK,Foreign Aid,opponent,,,win,5,pass
Assassin,Captain,4,1,BLOCK,Steal,opponent,,,loss,15,pass
Assassin,Captain,4,1,LOSE_INFLUENCE,Coup,opponent,,,loss,1,reveal Assassin
Assassin,Captain,4,2,ACTION,,,,,win,4,Assassinate
Assassin,Captain,4,2,ACTION_CHALLENGE,Steal,opponent,,,loss,16,pass
Assassin,Captain,4,2,BLOCK,Foreign Aid,opponent,,,win,5,pass
Assassin,Captain,4,2,BLOCK,Steal,opponent,,,loss,15,pass
Assassin,Captain,4,2,LOSE_INFLUENCE,Coup,opponent,,,loss,1,reveal Assassin
Assassin,Captain,4,3,ACTION,,,,,win,4,Assassinate
Assassin,Captain,4,3,ACTION_CHALLENGE,Steal,opponent,,,loss,11,pass
Assassin,Captain,4,3,BLOCK,Foreign Aid,opponent,,,win,5,pass
Assassin,Captain,4,3,BLOCK,Steal,opponent,,,loss,10,pass
Assassin,Captain,4,3,LOSE_INFLUENCE,Coup,opponent,,,loss,1,reveal Assassin
Assassin,Captain,4,4,ACTION,,,,,win,4,Assassinate
Assassin,Captain,4,4,ACTION_CHALLENGE,Steal,opponent,,,loss,11,pass
Assassin,Captain,4,4,BLOCK,Foreign Aid,opponent,,,win,5,pass
Assassin,Captain,4,4,BLOCK,Steal,opponent,,,loss,10,pass
Assassin,Captain,4,4,LOSE_INFLUENCE,Coup,opponent,,,loss,1,reveal Assassin
Assassin,Captain,4,5,ACTION,,,,,win,4,Assassinate
Assassin,Captain,4,5,ACTION_CHALLENGE,Steal,opponent,,,loss,6,pass
Assassin,Captain,4,5,BLOCK,Foreign Aid,opponent,,,win,5,pass
Assassin,Captain,4,5,BLOCK,Steal,opponent,,,loss,5,pass
Assassin,Captain,4,6,ACTION,,,,,win,4,Assassinate
Assassin,Captain,4,6,ACTION_CHALLENGE,Steal,opponent,,,loss,6,pass
Assassin,Captain,4,6,BLOCK,Foreign Aid,opponent,,,win,5,pass
Assassin,Captain,4,6,BLOCK,Steal,opponent,,,loss,5,pass
Assassin,Captain,4,7,ACTION,,,,,win,4,Assassinate
Assassin,Captain,4,7,ACTION_CHALLENGE,Steal,opponent,,,loss,6,pass
Assassin,Captain,4,7,BLOCK,Foreign Aid,opponent,,,win,5,pass
Assassin,Captain,4,7,BLOCK,Steal,opponent,,,loss,5,pass
Assassin,Captain,4,8,ACTION,,,,,win,4,Assassinate
Assassin,Captain,4,8,ACTION_CHALLENGE,Steal,opponent,,,loss,6,pass
Assassin,Captain,4,8,BLOCK,Foreign Aid,opponent,,,win,5,pass
Assassin,Captain,4,8,BLOCK,Steal,opponent,,,loss,5,pass
Assassin,Captain,4,9,ACTION,,,,,win,4,Assassinate
Assassin,Captain,4,9,ACTION_CHALLENGE,Steal,opponent,,,loss,6,pass
Assassin,Captain,4,9,BLOCK,Foreign Aid,opponent,,,win,5,pass
Assassin,Captain,4,9,BLOCK,Steal,opponent,,,loss,5,pass
Assassin,Captain,4,10,ACTION,,,,,win,4,Assassinate
Assassin,Captain,4,11,ACTION,,,,,win,4,Assassinate
Assassin,Captain,5,0,LOSE_INFLUENCE,Coup,opponent,,,loss,1,reveal Assassin
Assassin,Captain,5,1,LOSE_INFLUENCE,Coup,opponent,,,loss,1,reveal Assassin
Assassin,Captain,5,2,ACTION_CHALLENGE,Steal,opponent,,,win,6,pass
Assassin,Captain,5,2,BLOCK,Foreign Aid,opponent,,,win,5,pass
Assassin,Captain,5,2,BLOCK,Steal,opponent,,,win,5,pass
Assassin,Captain,5,2,LOSE_INFLUENCE,Coup,opponent,,,loss,1,reveal Assassin
Assassin,Captain,5,3,ACTION,,,,,win,4,Assassinate
Assassin,Captain,5,3,ACTION_CHALLENGE,Steal,opponent,,,win,6,pass
Assassin,Captain,5,3,BLOCK,Foreign Aid,opponent,,,win,5,pass
Assassin,Captain,5,3,BLOCK,Steal,opponent,,,win,5,pass
Assassin,Captain,5,3,LOSE_INFLUENCE,Coup,opponent,,,loss,1,reveal Assassin
Assassin,Captain,5,4,ACTION,,,,,win,4,Assassinate
Assassin,Captain,5,4,ACTION_CHALLENGE,Steal,opponent,,,win,6,pass
Assassin,Captain,5,4,BLOCK,Foreign Aid,opponent,,,win,5,pass
Assassin,Captain,5,4,BLOCK,Steal,opponent,,,win,5,pass
Assassin,Captain,5,4,LOSE_INFLUENCE,Coup,opponent,,,loss,1,reveal Assassin
Assassin,Captain,5,5,ACTION,,,,,win,4,Assassinate
Assassin,Captain,5,5,ACTION_CHALLENGE,Steal,opponent,,,win,6,pass
Assassin,Captain,5,5,BLOCK,Foreign Aid,opponent,,,win,5,pass
Assassin,Captain,5,5,BLOCK,Steal,opponent,,,win,5,pass
Assassin,Captain,5,6,ACTION,,,,,win,4,Assassinate
Assassin,Captain,5,6,ACTION_CHALLENGE,Steal,opponent,,,win,6,pass
Assassin,Captain,5,6,BLOCK,Foreign Aid,opponent,,,win,5,pass
Assassin,Captain,5,6,BLOCK,Steal,opponent,,,win,5,pass
Assassin,Captain,5,7,ACTION,,,,,win,4,Assassinate
Assassin,Captain,5,7,ACTION_CHALLENGE,Steal,opponent,,,win,6,pass
Assassin,Captain,5,7,BLOCK,Foreign Aid,opponent,,,win,5,pass
Assassin,Captain,5,7,BLOCK,Steal,opponent,,,win,5,pass
Assassin,Captain,5,8,ACTION,,,,,win,4,Assassinate
Assassin,Captain,5,8,ACTION_CHALLENGE,Steal,opponent,,,win,6,pass
Assassin,Captain,5,8,BLOCK,Foreign Aid,opponent,,,win,5,pass
Assassin,Captain,5,8,BLOCK,Steal,opponent,,,win,5,pass
Assassin,Captain,5,9,ACTION,,,,,win,4,Assassinate
Assassin,Captain,5,9,ACTION_CHALLENGE,Steal,opponent,,,win,6,pass
Assassin,Captain,5,9,BLOCK,Foreign Aid,opponent,,,win,5,pass
Assassin,Captain,5,9,BLOCK,Steal,opponent,,,win,5,pass
Assassin,Captain,5,10,ACTION,,,,,win,4,Assassinate
Assassin,Captain,5,11,ACTION,,,,,win,4,Assassinate
Assassin,Captain,6,0,LOSE_INFLUENCE,Coup,opponent,,,loss,1,reveal Assassin
Assassin,Captain,6,1,LOSE_INFLUENCE,Coup,opponent,,,loss,1,reveal Assassin
Assassin,Captain,6,2,ACTION_CHALLENGE,Steal,opponent,,,win,6,pass
Assassin,Captain,6,2,BLOCK,Foreign Aid,opponent,,,win,5,pass
Assassin,Captain,6,2,BLOCK,Steal,opponent,,,win,5,pass
Assassin,Captain,6,2,LOSE_INFLUENCE,Coup,opponent,,,loss,1,reveal Assassin
Assassin,Captain,6,3,ACTION,,,,,win,4,Assassinate
Assassin,Captain,6,3,ACTION_CHALLENGE,Steal,opponent,,,win,6,pass
Assassin,Captain,6,3,BLOCK,Foreign Aid,opponent,,,win,5,pass
Assassin,Captain,6,3,BLOCK,Steal,opponent,,,win,5,pass
Assassin,Captain,6,3,LOSE_INFLUENCE,Coup,opponent,,,loss,1,reveal Assassin
Assassin,Captain,6,4,ACTION,,,,,win,4,Assassinate
Assassin,Captain,6,4,ACTION_CHALLENGE,Steal,opponent,,,win,6,pass
Assassin,Captain,6,4,BLOCK,Foreign Aid,opponent,,,win,5,pass
Assassin,Captain,6,4,BLOCK,Steal,opponent,,,win,5,pass
Assassin,Captain,6,4,LOSE_INFLUENCE,Coup,opponent,,,loss,1,reveal Assassin
Assassin,Captain,6,5,ACTION,,,,,win,4,Assassinate
Assassin,Captain,6,5,ACTION_CHALLENGE,Steal,opponent,,,win,6,pass
Assassin,Captain,6,5,BLOCK,Foreign Aid,opponent,,,win,5,pass
Assassin,Captain,6,5,BLOCK,Steal,opponent,,,win,5,pass
Assassin,Captain,6,6,ACTION,,,,,win,4,Assassinate
Assassin,Captain,6,6,ACTION_CHALLENGE,Steal,opponent,,,win,6,pass
Assassin,Captain,6,6,BLOCK,Foreign Aid,opponent,,,win,5,pass
Assassin,Captain,6,6,BLOCK,Steal,opponent,,,win,5,pass
Assassin,Captain,6,7,ACTION,,,,,win,4,Assassinate
Assassin,Captain,6,7,ACTION_CHALLENGE,Steal,opponent,,,win,6,pass
Assassin,Captain,6,7,BLOCK,Foreign Aid,opponent,,,win,5,pass
Assassin,Captain,6,7,BLOCK,Steal,opponent,,,win,5,pass
Assassin,Captain,6,8,ACTION,,,,,win,4,Assassinate
Assassin,Captain,6,8,ACTION_CHALLENGE,Steal,opponent,,,win,6,pass
Assassin,Captain,6,8,BLOCK,Foreign Aid,opponent,,,win,5,pass
Assassin,Captain,6,8,BLOCK,Steal,opponent,,,win,5,pass
Assassin,Captain,6,9,ACTION,,,,,win,4,Assassinate
Assassin,Captain,6,9,ACTION_CHALLENGE,Steal,opponent,,,win,6,pass
Assassin,Captain,6,9,BLOCK,Foreign Aid,opponent,,,win,5,pass
Assassin,Captain,6,9,BLOCK,Steal,opponent,,,win,5,pass
Assassin,Captain,6,10,ACTION,,,,,win,4,Assassinate
Assassin,Captain,6,11,ACTION,,,,,win,4,Assassinate
Assassin,Captain,7,0,LOSE_INFLUENCE,Coup,opponent,,,loss,1,reveal Assassin
Assassin,Captain,7,1,LOSE_INFLUENCE,Coup,opponent,,,loss,1,reveal Assassin
Assassin,Captain,7,2,LOSE_INFLUENCE,Coup,opponent,,,loss,1,reveal Assassin
Assassin,Captain,7,3,ACTION_CHALLENGE,Steal,opponent,,,win,6,pass
Assassin,Captain,7,3,BLOCK,Foreign Aid,opponent,,,win,3,pass
Assassin,Captain,7,3,BLOCK,Steal,opponent,,,win,5,pass
Assassin,Captain,7,3,LOSE_INFLUENCE,Coup,opponent,,,loss,1,reveal Assassin
Assassin,Captain,7,4,ACTION,,,,,win,2,Coup
Assassin,Captain,7,4,ACTION_CHALLENGE,Steal,opponent,,,win,6,pass
Assassin,Captain,7,4,BLOCK,Foreign Aid,opponent,,,win,3,pass
Assassin,Captain,7,4,BLOCK,Steal,opponent,,,win,5,pass
Assassin,Captain,7,4,LOSE_INFLUENCE,Coup,opponent,,,loss,1,reveal Assassin
Assassin,Captain,7,5,ACTION,,,,,win,2,Coup
Assassin,Captain,7,5,ACTION_CHALLENGE,Steal,opponent,,,win,6,pass
Assassin,Captain,7,5,BLOCK,Foreign Aid,opponent,,,win,3,pass
Assassin,Captain,7,5,BLOCK,Steal,opponent,,,win,5,pass
Assassin,Captain,7,6,ACTION,,,,,win,2,Coup
Assassin,Captain,7,6,ACTION_CHALLENGE,Steal,opponent,,,win,6,pass
Assassin,Captain,7,6,BLOCK,Foreign Aid,opponent,,,win,3,pass
Assassin,Captain,7,6,BLOCK,Steal,opponent,,,win,5,pass
Assassin,Captain,7,7,ACTION,,,,,win,2,Coup
Assassin,Captain,7,7,ACTION_CHALLENGE,Steal,opponent,,,win,6,pass
Assassin,Captain,7,7,BLOCK,Foreign Aid,opponent,,,win,3,pass
Assassin,Captain,7,7,BLOCK,Steal,opponent,,,win,5,pass
Assassin,Captain,7,8,ACTION,,,,,win,2,Coup
Assassin,Captain,7,8,ACTION_CHALLENGE,Steal,opponent,,,win,6,pass
Assassin,Captain,7,8,BLOCK,Foreign Aid,opponent,,,win,3,pass
Assassin,Captain,7,8,BLOCK,Steal,opponent,,,win,5,pass
Assassin,Captain,7,9,ACTION,,,,,win,2,Coup
Assassin,Captain,7,9,ACTION_CHALLENGE,Steal,opponent,,,win,6,pass
Assassin,Captain,7,9,BLOCK,Foreign Aid,opponent,,,win,3,pass
Assassin,Captain,7,9,BLOCK,Steal,opponent,,,win,5,pass
Assassin,Captain,7,10,ACTION,,,,,win,2,Coup
Assassin,Captain,7,11,ACTION,,,,,win,2,Coup
Assassin,Captain,8,0,LOSE_INFLUENCE,Coup,opponent,,,loss,1,reveal Assassin
Assassin,Captain,8,1,LOSE_INFLUENCE,Coup,opponent,,,loss,1,reveal Assassin
Assassin,Captain,8,2,LOSE_INFLUENCE,Coup,opponent,,,loss,1,reveal Assassin
Assassin,Captain,8,3,ACTION_CHALLENGE,Steal,opponent,,,win,6,pass
Assassin,Captain,8,3,BLOCK,Foreign Aid,opponent,,,win,3,pass
Assassin,Captain,8,3,BLOCK,Steal,opponent,,,win,5,pass
Assassin,Captain,8,3,LOSE_INFLUENCE,Coup,opponent,,,loss,1,reveal Assassin
Assassin,Captain,8,4,ACTION,,,,,win,2,Coup
Assassin,Captain,8,4,ACTION_CHALLENGE,Steal,opponent,,,win,6,pass
Assassin,Captain,8,4,BLOCK,Foreign Aid,opponent,,,win,3,pass
Assassin,Captain,8,4,BLOCK,Steal,opponent,,,win,5,pass
Assassin,Captain,8,4,LOSE_INFLUENCE,Coup,opponent,,,loss,1,reveal Assassin
Assassin,Captain,8,5,ACTION,,,,,win,2,Coup
Assassin,Captain,8,5,ACTION_CHALLENGE,Steal,opponent,,,win,6,pass
Assassin,Captain,8,5,BLOCK,Foreign Aid,opponent,,,win,3,pass
Assassin,Captain,8,5,BLOCK,Steal,opponent,,,win,5,pass
Assassin,Captain,8,6,ACTION,,,,,win,2,Coup
Assassin,Captain,8,6,ACTION_CHALLENGE,Steal,opponent,,,win,6,pass
Assassin,Captain,8,6,BLOCK,Foreign Aid,opponent,,,win,3,pass
Assassin,Captain,8,6,BLOCK,Steal,opponent,,,win,5,pass
Assassin,Captain,8,7,ACTION,,,,,win,2,Coup
Assassin,Captain,8,7,ACTION_CHALLENGE,Steal,opponent,,,win,6,pass
Assassin,Captain,8,7,BLOCK,Foreign Aid,opponent,,,win,3,pass
Assassin,Captain,8,7,BLOCK,Steal,opponent,,,win,5,pass
Assassin,Captain,8,8,ACTION,,,,,win,2,Coup
Assassin,Captain,8,8,ACTION_CHALLENGE,Steal,opponent,,,win,6,pass
Assassin,Captain,8,8,BLOCK,Foreign Aid,opponent,,,win,3,pass
Assassin,Captain,8,8,BLOCK,Steal,opponent,,,win,5,pass
Assassin,Captain,8,9,ACTION,,,,,win,2,Coup
Assassin,Captain,8,9,ACTION_CHALLENGE,Steal,opponent,,,win,6,pass
Assassin,Captain,8,9,BLOCK,Foreign Aid,opponent,,,win,3,pass
Assassin,Captain,8,9,BLOCK,Steal,opponent,,,win,5,pass
Assassin,Captain,8,10,ACTION,,,,,win,2,Coup
Assassin,Captain,8,11,ACTION,,,,,win,2,Coup
Assassin,Captain,9,0,LOSE_INFLUENCE,Coup,opponent,,,loss,1,reveal Assassin
Assassin,Captain,9,1,LOSE_INFLUENCE,Coup,opponent,,,loss,1,reveal Assassin
Assassin,Captain,9,2,LOSE_INFLUENCE,Coup,opponent,,,loss,1,reveal Assassin
Assassin,Captain,9,3,LOSE_INFLUENCE,Coup,opponent,,,loss,1,reveal Assassin
Assassin,Captain,9,4,ACTION_CHALLENGE,Steal,opponent,,,win,4,pass
Assassin,Captain,9,4,BLOCK,Foreign Aid,opponent,,,win,3,pass
Assassin,Captain,9,4,BLOCK,Steal,opponent,,,win,3,pass
Assassin,Captain,9,4,LOSE_INFLUENCE,Coup,opponent,,,loss,1,reveal Assassin
Assassin,Captain,9,5,ACTION,,,,,win,2,Coup
Assassin,Captain,9,5,ACTION_CHALLENGE,Steal,opponent,,,win,4,pass
Assassin,Captain,9,5,BLOCK,Foreign Aid,opponent,,,win,3,pass
Assassin,Captain,9,5,BLOCK,Steal,opponent,,,win,3,pass
Assassin,Captain,9,6,ACTION,,,,,win,2,Coup
Assassin,Captain,9,6,ACTION_CHALLENGE,Steal,opponent,,,win,4,pass
Assassin,Captain,9,6,BLOCK,Foreign Aid,opponent,,,win,3,pass
Assassin,Captain,9,6,BLOCK,Steal,opponent,,,win,3,pass
Assassin,Captain,9,7,ACTION,,,,,win,2,Coup
Assassin,Captain,9,7,ACTION_CHALLENGE,Steal,opponent,,,win,4,pass
Assassin,Captain,9,7,BLOCK,Foreign Aid,opponent,,,win,3,pass
Assassin,Captain,9,7,BLOCK,Steal,opponent,,,win,3,pass
Assassin,Captain,9,8,ACTION,,,,,win,2,Coup
Assassin,Captain,9,8,ACTION_CHALLENGE,Steal,opponent,,,win,4,pass
Assassin,Captain,9,8,BLOCK,Foreign Aid,opponent,,,win,3,pass
Assassin,Captain,9,8,BLOCK,Steal,opponent,,,win,3,pass
Assassin,Captain,9,9,ACTION,,,,,win,2,Coup
Assassin,Captain,9,9,ACTION_CHALLENGE,Steal,opponent,,,win,4,pass
Assassin,Captain,9,9,BLOCK,Foreign Aid,opponent,,,win,3,pass
Assassin,Captain,9,9,BLOCK,Steal,opponent,,,win,3,pass
Assassin,Captain,9,10,ACTION,,,,,win,2,Coup
Assassin,Captain,9,11,ACTION,,,,,win,2,Coup
Assassin,Captain,10,0,LOSE_INFLUENCE,Coup,opponent,,,loss,1,reveal Assassin
Assassin,Captain,10,1,LOSE_INFLUENCE,Coup,opponent,,,loss,1,reveal Assassin
Assassin,Captain,10,2,LOSE_INFLUENCE,Coup,opponent,,,loss,1,reveal Assassin
Assassin,Captain,10,3,LOSE_INFLUENCE,Coup,opponent,,,loss,1,reveal Assassin
Assassin,Captain,10,4,ACTION_CHALLENGE,Steal,opponent,,,win,4,pass
Assassin,Captain,10,4,BLOCK,Foreign Aid,opponent,,,win,3,pass
Assassin,Captain,10,4,BLOCK,Steal,opponent,,,win,3,pass
Assassin,Captain,10,4,LOSE_INFLUENCE,Coup,opponent,,,loss,1,reveal Assassin
Assassin,Captain,10,5,ACTION,,,,,win,2,Coup
Assassin,Captain,10,5,ACTION_CHALLENGE,Steal,opponent,,,win,4,pass
Assassin,Captain,10,5,BLOCK,Foreign Aid,opponent,,,win,3,pass
Assassin,Captain,10,5,BLOCK,Steal,opponent,,,win,3,pass
Assassin,Captain,10,6,ACTION,,,,,win,2,Coup
Assassin,Captain,10,6,ACTION_CHALLENGE,Steal,opponent,,,win,4,pass
Assassin,Captain,10,6,BLOCK,Foreign Aid,opponent,,,win,3,pass
Assassin,Captain,10,6,BLOCK,Steal,opponent,,,win,3,pass
Assassin,Captain,10,7,ACTION,,,,,win,2,Coup
Assassin,Captain,10,7,ACTION_CHALLENGE,Steal,opponent,,,win,4,pass
Assassin,Captain,10,7,BLOCK,Foreign Aid,opponent,,,win,3,pass
Assassin,Captain,10,7,BLOCK,Steal,opponent,,,win,3,pass
Assassin,Captain,10,8,ACTION,,,,,win,2,Coup
Assassin,Captain,10,8,ACTION_CHALLENGE,Steal,opponent,,,win,4,pass
Assassin,Captain,10,8,BLOCK,Foreign Aid,opponent,,,win,3,pass
Assassin,Captain,10,8,BLOCK,Steal,opponent,,,win,3,pass
Assassin,Captain,10,9,ACTION,,,,,win,2,Coup
Assassin,Captain,10,9,ACTION_CHALLENGE,Steal,opponent,,,win,4,pass
Assassin,Captain,10,9,BLOCK,Foreign Aid,opponent,,,win,3,pass
Assassin,Captain,10,9,BLOCK,Steal,opponent,,,win,3,pass
Assassin,Captain,10,10,ACTION,,,,,win,2,Coup
Assassin,Captain,10,11,ACTION,,,,,win,2,Coup
Assassin,Captain,11,0,LOSE_INFLUENCE,Coup,opponent,,,loss,1,reveal Assassin
Assassin,Captain,11,1,LOSE_INFLUENCE,Coup,opponent,,,loss,1,reveal Assassin
Assassin,Captain,11,2,LOSE_INFLUENCE,Coup,opponent,,,loss,1,reveal Assassin
Assassin,Captain,11,3,LOSE_INFLUENCE,Coup,opponent,,,loss,1,reveal Assassin
Assassin,Captain,11,4,LOSE_INFLUENCE,Coup,opponent,,,loss,1,reveal Assassin
Assassin,Captain,11,5,ACTION_CHALLENGE,Steal,opponent,,,win,4,pass
Assassin,Captain,11,5,BLOCK,Foreign Aid,opponent,,,win,3,pass
Assassin,Captain,11,5,BLOCK,Steal,opponent,,,win,3,pass
Assassin,Captain,11,6,ACTION,,,,,win,2,Coup
Assassin,Captain,11,6,ACTION_CHALLENGE,Steal,opponent,,,win,4,pass
Assassin,Captain,11,6,BLOCK,Foreign Aid,opponent,,,win,3,pass
Assassin,Captain,11,6,BLOCK,Steal,opponent,,,win,3,pass
Assassin,Captain,11,7,ACTION,,,,,win,2,Coup
Assassin,Captain,11,7,ACTION_CHALLENGE,Steal,opponent,,,win,4,pass
Assassin,Captain,11,7,BLOCK,Foreign Aid,opponent,,,win,3,pass
Assassin,Captain,11,7,BLOCK,Steal,opponent,,,win,3,pass
Assassin,Captain,11,8,ACTION,,,,,win,2,Coup
Assassin,Captain,11,8,ACTION_CHALLENGE,Steal,opponent,,,win,4,pass
Assassin,Captain,11,8,BLOCK,Foreign Aid,opponent,,,win,3,pass
Assassin,Captain,11,8,BLOCK,Steal,opponent,,,win,3,pass
Assassin,Captain,11,9,ACTION,,,,,win,2,Coup
Assassin,Captain,11,9,ACTION_CHALLENGE,Steal,opponent,,,win,4,pass
Assassin,Captain,11,9,BLOCK,Foreign Aid,opponent,,,win,3,pass
Assassin,Captain,11,9,BLOCK,Steal,opponent,,,win,3,pass
Assassin,Captain,11,10,ACTION,,,,,win,2,Coup
Assassin,Captain,11,11,ACTION,,,,,win,2,Coup
Assassin,Contessa,0,0,ACTION,,,,,win,17,Income|Foreign Aid
Assassin,Contessa,0,0,BLOCK,Foreign Aid,opponent,,,loss,18,pass
Assassin,Contessa,0,0,LOSE_INFLUENCE,Coup,opponent,,,loss,1,reveal Assassin
Assassin,Contessa,0,1,ACTION,,,,,loss,18,Foreign Aid
Assassin,Contessa,0,1,LOSE_INFLUENCE,Coup,opponent,,,loss,1,reveal Assassin
Assassin,Contessa,0,2,ACTION,,,,,loss,17,Foreign Aid
Assassin,Contessa,0,2,BLOCK,Foreign Aid,opponent,,,loss,14,pass
Assassin,Contessa,0,2,BLOCK_CHALLENGE,Assassinate,self,Contessa,opponent,loss,16,pass
Assassin,Contessa,0,2,LOSE_INFLUENCE,Coup,opponent,,,loss,1,reveal Assassin
Assassin,Contessa,0,3,ACTION,,,,,loss,14,Foreign Aid
Assassin,Contessa,0,3,BLOCK,Foreign Aid,opponent,,,loss,9,pass
Assassin,Contessa,0,3,BLOCK_CHALLENGE,Assassinate,self,Contessa,opponent,loss,11,pass
Assassin,Contessa,0,3,LOSE_INFLUENCE,Coup,opponent,,,loss,1,reveal Assassin
Assassin,Contessa,0,4,ACTION,,,,,loss,13,Foreign Aid
Assassin,Contessa,0,4,BLOCK,Foreign Aid,opponent,,,loss,8,pass
Assassin,Contessa,0,4,BLOCK_CHALLENGE,Assassinate,self,Contessa,opponent,loss,10,pass
Assassin,Contessa,0,4,LOSE_INFLUENCE,Coup,opponent,,,loss,1,reveal Assassin
Assassin,Contessa,0,5,ACTION,,,,,loss,8,Foreign Aid
Assassin,Contessa,0,5,BLOCK,Foreign Aid,opponent,,,loss,5,pass
Assassin,Contessa,0,5,BLOCK_CHALLENGE,Assassinate,self,Contessa,opponent,loss,7,pass
Assassin,Contessa,0,6,ACTION,,,,,loss,7,Foreign Aid
Assassin,Contessa,0,6,BLOCK,Foreign Aid,opponent,,,loss,5,pass
Assassin,Contessa,0,6,BLOCK_CHALLENGE,Assassinate,self,Contessa,opponent,loss,6,pass
Assassin,Contessa,0,7,ACTION,,,,,loss,4,Foreign Aid
Assassin,Contessa,0,7,BLOCK,Foreign Aid,opponent,,,loss,5,pass
Assassin,Contessa,0,7,BLOCK_CHALLENGE,Assassinate,self,Contessa,opponent,loss,3,pass
Assassin,Contessa,0,8,ACTION,,,,,loss,4,Foreign Aid
Assassin,Contessa,0,8,BLOCK,Foreign Aid,opponent,,,loss,5,pass
Assassin,Contessa,0,8,BLOCK_CHALLENGE,Assassinate,self,Contessa,opponent,loss,3,pass
Assassin,Contessa,0,9,ACTION,,,,,loss,4,Foreign Aid
Assassin,Contessa,0,9,BLOCK,Foreign Aid,opponent,,,loss,5,pass
Assassin,Contessa,0,9,BLOCK_CHALLENGE,Assassinate,self,Contessa,opponent,loss,3,pass
Assassin,Contessa,0,10,ACTION,,,,,loss,4,Foreign Aid
Assassin,Contessa,0,10,BLOCK_CHALLENGE,Assassinate,self,Contessa,opponent,loss,3,pass
Assassin,Contessa,0,11,ACTION,,,,,loss,4,Foreign Aid
Assassin,Contessa,0,11,BLOCK_CHALLENGE,Assassinate,self,Contessa,opponent,loss,3,pass
Assassin,Contessa,1,0,BLOCK,Foreign Aid,opponent,,,win,15,pass
Assassin,Contessa,1,0,LOSE_INFLUENCE,Coup,opponent,,,loss,1,reveal Assassin
Assassin,Contessa,1,1,ACTION,,,,,win,14,Foreign Aid
Assassin,Contessa,1,1,BLOCK,Foreign Aid,opponent,,,loss,15,pass
Assassin,Contessa,1,1,LOSE_INFLUENCE,Coup,opponent,,,loss,1,reveal Assassin
Assassin,Contessa,1,2,ACTION,,,,,win,14,Foreign Aid
Assassin,Contessa,1,2,BLOCK,Foreign Aid,opponent,,,loss,14,pass
Assassin,Contessa,1,2,BLOCK_CHALLENGE,Assassinate,self,Contessa,opponent,loss,16,pass
Assassin,Contessa,1,2,LOSE_INFLUENCE,Coup,opponent,,,loss,1,reveal Assassin
Assassin,Contessa,1,3,ACTION,,,,,loss,14,Foreign Aid
Assassin,Contessa,1,3,BLOCK,Foreign Aid,opponent,,,loss,11,pass
Assassin,Contessa,1,3,BLOCK_CHALLENGE,Assassinate,self,Contessa,opponent,loss,13,pass
Assassin,Contessa,1,3,LOSE_INFLUENCE,Coup,opponent,,,loss,1,reveal Assassin
Assassin,Contessa,1,4,ACTION,,,,,loss,13,Foreign Aid
Assassin,Contessa,1,4,BLOCK,Foreign Aid,opponent,,,loss,10,pass
Assassin,Contessa,1,4,BLOCK_CHALLENGE,Assassinate,self,Contessa,opponent,loss,12,pass
Assassin,Contessa,1,4,LOSE_INFLUENCE,Coup,opponent,,,loss,1,reveal Assassin
Assassin,Contessa,1,5,ACTION,,,,,loss,10,Foreign Aid
Assassin,Contessa,1,5,BLOCK,Foreign Aid,opponent,,,loss,5,pass
Assassin,Contessa,1,5,BLOCK_CHALLENGE,Assassinate,self,Contessa,opponent,loss,7,pass
Assassin,Contessa,1,6,ACTION,,,,,loss,9,Foreign Aid
Assassin,Contessa,1,6,BLOCK,Foreign Aid,opponent,,,loss,5,pass
Assassin,Contessa,1,6,BLOCK_CHALLENGE,Assassinate,self,Contessa,opponent,loss,6,pass
Assassin,Contessa,1,7,ACTION,,,,,loss,4,Foreign Aid
Assassin,Contessa,1,7,BLOCK,Foreign Aid,opponent,,,loss,5,pass
Assassin,Contessa,1,7,BLOCK_CHALLENGE,Assassinate,self,Contessa,opponent,loss,3,pass
Assassin,Contessa,1,8,ACTION,,,,,loss,4,Foreign Aid
Assassin,Contessa,1,8,BLOCK,Foreign Aid,opponent,,,loss,5,pass
Assassin,Contessa,1,8,BLOCK_CHALLENGE,Assassinate,self,Contessa,opponent,loss,3,pass
Assassin,Contessa,1,9,ACTION,,,,,loss,4,Foreign Aid
Assassin,Contessa,1,9,BLOCK,Foreign Aid,opponent,,,loss,5,pass
Assassin,Contessa,1,9,BLOCK_CHALLENGE,Assassinate,self,Contessa,opponent,loss,3,pass
Assassin,Contessa,1,10,ACTION,,,,,loss,4,Foreign Aid
Assassin,Contessa,1,10,BLOCK_CHALLENGE,Assassinate,self,Contessa,opponent,loss,3,pass
Assassin,Contessa,1,11,ACTION,,,,,loss,4,Foreign Aid
Assassin,Contessa,1,11,BLOCK_CHALLENGE,Assassinate,self,Contessa,opponent,loss,3,pass
Assassin,Contessa,2,0,BLOCK,Foreign Aid,opponent,,,win,14,pass
Assassin,Contessa,2,0,LOSE_INFLUENCE,Coup,opponent,,,loss,1,reveal Assassin
Assassin,Contessa,2,1,ACTION,,,,,win,13,Income|Foreign Aid
Assassin,Contessa,2,1,BLOCK,Foreign Aid,opponent,,,loss,15,pass
Assassin,Contessa,2,1,LOSE_INFLUENCE,Coup,opponent,,,loss,1,reveal Assassin
Assassin,Contessa,2,2,ACTION,,,,,win,13,Income|Foreign Aid
Assassin,Contessa,2,2,BLOCK,Foreign Aid,opponent,,,loss,14,pass
Assassin,Contessa,2,2,LOSE_INFLUENCE,Coup,opponent,,,loss,1,reveal Assassin
Assassin,Contessa,2,3,ACTION,,,,,loss,14,Foreign Aid
Assassin,Contessa,2,3,BLOCK,Foreign Aid,opponent,,,loss,11,pass
Assassin,Contessa,2,3,BLOCK_CHALLENGE,Assassinate,self,Contessa,opponent,loss,13,pass
Assassin,Contessa,2,3,LOSE_INFLUENCE,Coup,opponent,,,loss,1,reveal Assassin
Assassin,Contessa,2,4,ACTION,,,,,loss,13,Foreign Aid
Assassin,Contessa,2,4,BLOCK,Foreign Aid,opponent,,,loss,10,pass
Assassin,Contessa,2,4,BLOCK_CHALLENGE,Assassinate,self,Contessa,opponent,loss,12,pass
Assassin,Contessa,2,4,LOSE_INFLUENCE,Coup,opponent,,,loss,1,reveal Assassin
Assassin,Contessa,2,5,ACTION,,,,,loss,10,Foreign Aid
Assassin,Contessa,2,5,BLOCK,Foreign Aid,opponent,,,loss,5,pass
Assassin,Contessa,2,5,BLOCK_CHALLENGE,Assassinate,self,Contessa,opponent,loss,7,pass
Assassin,Contessa,2,6,ACTION,,,,,loss,9,Foreign Aid
Assassin,Contessa,2,6,BLOCK,Foreign Aid,opponent,,,loss,5,pass
Assassin,Contessa,2,6,BLOCK_CHALLENGE,Assassinate,self,Contessa,opponent,loss,6,pass
Assassin,Contessa,2,7,ACTION,,,,,loss,4,Foreign Aid
Assassin,Contessa,2,7,BLOCK,Foreign Aid,opponent,,,loss,5,pass
Assassin,Contessa,2,7,BLOCK_CHALLENGE,Assassinate,self,Contessa,opponent,loss,3,pass
Assassin,Contessa,2,8,ACTION,,,,,loss,4,Foreign Aid
Assassin,Contessa,2,8,BLOCK,Foreign Aid,opponent,,,loss,5,pass
Assassin,Contessa,2,8,BLOCK_CHALLENGE,Assassinate,self,Contessa,opponent,loss,3,pass
Assassin,Contessa,2,9,ACTION,,,,,loss,4,Foreign Aid
Assassin,Contessa,2,9,BLOCK,Foreign Aid,opponent,,,loss,5,pass
Assassin,Contessa,2,9,BLOCK_CHALLENGE,Assassinate,self,Contessa,opponent,loss,3,pass
Assassin,Contessa,2,10,ACTION,,,,,loss,4,Foreign Aid
Assassin,Contessa,2,10,BLOCK_CHALLENGE,Assassinate,self,Contessa,opponent,loss,3,pass
Assassin,Contessa,2,11,ACTION,,,,,loss,4,Foreign Aid
Assassin,Contessa,2,11,BLOCK_CHALLENGE,Assassinate,self,Contessa,opponent,loss,3,pass
Assassin,Contessa,3,0,LOSE_INFLUENCE,Coup,opponent,,,loss,1,reveal Assassin
Assassin,Contessa,3,1,BLOCK,Foreign Aid,opponent,,,win,11,pass
Assassin,Contessa,3,1,LOSE_INFLUENCE,Coup,opponent,,,loss,1,reveal Assassin
Assassin,Contessa,3,2,ACTION,,,,,win,10,Foreign Aid
Assassin,Contessa,3,2,BLOCK,Foreign Aid,opponent,,,win,11,pass
Assassin,Contessa,3,2,LOSE_INFLUENCE,Coup,opponent,,,loss,1,reveal Assassin
Assassin,Contessa,3,3,ACTION,,,,,win,10,Foreign Aid
Assassin,Contessa,3,3,BLOCK,Foreign Aid,opponent,,,loss,11,pass
Assassin,Contessa,3,3,BLOCK_CHALLENGE,Assassinate,self,Contessa,opponent,loss,13,pass
Assassin,Contessa,3,3,LOSE_INFLUENCE,Coup,opponent,,,loss,1,reveal Assassin
Assassin,Contessa,3,4,ACTION,,,,,win,10,Foreign Aid
Assassin,Contessa,3,4,BLOCK,Foreign Aid,opponent,,,loss,10,pass
Assassin,Contessa,3,4,BLOCK_CHALLENGE,Assassinate,self,Contessa,opponent,loss,12,pass
Assassin,Contessa,3,4,LOSE_INFLUENCE,Coup,opponent,,,loss,1,reveal Assassin
Assassin,Contessa,3,5,ACTION,,,,,loss,10,Foreign Aid|Assassinate
Assassin,Contessa,3,5,BLOCK,Foreign Aid,opponent,,,loss,7,pass
Assassin,Contessa,3,5,BLOCK_CHALLENGE,Assassinate,self,Contessa,opponent,loss,9,pass
Assassin,Contessa,3,6,ACTION,,,,,loss,9,Foreign Aid|Assassinate
Assassin,Contessa,3,6,BLOCK,Foreign Aid,opponent,,,loss,7,pass
Assassin,Contessa,3,6,BLOCK_CHALLENGE,Assassinate,self,Contessa,opponent,loss,8,pass
Assassin,Contessa,3,7,ACTION,,,,,loss,6,Assassinate
Assassin,Contessa,3,7,BLOCK,Foreign Aid,opponent,,,loss,7,pass
Assassin,Contessa,3,7,BLOCK_CHALLENGE,Assassinate,self,Contessa,opponent,loss,3,pass
Assassin,Contessa,3,8,ACTION,,,,,loss,6,Assassinate
Assassin,Contessa,3,8,BLOCK,Foreign Aid,opponent,,,loss,7,pass
Assassin,Contessa,3,8,BLOCK_CHALLENGE,Assassinate,self,Contessa,opponent,loss,3,pass
Assassin,Contessa,3,9,ACTION,,,,,loss,6,Assassinate
Assassin,Contessa,3,9,BLOCK,Foreign Aid,opponent,,,loss,7,pass
Assassin,Contessa,3,9,BLOCK_CHALLENGE,Assassinate,self,Contessa,opponent,loss,3,pass
Assassin,Contessa,3,10,ACTION,,,,,loss,6,Assassinate
Assassin,Contessa,3,10,BLOCK_CHALLENGE,Assassinate,self,Contessa,opponent,loss,3,pass
Assassin,Contessa,3,11,ACTION,,,,,loss,6,Assassinate
Assassin,Contessa,3,11,BLOCK_CHALLENGE,Assassinate,self,Contessa,opponent,loss,3,pass
Assassin,Contessa,4,0,LOSE_INFLUENCE,Coup,opponent,,,loss,1,reveal Assassin
Assassin,Contessa,4,1,BLOCK,Foreign Aid,opponent,,,win,10,pass
Assassin,Contessa,4,1,LOSE_INFLUENCE,Coup,opponent,,,loss,1,reveal Assassin
Assassin,Contessa,4,2,ACTION,,,,,win,9,Income|Foreign Aid
Assassin,Contessa,4,2,BLOCK,Foreign Aid,opponent,,,win,10,pass
Assassin,Contessa,4,2,LOSE_INFLUENCE,Coup,opponent,,,loss,1,reveal Assassin
Assassin,Contessa,4,3,ACTION,,,,,win,9,Income|Foreign Aid
Assassin,Contessa,4,3,BLOCK,Foreign Aid,opponent,,,loss,11,pass
Assassin,Contessa,4,3,LOSE_INFLUENCE,Coup,opponent,,,loss,1,reveal Assassin
Assassin,Contessa,4,4,ACTION,,,,,win,9,Income|Foreign Aid
Assassin,Contessa,4,4,BLOCK,Foreign Aid,opponent,,,loss,10,pass
Assassin,Contessa,4,4,BLOCK_CHALLENGE,Assassinate,self,Contessa,opponent,loss,12,pass
Assassin,Contessa,4,4,LOSE_INFLUENCE,Coup,opponent,,,loss,1,reveal Assassin
Assassin,Contessa,4,5,ACTION,,,,,loss,10,Foreign Aid|Assassinate
Assassin,Contessa,4,5,BLOCK,Foreign Aid,opponent,,,loss,7,pass
Assassin,Contessa,4,5,BLOCK_CHALLENGE,Assassinate,self,Contessa,opponent,loss,9,pass
Assassin,Contessa,4,6,ACTION,,,,,loss,9,Foreign Aid|Assassinate
Assassin,Contessa,4,6,BLOCK,Foreign Aid,opponent,,,loss,7,pass
Assassin,Contessa,4,6,BLOCK_CHALLENGE,Assassinate,self,Contessa,opponent,loss,8,pass
Assassin,Contessa,4,7,ACTION,,,,,loss,6,Assassinate
Assassin,Contessa,4,7,BLOCK,Foreign Aid,opponent,,,loss,7,pass
Assassin,Contessa,4,7,BLOCK_CHALLENGE,Assassinate,self,Contessa,opponent,loss,3,pass
Assassin,Contessa,4,8,ACTION,,,,,loss,6,Assassinate
Assassin,Contessa,4,8,BLOCK,Foreign Aid,opponent,,,loss,7,pass
Assassin,Contessa,4,8,BLOCK_CHALLENGE,Assassinate,self,Contessa,opponent,loss,3,pass
Assassin,Contessa,4,9,ACTION,,,,,loss,6,Assassinate
Assassin,Contessa,4,9,BLOCK,Foreign Aid,opponent,,,loss,7,pass
Assassin,Contessa,4,9,BLOCK_CHALLENGE,Assassinate,self,Contessa,opponent,loss,3,pass
Assassin,Contessa,4,10,ACTION,,,,,loss,6,Assassinate
Assassin,Contessa,4,10,BLOCK_CHALLENGE,Assassinate,self,Contessa,opponent,loss,3,pass
Assassin,Contessa,4,11,ACTION,,,,,loss,6,Assassinate
Assassin,Contessa,4,11,BLOCK_CHALLENGE,Assassinate,self,Contessa,opponent,loss,3,pass
Assassin,Contessa,5,0,LOSE_INFLUENCE,Coup,opponent,,,loss,1,reveal Assassin
Assassin,Contessa,5,1,LOSE_INFLUENCE,Coup,opponent,,,loss,1,reveal Assassin
Assassin,Contessa,5,2,BLOCK,Foreign Aid,opponent,,,win,7,pass
Assassin,Contessa,5,2,LOSE_INFLUENCE,Coup,opponent,,,loss,1,reveal Assassin
Assassin,Contessa,5,3,ACTION,,,,,win,6,Foreign Aid
Assassin,Contessa,5,3,BLOCK,Foreign Aid,opponent,,,win,7,pass
Assassin,Contessa,5,3,LOSE_INFLUENCE,Coup,opponent,,,loss,1,reveal Assassin
Assassin,Contessa,5,4,ACTION,,,,,win,6,Foreign Aid
Assassin,Contessa,5,4,BLOCK,Foreign Aid,opponent,,,win,7,pass
Assassin,Contessa,5,4,BLOCK_CHALLENGE,Assassinate,self,Contessa,opponent,win,9,pass
Assassin,Contessa,5,4,LOSE_INFLUENCE,Coup,opponent,,,loss,1,reveal Assassin
Assassin,Contessa,5,5,ACTION,,,,,win,6,Foreign Aid
Assassin,Contessa,5,5,BLOCK,Foreign Aid,opponent,,,loss,7,pass
Assassin,Contessa,5,5,BLOCK_CHALLENGE,Assassinate,self,Contessa,opponent,loss,9,pass
Assassin,Contessa,5,6,ACTION,,,,,win,6,Foreign Aid
Assassin,Contessa,5,6,BLOCK,Foreign Aid,opponent,,,loss,7,pass
Assassin,Contessa,5,6,BLOCK_CHALLENGE,Assassinate,self,Contessa,opponent,loss,8,pass
Assassin,Contessa,5,7,ACTION,,,,,loss,6,Assassinate
Assassin,Contessa,5,7,BLOCK,Foreign Aid,opponent,,,loss,7,pass
Assassin,Contessa,5,7,BLOCK_CHALLENGE,Assassinate,self,Contessa,opponent,loss,3,pass
Assassin,Contessa,5,8,ACTION,,,,,loss,6,Assassinate
Assassin,Contessa,5,8,BLOCK,Foreign Aid,opponent,,,loss,7,pass
Assassin,Contessa,5,8,BLOCK_CHALLENGE,Assassinate,self,Contessa,opponent,loss,3,pass
Assassin,Contessa,5,9,ACTION,,,,,loss,6,Assassinate
Assassin,Contessa,5,9,BLOCK,Foreign Aid,opponent,,,loss,7,pass
Assassin,Contessa,5,9,BLOCK_CHALLENGE,Assassinate,self,Contessa,opponent,loss,3,pass
Assassin,Contessa,5,10,ACTION,,,,,loss,6,Assassinate
Assassin,Contessa,5,10,BLOCK_CHALLENGE,Assassinate,self,Contessa,opponent,loss,3,pass
Assassin,Contessa,5,11,ACTION,,,,,loss,6,Assassinate
Assassin,Contessa,5,11,BLOCK_CHALLENGE,Assassinate,self,Contessa,opponent,loss,3,pass
Assassin,Contessa,6,0,LOSE_INFLUENCE,Coup,opponent,,,loss,1,reveal Assassin
Assassin,Contessa,6,1,LOSE_INFLUENCE,Coup,opponent,,,loss,1,reveal Assassin
Assassin,Contessa,6,2,BLOCK,Foreign Aid,opponent,,,win,6,pass
Assassin,Contessa,6,2,LOSE_INFLUENCE,Coup,opponent,,,loss,1,reveal Assassin
Assassin,Contessa,6,3,ACTION,,,,,win,5,Income
Assassin,Contessa,6,3,BLOCK,Foreign Aid,opponent,,,win,6,pass
Assassin,Contessa,6,3,LOSE_INFLUENCE,Coup,opponent,,,loss,1,reveal Assassin
Assassin,Contessa,6,4,ACTION,,,,,win,5,Income
Assassin,Contessa,6,4,BLOCK,Foreign Aid,opponent,,,win,6,pass
Assassin,Contessa,6,4,LOSE_INFLUENCE,Coup,opponent,,,loss,1,reveal Assassin
Assassin,Contessa,6,5,ACTION,,,,,win,5,Income
Assassin,Contessa,6,5,BLOCK,Foreign Aid,opponent,,,loss,7,pass
Assassin,Contessa,6,5,BLOCK_CHALLENGE,Assassinate,self,Contessa,opponent,loss,9,pass
Assassin,Contessa,6,6,ACTION,,,,,win,5,Income
Assassin,Contessa,6,6,BLOCK,Foreign Aid,opponent,,,loss,7,pass
Assassin,Contessa,6,6,BLOCK_CHALLENGE,Assassinate,self,Contessa,opponent,loss,8,pass
Assassin,Contessa,6,7,ACTION,,,,,loss,6,Assassinate
Assassin,Contessa,6,7,BLOCK,Foreign Aid,opponent,,,loss,7,pass
Assassin,Contessa,6,7,BLOCK_CHALLENGE,Assassinate,self,Contessa,opponent,loss,3,pass
Assassin,Contessa,6,8,ACTION,,,,,loss,6,Assassinate
Assassin,Contessa,6,8,BLOCK,Foreign Aid,opponent,,,loss,7,pass
Assassin,Contessa,6,8,BLOCK_CHALLENGE,Assassinate,self,Contessa,opponent,loss,3,pass
Assassin,Contessa,6,9,ACTION,,,,,loss,6,Assassinate
Assassin,Contessa,6,9,BLOCK,Foreign Aid,opponent,,,loss,7,pass
Assassin,Contessa,6,9,BLOCK_CHALLENGE,Assassinate,self,Contessa,opponent,loss,3,pass
Assassin,Contessa,6,10,ACTION,,,,,loss,6,Assassinate
Assassin,Contessa,6,10,BLOCK_CHALLENGE,Assassinate,self,Contessa,opponent,loss,3,pass
Assassin,Contessa,6,11,ACTION,,,,,loss,6,Assassinate
Assassin,Contessa,6,11,BLOCK_CHALLENGE,Assassinate,self,Contessa,opponent,loss,3,pass
Assassin,Contessa,7,0,LOSE_INFLUENCE,Coup,opponent,,,loss,1,reveal Assassin
Assassin,Contessa,7,1,LOSE_INFLUENCE,Coup,opponent,,,loss,1,reveal Assassin
Assassin,Contessa,7,2,LOSE_INFLUENCE,Coup,opponent,,,loss,1,reveal Assassin
Assassin,Contessa,7,3,BLOCK,Foreign Aid,opponent,,,win,3,pass
Assassin,Contessa,7,3,LOSE_INFLUENCE,Coup,opponent,,,loss,1,reveal Assassin
Assassin,Contessa,7,4,ACTION,,,,,win,2,Coup
Assassin,Contessa,7,4,BLOCK,Foreign Aid,opponent,,,win,3,pass
Assassin,Contessa,7,4,LOSE_INFLUENCE,Coup,opponent,,,loss,1,reveal Assassin
Assassin,Contessa,7,5,ACTION,,,,,win,2,Coup
Assassin,Contessa,7,5,BLOCK,Foreign Aid,opponent,,,win,3,pass
Assassin,Contessa,7,6,ACTION,,,,,win,2,Coup
Assassin,Contessa,7,6,BLOCK,Foreign Aid,opponent,,,win,3,pass
Assassin,Contessa,7,7,ACTION,,,,,win,2,Coup
Assassin,Contessa,7,7,BLOCK,Foreign Aid,opponent,,,win,3,pass
Assassin,Contessa,7,8,ACTION,,,,,win,2,Coup
Assassin,Contessa,7,8,BLOCK,Foreign Aid,opponent,,,win,3,pass
Assassin,Contessa,7,9,ACTION,,,,,win,2,Coup
Assassin,Contessa,7,9,BLOCK,Foreign Aid,opponent,,,win,3,pass
Assassin,Contessa,7,10,ACTION,,,,,win,2,Coup
Assassin,Contessa,7,11,ACTION,,,,,win,2,Coup
Assassin,Contessa,8,0,LOSE_INFLUENCE,Coup,opponent,,,loss,1,reveal Assassin
Assassin,Contessa,8,1,LOSE_INFLUENCE,Coup,opponent,,,loss,1,reveal Assassin
Assassin,Contessa,8,2,LOSE_INFLUENCE,Coup,opponent,,,loss,1,reveal Assassin
Assassin,Contessa,8,3,BLOCK,Foreign Aid,opponent,,,win,3,pass
Assassin,Contessa,8,3,LOSE_INFLUENCE,Coup,opponent,,,loss,1,reveal Assassin
Assassin,Contessa,8,4,ACTION,,,,,win,2,Coup
Assassin,Contessa,8,4,BLOCK,Foreign Aid,opponent,,,win,3,pass
Assassin,Contessa,8,4,LOSE_INFLUENCE,Coup,opponent,,,loss,1,reveal Assassin
Assassin,Contessa,8,5,ACTION,,,,,win,2,Coup
Assassin,Contessa,8,5,BLOCK,Foreign Aid,opponent,,,win,3,pass
Assassin,Contessa,8,6,ACTION,,,,,win,2,Coup
Assassin,Contessa,8,6,BLOCK,Foreign Aid,opponent,,,win,3,pass
Assassin,Contessa,8,7,ACTION,,,,,win,2,Coup
Assassin,Contessa,8,7,BLOCK,Foreign Aid,opponent,,,win,3,pass
Assassin,Contessa,8,8,ACTION,,,,,win,2,Coup
Assassin,Contessa,8,8,BLOCK,Foreign Aid,opponent,,,win,3,pass
Assassin,Contessa,8,9,ACTION,,,,,win,2,Coup
Assassin,Contessa,8,9,BLOCK,Foreign Aid,opponent,,,win,3,pass
Assassin,Contessa,8,10,ACTION,,,,,win,2,Coup
Assassin,Contessa,8,11,ACTION,,,,,win,2,Coup
Assassin,Contessa,9,0,LOSE_INFLUENCE,Coup,opponent,,,loss,1,reveal Assassin
Assassin,Contessa,9,1,LOSE_INFLUENCE,Coup,opponent,,,loss,1,reveal Assassin
Assassin,Contessa,9,2,LOSE_INFLUENCE,Coup,opponent,,,loss,1,reveal Assassin
Assassin,Contessa,9,3,LOSE_INFLUENCE,Coup,opponent,,,loss,1,reveal Assassin
Assassin,Contessa,9,4,BLOCK,Foreign Aid,opponent,,,win,3,pass
Assassin,Contessa,9,4,LOSE_INFLUENCE,Coup,opponent,,,loss,1,reveal Assassin
Assassin,Contessa,9,5,ACTION,,,,,win,2,Coup
Assassin,Contessa,9,5,BLOCK,Foreign Aid,opponent,,,win,3,pass
Assassin,Contessa,9,6,ACTION,,,,,win,2,Coup
Assassin,Contessa,9,6,BLOCK,Foreign Aid,opponent,,,win,3,pass
Assassin,Contessa,9,7,ACTION,,,,,win,2,Coup
Assassin,Contessa,9,7,BLOCK,Foreign Aid,opponent,,,win,3,pass
Assassin,Contessa,9,8,ACTION,,,,,win,2,Coup
Assassin,Contessa,9,8,BLOCK,Foreign Aid,opponent,,,win,3,pass
Assassin,Contessa,9,9,ACTION,,,,,win,2,Coup
Assassin,Contessa,9,9,BLOCK,Foreign Aid,opponent,,,win,3,pass
Assassin,Contessa,9,10,ACTION,,,,,win,2,Coup
Assassin,Contessa,9,11,ACTION,,,,,win,2,Coup
Assassin,Contessa,10,0,LOSE_INFLUENCE,Coup,opponent,,,loss,1,reveal Assassin
Assassin,Contessa,10,1,LOSE_INFLUENCE,Coup,opponent,,,loss,1,reveal Assassin
Assassin,Contessa,10,2,LOSE_INFLUENCE,Coup,opponent,,,loss,1,reveal Assassin
Assassin,Contessa,10,3,LOSE_INFLUENCE,Coup,opponent,,,loss,1,reveal Assassin
Assassin,Contessa,10,4,BLOCK,Foreign Aid,opponent,,,win,3,pass
Assassin,Contessa,10,4,LOSE_INFLUENCE,Coup,opponent,,,loss,1,reveal Assassin
Assassin,Contessa,10,5,ACTION,,,,,win,2,Coup
Assassin,Contessa,10,5,BLOCK,Foreign Aid,opponent,,,win,3,pass
Assassin,Contessa,10,6,ACTION,,,,,win,2,Coup
Assassin,Contessa,10,6,BLOCK,Foreign Aid,opponent,,,win,3,pass
Assassin,Contessa,10,7,ACTION,,,,,win,2,Coup
Assassin,Contessa,10,7,BLOCK,Foreign Aid,opponent,,,win,3,pass
Assassin,Contessa,10,8,ACTION,,,,,win,2,Coup
Assassin,Contessa,10,8,BLOCK,Foreign Aid,opponent,,,win,3,pass
Assassin,Contessa,10,9,ACTION,,,,,win,2,Coup
Assassin,Contessa,10,9,BLOCK,Foreign Aid,opponent,,,win,3,pass
Assassin,Contessa,10,10,ACTION,,,,,win,2,Coup
Assassin,Contessa,10,11,ACTION,,,,,win,2,Coup
Assassin,Contessa,11,0,LOSE_INFLUENCE,Coup,opponent,,,loss,1,reveal Assassin
Assassin,Contessa,11,1,LOSE_INFLUENCE,Coup,opponent,,,loss,1,reveal Assassin
Assassin,Contessa,11,2,LOSE_INFLUENCE,Coup,opponent,,,loss,1,reveal Assassin
Assassin,Contessa,11,3,LOSE_INFLUENCE,Coup,opponent,,,loss,1,reveal Assassin
Assassin,Contessa,11,4,LOSE_INFLUENCE,Coup,opponent,,,loss,1,reveal Assassin
Assassin,Contessa,11,5,BLOCK,Foreign Aid,opponent,,,win,3,pass
Assassin,Contessa,11,6,ACTION,,,,,win,2,Coup
Assassin,Contessa,11,6,BLOCK,Foreign Aid,opponent,,,win,3,pass
Assassin,Contessa,11,7,ACTION,,,,,win,2,Coup
Assassin,Contessa,11,7,BLOCK,Foreign Aid,opponent,,,win,3,pass
Assassin,Contessa,11,8,ACTION,,,,,win,2,Coup
Assassin,Contessa,11,8,BLOCK,Foreign Aid,opponent,,,win,3,pass
Assassin,Contessa,11,9,ACTION,,,,,win,2,Coup
Assassin,Contessa,11,9,BLOCK,Foreign Aid,opponent,,,win,3,pass
Assassin,Contessa,11,10,ACTION,,,,,win,2,Coup
Assassin,Contessa,11,11,ACTION,,,,,win,2,Coup
Assassin,Duke,0,0,ACTION,,,,,win,13,Income
Assassin,Duke,0,0,ACTION_CHALLENGE,Tax,opponent,,,loss,13,pass
Assassin,Duke,0,0,BLOCK,Foreign Aid,opponent,,,loss,14,pass
Assassin,Duke,0,0,BLOCK_CHALLENGE,Foreign Aid,self,Duke,opponent,loss,15,pass
Assassin,Duke,0,0,LOSE_INFLUENCE,Coup,opponent,,,loss,1,reveal Assassin
Assassin,Duke,0,1,ACTION,,,,,loss,13,Foreign Aid
Assassin,Duke,0,1,ACTION_CHALLENGE,Tax,opponent,,,loss,9,pass
Assassin,Duke,0,1,BLOCK,Foreign Aid,opponent,,,loss,13,pass
Assassin,Duke,0,1,BLOCK_CHALLENGE,Foreign Aid,self,Duke,opponent,loss,11,pass
Assassin,Duke,0,1,LOSE_INFLUENCE,Coup,opponent,,,loss,1,reveal Assassin
Assassin,Duke,0,2,ACTION,,,,,loss,13,Foreign Aid
Assassin,Duke,0,2,ACTION_CHALLENGE,Tax,opponent,,,loss,9,pass
Assassin,Duke,0,2,BLOCK,Foreign Aid,opponent,,,loss,9,pass
Assassin,Duke,0,2,BLOCK_CHALLENGE,Foreign Aid,self,Duke,opponent,loss,11,pass
Assassin,Duke,0,2,LOSE_INFLUENCE,Coup,opponent,,,loss,1,reveal Assassin
Assassin,Duke,0,3,ACTION,,,,,loss,12,Foreign Aid
Assassin,Duke,0,3,ACTION_CHALLENGE,Tax,opponent,,,loss,8,pass
Assassin,Duke,0,3,BLOCK,Foreign Aid,opponent,,,loss,9,pass
Assassin,Duke,0,3,BLOCK_CHALLENGE,Foreign Aid,self,Duke,opponent,loss,10,pass
Assassin,Duke,0,3,LOSE_INFLUENCE,Coup,opponent,,,loss,1,reveal Assassin
Assassin,Duke,0,4,ACTION,,,,,loss,8,Foreign Aid
Assassin,Duke,0,4,ACTION_CHALLENGE,Tax,opponent,,,loss,5,pass
Assassin,Duke,0,4,BLOCK,Foreign Aid,opponent,,,loss,8,pass
Assassin,Duke,0,4,BLOCK_CHALLENGE,Foreign Aid,self,Duke,opponent,loss,7,pass
Assassin,Duke,0,4,LOSE_INFLUENCE,Coup,opponent,,,loss,1,reveal Assassin
Assassin,Duke,0,5,ACTION,,,,,loss,8,Foreign Aid
Assassin,Duke,0,5,ACTION_CHALLENGE,Tax,opponent,,,loss,5,pass
Assassin,Duke,0,5,BLOCK,Foreign Aid,opponent,,,loss,5,pass
Assassin,Duke,0,5,BLOCK_CHALLENGE,Foreign Aid,self,Duke,opponent,loss,7,pass
Assassin,Duke,0,5,LOSE_INFLUENCE,Coup,opponent,,,loss,1,reveal Assassin
Assassin,Duke,0,6,ACTION,,,,,loss,7,Foreign Aid
Assassin,Duke,0,6,ACTION_CHALLENGE,Tax,opponent,,,loss,5,pass
Assassin,Duke,0,6,BLOCK,Foreign Aid,opponent,,,loss,5,pass
Assassin,Duke,0,6,BLOCK_CHALLENGE,Foreign Aid,self,Duke,opponent,loss,6,pass
Assassin,Duke,0,7,ACTION,,,,,loss,4,Foreign Aid
Assassin,Duke,0,7,ACTION_CHALLENGE,Tax,opponent,,,loss,5,pass
Assassin,Duke,0,7,BLOCK,Foreign Aid,opponent,,,loss,5,pass
Assassin,Duke,0,7,BLOCK_CHALLENGE,Foreign Aid,self,Duke,opponent,loss,3,pass
Assassin,Duke,0,8,ACTION,,,,,loss,4,Foreign Aid
Assassin,Duke,0,8,ACTION_CHALLENGE,Tax,opponent,,,loss,5,pass
Assassin,Duke,0,8,BLOCK,Foreign Aid,opponent,,,loss,5,pass
Assassin,Duke,0,8,BLOCK_CHALLENGE,Foreign Aid,self,Duke,opponent,loss,3,pass
Assassin,Duke,0,9,ACTION,,,,,loss,4,Foreign Aid
Assassin,Duke,0,9,ACTION_CHALLENGE,Tax,opponent,,,loss,5,pass
Assassin,Duke,0,9,BLOCK,Foreign Aid,opponent,,,loss,5,pass
Assassin,Duke,0,9,BLOCK_CHALLENGE,Foreign Aid,self,Duke,opponent,loss,3,pass
Assassin,Duke,0,10,ACTION,,,,,loss,4,Foreign Aid
Assassin,Duke,0,10,BLOCK_CHALLENGE,Foreign Aid,self,Duke,opponent,loss,3,pass
Assassin,Duke,0,11,ACTION,,,,,loss,4,Foreign Aid
Assassin,Duke,0,11,BLOCK_CHALLENGE,Foreign Aid,self,Duke,opponent,loss,3,pass
Assassin,Duke,0,12,ACTION,,,,,loss,4,Foreign Aid
Assassin,Duke,0,12,BLOCK_CHALLENGE,Foreign Aid,self,Duke,opponent,loss,3,pass
Assassin,Duke,1,0,ACTION_CHALLENGE,Tax,opponent,,,win,11,pass
Assassin,Duke,1,0,BLOCK,Foreign Aid,opponent,,,win,11,pass
Assassin,Duke,1,0,LOSE_INFLUENCE,Coup,opponent,,,loss,1,reveal Assassin
Assassin,Duke,1,1,ACTION,,,,,win,10,Income
Assassin,Duke,1,1,ACTION_CHALLENGE,Tax,opponent,,,loss,10,pass
Assassin,Duke,1,1,BLOCK,Foreign Aid,opponent,,,win,11,pass
Assassin,Duke,1,1,BLOCK_CHALLENGE,Foreign Aid,self,Duke,opponent,loss,12,pass
Assassin,Duke,1,1,LOSE_INFLUENCE,Coup,opponent,,,loss,1,reveal Assassin
Assassin,Duke,1,2,ACTION,,,,,win,10,Income
Assassin,Duke,1,2,ACTION_CHALLENGE,Tax,opponent,,,loss,10,pass
Assassin,Duke,1,2,BLOCK,Foreign Aid,opponent,,,loss,10,pass
Assassin,Duke,1,2,BLOCK_CHALLENGE,Foreign Aid,self,Duke,opponent,loss,12,pass
Assassin,Duke,1,2,LOSE_INFLUENCE,Coup,opponent,,,loss,1,reveal Assassin
Assassin,Duke,1,3,ACTION,,,,,win,10,Income
Assassin,Duke,1,3,ACTION_CHALLENGE,Tax,opponent,,,loss,9,pass
Assassin,Duke,1,3,BLOCK,Foreign Aid,opponent,,,loss,10,pass
Assassin,Duke,1,3,BLOCK_CHALLENGE,Foreign Aid,self,Duke,opponent,loss,11,pass
Assassin,Duke,1,3,LOSE_INFLUENCE,Coup,opponent,,,loss,1,reveal Assassin
Assassin,Duke,1,4,ACTION,,,,,loss,9,Foreign Aid
Assassin,Duke,1,4,ACTION_CHALLENGE,Tax,opponent,,,loss,5,pass
Assassin,Duke,1,4,BLOCK,Foreign Aid,opponent,,,loss,9,pass
Assassin,Duke,1,4,BLOCK_CHALLENGE,Foreign Aid,self,Duke,opponent,loss,7,pass
Assassin,Duke,1,4,LOSE_INFLUENCE,Coup,opponent,,,loss,1,reveal Assassin
Assassin,Duke,1,5,ACTION,,,,,loss,9,Foreign Aid
Assassin,Duke,1,5,ACTION_CHALLENGE,Tax,opponent,,,loss,5,pass
Assassin,Duke,1,5,BLOCK,Foreign Aid,opponent,,,loss,5,pass
Assassin,Duke,1,5,BLOCK_CHALLENGE,Foreign Aid,self,Duke,opponent,loss,7,pass
Assassin,Duke,1,5,LOSE_INFLUENCE,Coup,opponent,,,loss,1,reveal Assassin
Assassin,Duke,1,6,ACTION,,,,,loss,8,Foreign Aid
Assassin,Duke,1,6,ACTION_CHALLENGE,Tax,opponent,,,loss,5,pass
Assassin,Duke,1,6,BLOCK,Foreign Aid,opponent,,,loss,5,pass
Assassin,Duke,1,6,BLOCK_CHALLENGE,Foreign Aid,self,Duke,opponent,loss,6,pass
Assassin,Duke,1,7,ACTION,,,,,loss,4,Foreign Aid
Assassin,Duke,1,7,ACTION_CHALLENGE,Tax,opponent,,,loss,5,pass
Assassin,Duke,1,7,BLOCK,Foreign Aid,opponent,,,loss,5,pass
Assassin,Duke,1,7,BLOCK_CHALLENGE,Foreign Aid,self,Duke,opponent,loss,3,pass
Assassin,Duke,1,8,ACTION,,,,,loss,4,Foreign Aid
Assassin,Duke,1,8,ACTION_CHALLENGE,Tax,opponent,,,loss,5,pass
Assassin,Duke,1,8,BLOCK,Foreign Aid,opponent,,,loss,5,pass
Assassin,Duke,1,8,BLOCK_CHALLENGE,Foreign Aid,self,Duke,opponent,loss,3,pass
Assassin,Duke,1,9,ACTION,,,,,loss,4,Foreign Aid
Assassin,Duke,1,9,ACTION_CHALLENGE,Tax,opponent,,,loss,5,pass
Assassin,Duke,1,9,BLOCK,Foreign Aid,opponent,,,loss,5,pass
Assassin,Duke,1,9,BLOCK_CHALLENGE,Foreign Aid,self,Duke,opponent,loss,3,pass
Assassin,Duke,1,10,ACTION,,,,,loss,4,Foreign Aid
Assassin,Duke,1,10,BLOCK_CHALLENGE,Foreign Aid,self,Duke,opponent,loss,3,pass
Assassin,Duke,1,11,ACTION,,,,,loss,4,Foreign Aid
Assassin,Duke,1,11,BLOCK_CHALLENGE,Foreign Aid,self,Duke,opponent,loss,3,pass
Assassin,Duke,1,12,ACTION,,,,,loss,4,Foreign Aid
Assassin,Duke,1,12,BLOCK_CHALLENGE,Foreign Aid,self,Duke,opponent,loss,3,pass
Assassin,Duke,2,0,ACTION_CHALLENGE,Tax,opponent,,,win,8,pass
Assassin,Duke,2,0,BLOCK,Foreign Aid,opponent,,,win,8,pass
Assassin,Duke,2,0,LOSE_INFLUENCE,Coup,opponent,,,loss,1,reveal Assassin
Assassin,Duke,2,1,ACTION,,,,,win,7,Income
Assassin,Duke,2,1,ACTION_CHALLENGE,Tax,opponent,,,win,8,pass
Assassin,Duke,2,1,BLOCK,Foreign Aid,opponent,,,win,8,pass
Assassin,Duke,2,1,BLOCK_CHALLENGE,Foreign Aid,self,Duke,opponent,win,10,pass
Assassin,Duke,2,1,LOSE_INFLUENCE,Coup,opponent,,,loss,1,reveal Assassin
Assassin,Duke,2,2,ACTION,,,,,win,7,Income
Assassin,Duke,2,2,ACTION_CHALLENGE,Tax,opponent,,,win,8,pass
Assassin,Duke,2,2,BLOCK,Foreign Aid,opponent,,,win,8,pass
Assassin,Duke,2,2,BLOCK_CHALLENGE,Foreign Aid,self,Duke,opponent,win,10,pass
Assassin,Duke,2,2,LOSE_INFLUENCE,Coup,opponent,,,loss,1,reveal Assassin
Assassin,Duke,2,3,ACTION,,,,,win,7,Income
Assassin,Duke,2,3,ACTION_CHALLENGE,Tax,opponent,,,win,8,pass
Assassin,Duke,2,3,BLOCK,Foreign Aid,opponent,,,win,8,pass
Assassin,Duke,2,3,BLOCK_CHALLENGE,Foreign Aid,self,Duke,opponent,win,10,pass
Assassin,Duke,2,3,LOSE_INFLUENCE,Coup,opponent,,,loss,1,reveal Assassin
Assassin,Duke,2,4,ACTION,,,,,win,7,Income
Assassin,Duke,2,4,ACTION_CHALLENGE,Tax,opponent,,,loss,5,pass
Assassin,Duke,2,4,BLOCK,Foreign Aid,opponent,,,win,8,pass
Assassin,Duke,2,4,BLOCK_CHALLENGE,Foreign Aid,self,Duke,opponent,loss,7,pass
Assassin,Duke,2,4,LOSE_INFLUENCE,Coup,opponent,,,loss,1,reveal Assassin
Assassin,Duke,2,5,ACTION,,,,,win,7,Income
Assassin,Duke,2,5,ACTION_CHALLENGE,Tax,opponent,,,loss,5,pass
Assassin,Duke,2,5,BLOCK,Foreign Aid,opponent,,,loss,5,pass
Assassin,Duke,2,5,BLOCK_CHALLENGE,Foreign Aid,self,Duke,opponent,loss,7,pass
Assassin,Duke,2,5,LOSE_INFLUENCE,Coup,opponent,,,loss,1,reveal Assassin
Assassin,Duke,2,6,ACTION,,,,,win,7,Income
Assassin,Duke,2,6,ACTION_CHALLENGE,Tax,opponent,,,loss,5,pass
Assassin,Duke,2,6,BLOCK,Foreign Aid,opponent,,,loss,5,pass
Assassin,Duke,2,6,BLOCK_CHALLENGE,Foreign Aid,self,Duke,opponent,loss,6,pass
Assassin,Duke,2,7,ACTION,,,,,loss,4,Foreign Aid
Assassin,Duke,2,7,ACTION_CHALLENGE,Tax,opponent,,,loss,5,pass
Assassin,Duke,2,7,BLOCK,Foreign Aid,opponent,,,loss,5,pass
Assassin,Duke,2,7,BLOCK_CHALLENGE,Foreign Aid,self,Duke,opponent,loss,3,pass
Assassin,Duke,2,8,ACTION,,,,,loss,4,Foreign Aid
Assassin,Duke,2,8,ACTION_CHALLENGE,Tax,opponent,,,loss,5,pass
Assassin,Duke,2,8,BLOCK,Foreign Aid,opponent,,,loss,5,pass
Assassin,Duke,2,8,BLOCK_CHALLENGE,Foreign Aid,self,Duke,opponent,loss,3,pass
Assassin,Duke,2,9,ACTION,,,,,loss,4,Foreign Aid
Assassin,Duke,2,9,ACTION_CHALLENGE,Tax,opponent,,,loss,5,pass
Assassin,Duke,2,9,BLOCK,Foreign Aid,opponent,,,loss,5,pass
Assassin,Duke,2,9,BLOCK_CHALLENGE,Foreign Aid,self,Duke,opponent,loss,3,pass
Assassin,Duke,2,10,ACTION,,,,,loss,4,Foreign Aid
Assassin,Duke,2,10,BLOCK_CHALLENGE,Foreign Aid,self,Duke,opponent,loss,3,pass
Assassin,Duke,2,11,ACTION,,,,,loss,4,Foreign Aid
Assassin,Duke,2,11,BLOCK_CHALLENGE,Foreign Aid,self,Duke,opponent,loss,3,pass
Assassin,Duke,2,12,ACTION,,,,,loss,4,Foreign Aid
Assassin,Duke,2,12,BLOCK_CHALLENGE,Foreign Aid,self,Duke,opponent,loss,3,pass
Assassin,Duke,3,0,LOSE_INFLUENCE,Coup,opponent,,,loss,1,reveal Assassin
Assassin,Duke,3,1,ACTION_CHALLENGE,Tax,opponent,,,win,5,pass
Assassin,Duke,3,1,BLOCK,Foreign Aid,opponent,,,win,5,pass
Assassin,Duke,3,1,LOSE_INFLUENCE,Coup,opponent,,,loss,1,reveal Assassin
Assassin,Duke,3,2,ACTION,,,,,win,4,Assassinate
Assassin,Duke,3,2,ACTION_CHALLENGE,Tax,opponent,,,win,5,pass
Assassin,Duke,3,2,BLOCK,Foreign Aid,opponent,,,win,5,pass
Assassin,Duke,3,2,BLOCK_CHALLENGE,Foreign Aid,self,Duke,opponent,win,7,pass
Assassin,Duke,3,2,LOSE_INFLUENCE,Coup,opponent,,,loss,1,reveal Assassin
Assassin,Duke,3,3,ACTION,,,,,win,4,Assassinate
Assassin,Duke,3,3,ACTION_CHALLENGE,Tax,opponent,,,win,5,pass
Assassin,Duke,3,3,BLOCK,Foreign Aid,opponent,,,win,5,pass
Assassin,Duke,3,3,BLOCK_CHALLENGE,Foreign Aid,self,Duke,opponent,win,7,pass
Assassin,Duke,3,3,LOSE_INFLUENCE,Coup,opponent,,,loss,1,reveal Assassin
Assassin,Duke,3,4,ACTION,,,,,win,4,Assassinate
Assassin,Duke,3,4,ACTION_CHALLENGE,Tax,opponent,,,win,5,pass
Assassin,Duke,3,4,BLOCK,Foreign Aid,opponent,,,win,5,pass
Assassin,Duke,3,4,BLOCK_CHALLENGE,Foreign Aid,self,Duke,opponent,win,7,pass
Assassin,Duke,3,4,LOSE_INFLUENCE,Coup,opponent,,,loss,1,reveal Assassin
Assassin,Duke,3,5,ACTION,,,,,win,4,Assassinate
Assassin,Duke,3,5,ACTION_CHALLENGE,Tax,opponent,,,win,5,pass
Assassin,Duke,3,5,BLOCK,Foreign Aid,opponent,,,win,5,pass
Assassin,Duke,3,5,BLOCK_CHALLENGE,Foreign Aid,self,Duke,opponent,win,7,pass
Assassin,Duke,3,5,LOSE_INFLUENCE,Coup,opponent,,,loss,1,reveal Assassin
Assassin,Duke,3,6,ACTION,,,,,win,4,Assassinate
Assassin,Duke,3,6,ACTION_CHALLENGE,Tax,opponent,,,win,5,pass
Assassin,Duke,3,6,BLOCK,Foreign Aid,opponent,,,win,5,pass
Assassin,Duke,3,6,BLOCK_CHALLENGE,Foreign Aid,self,Duke,opponent,win,7,pass
Assassin,Duke,3,7,ACTION,,,,,win,4,Assassinate
Assassin,Duke,3,7,ACTION_CHALLENGE,Tax,opponent,,,win,5,pass
Assassin,Duke,3,7,BLOCK,Foreign Aid,opponent,,,win,5,pass
Assassin,Duke,3,7,BLOCK_CHALLENGE,Foreign Aid,self,Duke,opponent,loss,3,pass
Assassin,Duke,3,8,ACTION,,,,,win,4,Assassinate
Assassin,Duke,3,8,ACTION_CHALLENGE,Tax,opponent,,,win,5,pass
Assassin,Duke,3,8,BLOCK,Foreign Aid,opponent,,,win,5,pass
Assassin,Duke,3,8,BLOCK_CHALLENGE,Foreign Aid,self,Duke,opponent,loss,3,pass
Assassin,Duke,3,9,ACTION,,,,,win,4,Assassinate
Assassin,Duke,3,9,ACTION_CHALLENGE,Tax,opponent,,,win,5,pass
Assassin,Duke,3,9,BLOCK,Foreign Aid,opponent,,,win,5,pass
Assassin,Duke,3,9,BLOCK_CHALLENGE,Foreign Aid,self,Duke,opponent,loss,3,pass
Assassin,Duke,3,10,ACTION,,,,,win,4,Assassinate
Assassin,Duke,3,10,BLOCK_CHALLENGE,Foreign Aid,self,Duke,opponent,loss,3,pass
Assassin,Duke,3,11,ACTION,,,,,win,4,Assassinate
Assassin,Duke,3,11,BLOCK_CHALLENGE,Foreign Aid,self,Duke,opponent,loss,3,pass
Assassin,Duke,3,12,ACTION,,,,,win,4,Assassinate
Assassin,Duke,3,12,BLOCK_CHALLENGE,Foreign Aid,self,Duke,opponent,loss,3,pass
Assassin,Duke,4,0,LOSE_INFLUENCE,Coup,opponent,,,loss,1,reveal Assassin
Assassin,Duke,4,1,ACTION_CHALLENGE,Tax,opponent,,,win,5,pass
Assassin,Duke,4,1,BLOCK,Foreign Aid,opponent,,,win,5,pass
Assassin,Duke,4,1,LOSE_INFLUENCE,Coup,opponent,,,loss,1,reveal Assassin
Assassin,Duke,4,2,ACTION,,,,,win,4,Assassinate
Assassin,Duke,4,2,ACTION_CHALLENGE,Tax,opponent,,,win,5,pass
Assassin,Duke,4,2,BLOCK,Foreign Aid,opponent,,,win,5,pass
Assassin,Duke,4,2,BLOCK_CHALLENGE,Foreign Aid,self,Duke,opponent,win,7,pass
Assassin,Duke,4,2,LOSE_INFLUENCE,Coup,opponent,,,loss,1,reveal Assassin
Assassin,Duke,4,3,ACTION,,,,,win,4,Assassinate
Assassin,Duke,4,3,ACTION_CHALLENGE,Tax,opponent,,,win,5,pass
Assassin,Duke,4,3,BLOCK,Foreign Aid,opponent,,,win,5,pass
Assassin,Duke,4,3,BLOCK_CHALLENGE,Foreign Aid,self,Duke,opponent,win,7,pass
Assassin,Duke,4,3,LOSE_INFLUENCE,Coup,opponent,,,loss,1,reveal Assassin
Assassin,Duke,4,4,ACTION,,,,,win,4,Assassinate
Assassin,Duke,4,4,ACTION_CHALLENGE,Tax,opponent,,,win,5,pass
Assassin,Duke,4,4,BLOCK,Foreign Aid,opponent,,,win,5,pass
Assassin,Duke,4,4,BLOCK_CHALLENGE,Foreign Aid,self,Duke,opponent,win,7,pass
Assassin,Duke,4,4,LOSE_INFLUENCE,Coup,opponent,,,loss,1,reveal Assassin
Assassin,Duke,4,5,ACTION,,,,,win,4,Assassinate
Assassin,Duke,4,5,ACTION_CHALLENGE,Tax,opponent,,,win,5,pass
Assassin,Duke,4,5,BLOCK,Foreign Aid,opponent,,,win,5,pass
Assassin,Duke,4,5,BLOCK_CHALLENGE,Foreign Aid,self,Duke,opponent,win,7,pass
Assassin,Duke,4,5,LOSE_INFLUENCE,Coup,opponent,,,loss,1,reveal Assassin
Assassin,Duke,4,6,ACTION,,,,,win,4,Assassinate
Assassin,Duke,4,6,ACTION_CHALLENGE,Tax,opponent,,,win,5,pass
Assassin,Duke,4,6,BLOCK,Foreign Aid,opponent,,,win,5,pass
Assassin,Duke,4,6,BLOCK_CHALLENGE,Foreign Aid,self,Duke,opponent,win,7,pass
Assassin,Duke,4,7,ACTION,,,,,win,4,Assassinate
Assassin,Duke,4,7,ACTION_CHALLENGE,Tax,opponent,,,win,5,pass
Assassin,Duke,4,7,BLOCK,Foreign Aid,opponent,,,win,5,pass
Assassin,Duke,4,7,BLOCK_CHALLENGE,Foreign Aid,self,Duke,opponent,loss,3,pass
Assassin,Duke,4,8,ACTION,,,,,win,4,Assassinate
Assassin,Duke,4,8,ACTION_CHALLENGE,Tax,opponent,,,win,5,pass
Assassin,Duke,4,8,BLOCK,Foreign Aid,opponent,,,win,5,pass
Assassin,Duke,4,8,BLOCK_CHALLENGE,Foreign Aid,self,Duke,opponent,loss,3,pass
Assassin,Duke,4,9,ACTION,,,,,win,4,Assassinate
Assassin,Duke,4,9,ACTION_CHALLENGE,Tax,opponent,,,win,5,pass
Assassin,Duke,4,9,BLOCK,Foreign Aid,opponent,,,win,5,pass
Assassin,Duke,4,9,BLOCK_CHALLENGE,Foreign Aid,self,Duke,opponent,loss,3,pass
Assassin,Duke,4,10,ACTION,,,,,win,4,Assassinate
Assassin,Duke,4,10,BLOCK_CHALLENGE,Foreign Aid,self,Duke,opponent,loss,3,pass
Assassin,Duke,4,11,ACTION,,,,,win,4,Assassinate
Assassin,Duke,4,11,BLOCK_CHALLENGE,Foreign Aid,self,Duke,opponent,loss,3,pass
Assassin,Duke,4,12,ACTION,,,,,win,4,Assassinate
Assassin,Duke,4,12,BLOCK_CHALLENGE,Foreign Aid,self,Duke,opponent,loss,3,pass
Assassin,Duke,5,0,LOSE_INFLUENCE,Coup,opponent,,,loss,1,reveal Assassin
Assassin,Duke,5,1,LOSE_INFLUENCE,Coup,opponent,,,loss,1,reveal Assassin
Assassin,Duke,5,2,ACTION_CHALLENGE,Tax,opponent,,,win,5,pass
Assassin,Duke,5,2,BLOCK,Foreign Aid,opponent,,,win,5,pass
Assassin,Duke,5,2,LOSE_INFLUENCE,Coup,opponent,,,loss,1,reveal Assassin
Assassin,Duke,5,3,ACTION,,,,,win,4,Assassinate
Assassin,Duke,5,3,ACTION_CHALLENGE,Tax,opponent,,,win,5,pass
Assassin,Duke,5,3,BLOCK,Foreign Aid,opponent,,,win,5,pass
Assassin,Duke,5,3,BLOCK_CHALLENGE,Foreign Aid,self,Duke,opponent,win,7,pass
Assassin,Duke,5,3,LOSE_INFLUENCE,Coup,opponent,,,loss,1,reveal Assassin
Assassin,Duke,5,4,ACTION,,,,,win,4,Assassinate
Assassin,Duke,5,4,ACTION_CHALLENGE,Tax,opponent,,,win,5,pass
Assassin,Duke,5,4,BLOCK,Foreign Aid,opponent,,,win,5,pass
Assassin,Duke,5,4,BLOCK_CHALLENGE,Foreign Aid,self,Duke,opponent,win,7,pass
Assassin,Duke,5,4,LOSE_INFLUENCE,Coup,opponent,,,loss,1,reveal Assassin
Assassin,Duke,5,5,ACTION,,,,,win,4,Assassinate
Assassin,Duke,5,5,ACTION_CHALLENGE,Tax,opponent,,,win,5,pass
Assassin,Duke,5,5,BLOCK,Foreign Aid,opponent,,,win,5,pass
Assassin,Duke,5,5,BLOCK_CHALLENGE,Foreign Aid,self,Duke,opponent,win,7,pass
Assassin,Duke,5,5,LOSE_INFLUENCE,Coup,opponent,,,loss,1,reveal Assassin
Assassin,Duke,5,6,ACTION,,,,,win,4,Assassinate
Assassin,Duke,5,6,ACTION_CHALLENGE,Tax,opponent,,,win,5,pass
Assassin,Duke,5,6,BLOCK,Foreign Aid,opponent,,,win,5,pass
Assassin,Duke,5,6,BLOCK_CHALLENGE,Foreign Aid,self,Duke,opponent,win,7,pass
Assassin,Duke,5,7,ACTION,,,,,win,4,Assassinate
Assassin,Duke,5,7,ACTION_CHALLENGE,Tax,opponent,,,win,5,pass
Assassin,Duke,5,7,BLOCK,Foreign Aid,opponent,,,win,5,pass
Assassin,Duke,5,7,BLOCK_CHALLENGE,Foreign Aid,self,Duke,opponent,loss,3,pass
Assassin,Duke,5,8,ACTION,,,,,win,4,Assassinate
Assassin,Duke,5,8,ACTION_CHALLENGE,Tax,opponent,,,win,5,pass
Assassin,Duke,5,8,BLOCK,Foreign Aid,opponent,,,win,5,pass
Assassin,Duke,5,8,BLOCK_CHALLENGE,Foreign Aid,self,Duke,opponent,loss,3,pass
Assassin,Duke,5,9,ACTION,,,,,win,4,Assassinate
Assassin,Duke,5,9,ACTION_CHALLENGE,Tax,opponent,,,win,5,pass
Assassin,Duke,5,9,BLOCK,Foreign Aid,opponent,,,win,5,pass
Assassin,Duke,5,9,BLOCK_CHALLENGE,Foreign Aid,self,Duke,opponent,loss,3,pass
Assassin,Duke,5,10,ACTION,,,,,win,4,Assassinate
Assassin,Duke,5,10,BLOCK_CHALLENGE,Foreign Aid,self,Duke,opponent,loss,3,pass
Assassin,Duke,5,11,ACTION,,,,,win,4,Assassinate
Assassin,Duke,5,11,BLOCK_CHALLENGE,Foreign Aid,self,Duke,opponent,loss,3,pass
Assassin,Duke,5,12,ACTION,,,,,win,4,Assassinate
Assassin,Duke,5,12,BLOCK_CHALLENGE,Foreign Aid,self,Duke,opponent,loss,3,pass
Assassin,Duke,6,0,LOSE_INFLUENCE,Coup,opponent,,,loss,1,reveal Assassin
Assassin,Duke,6,1,LOSE_INFLUENCE,Coup,opponent,,,loss,1,reveal Assassin
Assassin,Duke,6,2,ACTION_CHALLENGE,Tax,opponent,,,win,5,pass
Assassin,Duke,6,2,BLOCK,Foreign Aid,opponent,,,win,5,pass
Assassin,Duke,6,2,LOSE_INFLUENCE,Coup,opponent,,,loss,1,reveal Assassin
Assassin,Duke,6,3,ACTION,,,,,win,4,Assassinate
Assassin,Duke,6,3,ACTION_CHALLENGE,Tax,opponent,,,win,5,pass
Assassin,Duke,6,3,BLOCK,Foreign Aid,opponent,,,win,5,pass
Assassin,Duke,6,3,BLOCK_CHALLENGE,Foreign Aid,self,Duke,opponent,win,7,pass
Assassin,Duke,6,3,LOSE_INFLUENCE,Coup,opponent,,,loss,1,reveal Assassin
Assassin,Duke,6,4,ACTION,,,,,win,4,Assassinate
Assassin,Duke,6,4,ACTION_CHALLENGE,Tax,opponent,,,win,5,pass
Assassin,Duke,6,4,BLOCK,Foreign Aid,opponent,,,win,5,pass
Assassin,Duke,6,4,BLOCK_CHALLENGE,Foreign Aid,self,Duke,opponent,win,7,pass
Assassin,Duke,6,4,LOSE_INFLUENCE,Coup,opponent,,,loss,1,reveal Assassin
Assassin,Duke,6,5,ACTION,,,,,win,4,Assassinate
Assassin,Duke,6,5,ACTION_CHALLENGE,Tax,opponent,,,win,5,pass
Assassin,Duke,6,5,BLOCK,Foreign Aid,opponent,,,win,5,pass
Assassin,Duke,6,5,BLOCK_CHALLENGE,Foreign Aid,self,Duke,opponent,win,7,pass
Assassin,Duke,6,5,LOSE_INFLUENCE,Coup,opponent,,,loss,1,reveal Assassin
Assassin,Duke,6,6,ACTION,,,,,win,4,Assassinate
Assassin,Duke,6,6,ACTION_CHALLENGE,Tax,opponent,,,win,5,pass
Assassin,Duke,6,6,BLOCK,Foreign Aid,opponent,,,win,5,pass
Assassin,Duke,6,6,BLOCK_CHALLENGE,Foreign Aid,self,Duke,opponent,win,7,pass
Assassin,Duke,6,7,ACTION,,,,,win,4,Assassinate
Assassin,Duke,6,7,ACTION_CHALLENGE,Tax,opponent,,,win,5,pass
Assassin,Duke,6,7,BLOCK,Foreign Aid,opponent,,,win,5,pass
Assassin,Duke,6,7,BLOCK_CHALLENGE,Foreign Aid,self,Duke,opponent,loss,3,pass
Assassin,Duke,6,8,ACTION,,,,,win,4,Assassinate
Assassin,Duke,6,8,ACTION_CHALLENGE,Tax,opponent,,,win,5,pass
Assassin,Duke,6,8,BLOCK,Foreign Aid,opponent,,,win,5,pass
Assassin,Duke,6,8,BLOCK_CHALLENGE,Foreign Aid,self,Duke,opponent,loss,3,pass
Assassin,Duke,6,9,ACTION,,,,,win,4,Assassinate
Assassin,Duke,6,9,ACTION_CHALLENGE,Tax,opponent,,,win,5,pass
Assassin,Duke,6,9,BLOCK,Foreign Aid,opponent,,,win,5,pass
Assassin,Duke,6,9,BLOCK_CHALLENGE,Foreign Aid,self,Duke,opponent,loss,3,pass
Assassin,Duke,6,10,ACTION,,,,,win,4,Assassinate
Assassin,Duke,6,10,BLOCK_CHALLENGE,Foreign Aid,self,Duke,opponent,loss,3,pass
Assassin,Duke,6,11,ACTION,,,,,win,4,Assassinate
Assassin,Duke,6,11,BLOCK_CHALLENGE,Foreign Aid,self,Duke,opponent,loss,3,pass
Assassin,Duke,6,12,ACTION,,,,,win,4,Assassinate
Assassin,Duke,6,12,BLOCK_CHALLENGE,Foreign Aid,self,Duke,opponent,loss,3,pass
Assassin,Duke,7,0,LOSE_INFLUENCE,Coup,opponent,,,loss,1,reveal Assassin
Assassin,Duke,7,1,LOSE_INFLUENCE,Coup,opponent,,,loss,1,reveal Assassin
Assassin,Duke,7,2,LOSE_INFLUENCE,Coup,opponent,,,loss,1,reveal Assassin
Assassin,Duke,7,3,ACTION_CHALLENGE,Tax,opponent,,,win,3,pass
Assassin,Duke,7,3,BLOCK,Foreign Aid,opponent,,,win,3,pass
Assassin,Duke,7,3,LOSE_INFLUENCE,Coup,opponent,,,loss,1,reveal Assassin
Assassin,Duke,7,4,ACTION,,,,,win,2,Coup
Assassin,Duke,7,4,ACTION_CHALLENGE,Tax,opponent,,,win,3,pass
Assassin,Duke,7,4,BLOCK,Foreign Aid,opponent,,,win,3,pass
Assassin,Duke,7,4,BLOCK_CHALLENGE,Foreign Aid,self,Duke,opponent,win,5,pass
Assassin,Duke,7,4,LOSE_INFLUENCE,Coup,opponent,,,loss,1,reveal Assassin
Assassin,Duke,7,5,ACTION,,,,,win,2,Coup
Assassin,Duke,7,5,ACTION_CHALLENGE,Tax,opponent,,,win,3,pass
Assassin,Duke,7,5,BLOCK,Foreign Aid,opponent,,,win,3,pass
Assassin,Duke,7,5,BLOCK_CHALLENGE,Foreign Aid,self,Duke,opponent,win,5,pass
Assassin,Duke,7,5,LOSE_INFLUENCE,Coup,opponent,,,loss,1,reveal Assassin
Assassin,Duke,7,6,ACTION,,,,,win,2,Coup
Assassin,Duke,7,6,ACTION_CHALLENGE,Tax,opponent,,,win,3,pass
Assassin,Duke,7,6,BLOCK,Foreign Aid,opponent,,,win,3,pass
Assassin,Duke,7,6,BLOCK_CHALLENGE,Foreign Aid,self,Duke,opponent,win,5,pass
Assassin,Duke,7,7,ACTION,,,,,win,2,Coup
Assassin,Duke,7,7,ACTION_CHALLENGE,Tax,opponent,,,win,3,pass
Assassin,Duke,7,7,BLOCK,Foreign Aid,opponent,,,win,3,pass
Assassin,Duke,7,7,BLOCK_CHALLENGE,Foreign Aid,self,Duke,opponent,loss,3,pass
Assassin,Duke,7,8,ACTION,,,,,win,2,Coup
Assassin,Duke,7,8,ACTION_CHALLENGE,Tax,opponent,,,win,3,pass
Assassin,Duke,7,8,BLOCK,Foreign Aid,opponent,,,win,3,pass
Assassin,Duke,7,8,BLOCK_CHALLENGE,Foreign Aid,self,Duke,opponent,loss,3,pass
Assassin,Duke,7,9,ACTION,,,,,win,2,Coup
Assassin,Duke,7,9,ACTION_CHALLENGE,Tax,opponent,,,win,3,pass
Assassin,Duke,7,9,BLOCK,Foreign Aid,opponent,,,win,3,pass
Assassin,Duke,7,9,BLOCK_CHALLENGE,Foreign Aid,self,Duke,opponent,loss,3,pass
Assassin,Duke,7,10,ACTION,,,,,win,2,Coup
Assassin,Duke,7,10,BLOCK_CHALLENGE,Foreign Aid,self,Duke,opponent,loss,3,pass
Assassin,Duke,7,11,ACTION,,,,,win,2,Coup
Assassin,Duke,7,11,BLOCK_CHALLENGE,Foreign Aid,self,Duke,opponent,loss,3,pass
Assassin,Duke,7,12,ACTION,,,,,win,2,Coup
Assassin,Duke,7,12,BLOCK_CHALLENGE,Foreign Aid,self,Duke,opponent,loss,3,pass
Assassin,Duke,8,0,LOSE_INFLUENCE,Coup,opponent,,,loss,1,reveal Assassin
Assassin,Duke,8,1,LOSE_INFLUENCE,Coup,opponent,,,loss,1,reveal Assassin
Assassin,Duke,8,2,LOSE_INFLUENCE,Coup,opponent,,,loss,1,reveal Assassin
Assassin,Duke,8,3,ACTION_CHALLENGE,Tax,opponent,,,win,3,pass
Assassin,Duke,8,3,BLOCK,Foreign Aid,opponent,,,win,3,pass
Assassin,Duke,8,3,LOSE_INFLUENCE,Coup,opponent,,,loss,1,reveal Assassin
Assassin,Duke,8,4,ACTION,,,,,win,2,Coup
Assassin,Duke,8,4,ACTION_CHALLENGE,Tax,opponent,,,win,3,pass
Assassin,Duke,8,4,BLOCK,Foreign Aid,opponent,,,win,3,pass
Assassin,Duke,8,4,BLOCK_CHALLENGE,Foreign Aid,self,Duke,opponent,win,5,pass
Assassin,Duke,8,4,LOSE_INFLUENCE,Coup,opponent,,,loss,1,reveal Assassin
Assassin,Duke,8,5,ACTION,,,,,win,2,Coup
Assassin,Duke,8,5,ACTION_CHALLENGE,Tax,opponent,,,win,3,pass
Assassin,Duke,8,5,BLOCK,Foreign Aid,opponent,,,win,3,pass
Assassin,Duke,8,5,BLOCK_CHALLENGE,Foreign Aid,self,Duke,opponent,win,5,pass
Assassin,Duke,8,5,LOSE_INFLUENCE,Coup,opponent,,,loss,1,reveal Assassin
Assassin,Duke,8,6,ACTION,,,,,win,2,Coup
Assassin,Duke,8,6,ACTION_CHALLENGE,Tax,opponent,,,win,3,pass
Assassin,Duke,8,6,BLOCK,Foreign Aid,opponent,,,win,3,pass
Assassin,Duke,8,6,BLOCK_CHALLENGE,Foreign Aid,self,Duke,opponent,win,5,pass
Assassin,Duke,8,7,ACTION,,,,,win,2,Coup
Assassin,Duke,8,7,ACTION_CHALLENGE,Tax,opponent,,,win,3,pass
Assassin,Duke,8,7,BLOCK,Foreign Aid,opponent,,,win,3,pass
Assassin,Duke,8,7,BLOCK_CHALLENGE,Foreign Aid,self,Duke,opponent,loss,3,pass
Assassin,Duke,8,8,ACTION,,,,,win,2,Coup
Assassin,Duke,8,8,ACTION_CHALLENGE,Tax,opponent,,,win,3,pass
Assassin,Duke,8,8,BLOCK,Foreign Aid,opponent,,,win,3,pass
Assassin,Duke,8,8,BLOCK_CHALLENGE,Foreign Aid,self,Duke,opponent,loss,3,pass
Assassin,Duke,8,9,ACTION,,,,,win,2,Coup
Assassin,Duke,8,9,ACTION_CHALLENGE,Tax,opponent,,,win,3,pass
Assassin,Duke,8,9,BLOCK,Foreign Aid,opponent,,,win,3,pass
Assassin,Duke,8,9,BLOCK_CHALLENGE,Foreign Aid,self,Duke,opponent,loss,3,pass
Assassin,Duke,8,10,ACTION,,,,,win,2,Coup
Assassin,Duke,8,10,BLOCK_CHALLENGE,Foreign Aid,self,Duke,opponent,loss,3,pass
Assassin,Duke,8,11,ACTION,,,,,win,2,Coup
Assassin,Duke,8,11,BLOCK_CHALLENGE,Foreign Aid,self,Duke,opponent,loss,3,pass
Assassin,Duke,8,12,ACTION,,,,,win,2,Coup
Assassin,Duke,8,12,BLOCK_CHALLENGE,Foreign Aid,self,Duke,opponent,loss,3,pass
Assassin,Duke,9,0,LOSE_INFLUENCE,Coup,opponent,,,loss,1,reveal Assassin
Assassin,Duke,9,1,LOSE_INFLUENCE,Coup,opponent,,,loss,1,reveal Assassin
Assassin,Duke,9,2,LOSE_INFLUENCE,Coup,opponent,,,loss,1,reveal Assassin
Assassin,Duke,9,3,LOSE_INFLUENCE,Coup,opponent,,,loss,1,reveal Assassin
Assassin,Duke,9,4,ACTION_CHALLENGE,Tax,opponent,,,win,3,pass
Assassin,Duke,9,4,BLOCK,Foreign Aid,opponent,,,win,3,pass
Assassin,Duke,9,4,LOSE_INFLUENCE,Coup,opponent,,,loss,1,reveal Assassin
Assassin,Duke,9,5,ACTION,,,,,win,2,Coup
Assassin,Duke,9,5,ACTION_CHALLENGE,Tax,opponent,,,win,3,pass
Assassin,Duke,9,5,BLOCK,Foreign Aid,opponent,,,win,3,pass
Assassin,Duke,9,5,BLOCK_CHALLENGE,Foreign Aid,self,Duke,opponent,win,5,pass
Assassin,Duke,9,5,LOSE_INFLUENCE,Coup,opponent,,,loss,1,reveal Assassin
Assassin,Duke,9,6,ACTION,,,,,win,2,Coup
Assassin,Duke,9,6,ACTION_CHALLENGE,Tax,opponent,,,win,3,pass
Assassin,Duke,9,6,BLOCK,Foreign Aid,opponent,,,win,3,pass
Assassin,Duke,9,6,BLOCK_CHALLENGE,Foreign Aid,self,Duke,opponent,win,5,pass
Assassin,Duke,9,7,ACTION,,,,,win,2,Coup
Assassin,Duke,9,7,ACTION_CHALLENGE,Tax,opponent,,,win,3,pass
Assassin,Duke,9,7,BLOCK,Foreign Aid,opponent,,,win,3,pass
Assassin,Duke,9,7,BLOCK_CHALLENGE,Foreign Aid,self,Duke,opponent,loss,3,pass
Assassin,Duke,9,8,ACTION,,,,,win,2,Coup
Assassin,Duke,9,8,ACTION_CHALLENGE,Tax,opponent,,,win,3,pass
Assassin,Duke,9,8,BLOCK,Foreign Aid,opponent,,,win,3,pass
Assassin,Duke,9,8,BLOCK_CHALLENGE,Foreign Aid,self,Duke,opponent,loss,3,pass
Assassin,Duke,9,9,ACTION,,,,,win,2,Coup
Assassin,Duke,9,9,ACTION_CHALLENGE,Tax,opponent,,,win,3,pass
Assassin,Duke,9,9,BLOCK,Foreign Aid,opponent,,,win,3,pass
Assassin,Duke,9,9,BLOCK_CHALLENGE,Foreign Aid,self,Duke,opponent,loss,3,pass
Assassin,Duke,9,10,ACTION,,,,,win,2,Coup
Assassin,Duke,9,10,BLOCK_CHALLENGE,Foreign Aid,self,Duke,opponent,loss,3,pass
Assassin,Duke,9,11,ACTION,,,,,win,2,Coup
Assassin,Duke,9,11,BLOCK_CHALLENGE,Foreign Aid,self,Duke,opponent,loss,3,pass
Assassin,Duke,9,12,ACTION,,,,,win,2,Coup
Assassin,Duke,9,12,BLOCK_CHALLENGE,Foreign Aid,self,Duke,opponent,loss,3,pass
Assassin,Duke,10,0,LOSE_INFLUENCE,Coup,opponent,,,loss,1,reveal Assassin
Assassin,Duke,10,1,LOSE_INFLUENCE,Coup,opponent,,,loss,1,reveal Assassin
Assassin,Duke,10,2,LOSE_INFLUENCE,Coup,opponent,,,loss,1,reveal Assassin
Assassin,Duke,10,3,LOSE_INFLUENCE,Coup,opponent,,,loss,1,reveal Assassin
Assassin,Duke,10,4,ACTION_CHALLENGE,Tax,opponent,,,win,3,pass
Assassin,Duke,10,4,BLOCK,Foreign Aid,opponent,,,win,3,pass
Assassin,Duke,10,4,LOSE_INFLUENCE,Coup,opponent,,,loss,1,reveal Assassin
Assassin,Duke,10,5,ACTION,,,,,win,2,Coup
Assassin,Duke,10,5,ACTION_CHALLENGE,Tax,opponent,,,win,3,pass
Assassin,Duke,10,5,BLOCK,Foreign Aid,opponent,,,win,3,pass
Assassin,Duke,10,5,LOSE_INFLUENCE,Coup,opponent,,,loss,1,reveal Assassin
Assassin,Duke,10,6,ACTION,,,,,win,2,Coup
Assassin,Duke,10,6,ACTION_CHALLENGE,Tax,opponent,,,win,3,pass
Assassin,Duke,10,6,BLOCK,Foreign Aid,opponent,,,win,3,pass
Assassin,Duke,10,7,ACTION,,,,,win,2,Coup
Assassin,Duke,10,7,ACTION_CHALLENGE,Tax,opponent,,,win,3,pass
Assassin,Duke,10,7,BLOCK,Foreign Aid,opponent,,,win,3,pass
Assassin,Duke,10,8,ACTION,,,,,win,2,Coup
Assassin,Duke,10,8,ACTION_CHALLENGE,Tax,opponent,,,win,3,pass
Assassin,Duke,10,8,BLOCK,Foreign Aid,opponent,,,win,3,pass
Assassin,Duke,10,9,ACTION,,,,,win,2,Coup
Assassin,Duke,10,9,ACTION_CHALLENGE,Tax,opponent,,,win,3,pass
Assassin,Duke,10,9,BLOCK,Foreign Aid,opponent,,,win,3,pass
Assassin,Duke,10,10,ACTION,,,,,win,2,Coup
Assassin,Duke,10,11,ACTION,,,,,win,2,Coup
Assassin,Duke,10,12,ACTION,,,,,win,2,Coup
Assassin,Duke,11,0,LOSE_INFLUENCE,Coup,opponent,,,loss,1,reveal Assassin
Assassin,Duke,11,1,LOSE_INFLUENCE,Coup,opponent,,,loss,1,reveal Assassin
Assassin,Duke,11,2,LOSE_INFLUENCE,Coup,opponent,,,loss,1,reveal Assassin
Assassin,Duke,11,3,LOSE_INFLUENCE,Coup,opponent,,,loss,1,reveal Assassin
Assassin,Duke,11,4,LOSE_INFLUENCE,Coup,opponent,,,loss,1,reveal Assassin
Assassin,Duke,11,5,ACTION_CHALLENGE,Tax,opponent,,,win,3,pass
Assassin,Duke,11,5,BLOCK,Foreign Aid,opponent,,,win,3,pass
Assassin,Duke,11,5,LOSE_INFLUENCE,Coup,opponent,,,loss,1,reveal Assassin
Assassin,Duke,11,6,ACTION,,,,,win,2,Coup
Assassin,Duke,11,6,ACTION_CHALLENGE,Tax,opponent,,,win,3,pass
Assassin,Duke,11,6,BLOCK,Foreign Aid,opponent,,,win,3,pass
Assassin,Duke,11,7,ACTION,,,,,win,2,Coup
Assassin,Duke,11,7,ACTION_CHALLENGE,Tax,opponent,,,win,3,pass
Assassin,Duke,11,7,BLOCK,Foreign Aid,opponent,,,win,3,pass
Assassin,Duke,11,8,ACTION,,,,,win,2,Coup
Assassin,Duke,11,8,ACTION_CHALLENGE,Tax,opponent,,,win,3,pass
Assassin,Duke,11,8,BLOCK,Foreign Aid,opponent,,,win,3,pass
Assassin,Duke,11,9,ACTION,,,,,win,2,Coup
Assassin,Duke,11,9,ACTION_CHALLENGE,Tax,opponent,,,win,3,pass
Assassin,Duke,11,9,BLOCK,Foreign Aid,opponent,,,win,3,pass
Assassin,Duke,11,10,ACTION,,,,,win,2,Coup
Assassin,Duke,11,11,ACTION,,,,,win,2,Coup
Assassin,Duke,11,12,ACTION,,,,,win,2,Coup
Captain,Assassin,0,0,ACTION,,,,,win,19,Income|Foreign Aid
Captain,Assassin,0,0,BLOCK,Foreign Aid,opponent,,,win,21,pass
Captain,Assassin,0,1,ACTION,,,,,win,20,Income
Captain,Assassin,0,2,ACTION,,,,,win,20,Income|Steal
Captain,Assassin,1,0,BLOCK,Foreign Aid,opponent,,,win,17,pass
Captain,Assassin,1,1,ACTION,,,,,win,16,Foreign Aid
Captain,Assassin,1,1,BLOCK,Foreign Aid,opponent,,,win,18,pass
Captain,Assassin,1,2,ACTION,,,,,win,16,Foreign Aid|Steal
Captain,Assassin,1,2,BLOCK,Foreign Aid,opponent,,,win,18,pass
Captain,Assassin,1,3,ACTION,,,,,win,17,Steal
Captain,Assassin,1,4,ACTION,,,,,win,17,Steal
Captain,Assassin,2,0,ACTION_CHALLENGE,Assassinate,opponent,,,loss,3,pass
Captain,Assassin,2,0,BLOCK,Assassinate,opponent,,,loss,2,pass
Captain,Assassin,2,0,BLOCK,Foreign Aid,opponent,,,win,16,pass
Captain,Assassin,2,0,LOSE_INFLUENCE,Assassinate,opponent,,,loss,1,reveal Captain
Captain,Assassin,2,1,ACTION,,,,,win,15,Income
Captain,Assassin,2,1,ACTION_CHALLENGE,Assassinate,opponent,,,loss,3,pass
Captain,Assassin,2,1,BLOCK,Assassinate,opponent,,,loss,2,pass
Captain,Assassin,2,1,BLOCK,Foreign Aid,opponent,,,win,18,pass
Captain,Assassin,2,1,LOSE_INFLUENCE,Assassinate,opponent,,,loss,1,reveal Captain
Captain,Assassin,2,2,ACTION,,,,,win,15,Income|Steal
Captain,Assassin,2,2,BLOCK,Foreign Aid,opponent,,,win,18,pass
Captain,Assassin,2,3,ACTION,,,,,win,17,Steal
Captain,Assassin,2,3,BLOCK,Foreign Aid,opponent,,,loss,8,pass
Captain,Assassin,2,4,ACTION,,,,,win,17,Steal
Captain,Assassin,2,4,BLOCK,Foreign Aid,opponent,,,loss,8,pass
Captain,Assassin,2,5,ACTION,,,,,loss,7,Steal
Captain,Assassin,2,6,ACTION,,,,,loss,7,Steal
Captain,Assassin,3,0,ACTION_CHALLENGE,Assassinate,opponent,,,loss,3,pass
Captain,Assassin,3,0,BLOCK,Assassinate,opponent,,,loss,2,pass
Captain,Assassin,3,0,BLOCK,Foreign Aid,opponent,,,win,12,pass
Captain,Assassin,3,0,LOSE_INFLUENCE,Assassinate,opponent,,,loss,1,reveal Captain
Captain,Assassin,3,1,ACTION,,,,,win,11,Foreign Aid
Captain,Assassin,3,1,ACTION_CHALLENGE,Assassinate,opponent,,,loss,3,pass
Captain,Assassin,3,1,BLOCK,Assassinate,opponent,,,loss,2,pass
Captain,Assassin,3,1,BLOCK,Foreign Aid,opponent,,,win,13,pass
Captain,Assassin,3,1,LOSE_INFLUENCE,Assassinate,opponent,,,loss,1,reveal Captain
Captain,Assassin,3,2,ACTION,,,,,win,11,Foreign Aid|Steal
Captain,Assassin,3,2,ACTION_CHALLENGE,Assassinate,opponent,,,loss,3,pass
Captain,Assassin,3,2,BLOCK,Assassinate,opponent,,,loss,2,pass
Captain,Assassin,3,2,BLOCK,Foreign Aid,opponent,,,win,13,pass
Captain,Assassin,3,2,LOSE_INFLUENCE,Assassinate,opponent,,,loss,1,reveal Captain
Captain,Assassin,3,3,ACTION,,,,,win,12,Steal
Captain,Assassin,3,3,ACTION_CHALLENGE,Assassinate,opponent,,,loss,3,pass
Captain,Assassin,3,3,BLOCK,Assassinate,opponent,,,loss,2,pass
Captain,Assassin,3,3,BLOCK,Foreign Aid,opponent,,,loss,8,pass
Captain,Assassin,3,3,LOSE_INFLUENCE,Assassinate,opponent,,,loss,1,reveal Captain
Captain,Assassin,3,4,ACTION,,,,,win,12,Steal
Captain,Assassin,3,4,BLOCK,Foreign Aid,opponent,,,loss,8,pass
Captain,Assassin,3,5,ACTION,,,,,loss,7,Steal
Captain,Assassin,3,5,BLOCK,Foreign Aid,opponent,,,loss,8,pass
Captain,Assassin,3,6,ACTION,,,,,loss,7,Steal
Captain,Assassin,3,6,BLOCK,Foreign Aid,opponent,,,loss,8,pass
Captain,Assassin,3,7,ACTION,,,,,loss,7,Steal
Captain,Assassin,3,8,ACTION,,,,,loss,7,Steal
Captain,Assassin,4,0,ACTION_CHALLENGE,Assassinate,opponent,,,loss,3,pass
Captain,Assassin,4,0,BLOCK,Assassinate,opponent,,,loss,2,pass
Captain,Assassin,4,0,BLOCK,Foreign Aid,opponent,,,win,11,pass
Captain,Assassin,4,0,LOSE_INFLUENCE,Assassinate,opponent,,,loss,1,reveal Captain
Captain,Assassin,4,0,LOSE_INFLUENCE,Coup,opponent,,,loss,1,reveal Captain
Captain,Assassin,4,1,ACTION,,,,,win,10,Income
Captain,Assassin,4,1,ACTION_CHALLENGE,Assassinate,opponent,,,loss,3,pass
Captain,Assassin,4,1,BLOCK,Assassinate,opponent,,,loss,2,pass
Captain,Assassin,4,1,BLOCK,Foreign Aid,opponent,,,win,13,pass
Captain,Assassin,4,1,LOSE_INFLUENCE,Assassinate,opponent,,,loss,1,reveal Captain
Captain,Assassin,4,1,LOSE_INFLUENCE,Coup,opponent,,,loss,1,reveal Captain
Captain,Assassin,4,2,ACTION,,,,,win,10,Income|Steal
Captain,Assassin,4,2,ACTION_CHALLENGE,Assassinate,opponent,,,loss,3,pass
Captain,Assassin,4,2,BLOCK,Assassinate,opponent,,,loss,2,pass
Captain,Assassin,4,2,BLOCK,Foreign Aid,opponent,,,win,13,pass
Captain,Assassin,4,2,LOSE_INFLUENCE,Assassinate,opponent,,,loss,1,reveal Captain
Captain,Assassin,4,3,ACTION,,,,,win,12,Steal
Captain,Assassin,4,3,ACTION_CHALLENGE,Assassinate,opponent,,,loss,3,pass
Captain,Assassin,4,3,BLOCK,Assassinate,opponent,,,loss,2,pass
Captain,Assassin,4,3,BLOCK,Foreign Aid,opponent,,,loss,8,pass
Captain,Assassin,4,3,LOSE_INFLUENCE,Assassinate,opponent,,,loss,1,reveal Captain
Captain,Assassin,4,4,ACTION,,,,,win,12,Steal
Captain,Assassin,4,4,ACTION_CHALLENGE,Assassinate,opponent,,,loss,3,pass
Captain,Assassin,4,4,BLOCK,Assassinate,opponent,,,loss,2,pass
Captain,Assassin,4,4,BLOCK,Foreign Aid,opponent,,,loss,8,pass
Captain,Assassin,4,4,LOSE_INFLUENCE,Assassinate,opponent,,,loss,1,reveal Captain
Captain,Assassin,4,5,ACTION,,,,,loss,7,Steal
Captain,Assassin,4,5,ACTION_CHALLENGE,Assassinate,opponent,,,loss,3,pass
Captain,Assassin,4,5,BLOCK,Assassinate,opponent,,,loss,2,pass
Captain,Assassin,4,5,BLOCK,Foreign Aid,opponent,,,loss,8,pass
Captain,Assassin,4,5,LOSE_INFLUENCE,Assassinate,opponent,,,loss,1,reveal Captain
Captain,Assassin,4,6,ACTION,,,,,loss,7,Steal
Captain,Assassin,4,6,BLOCK,Foreign Aid,opponent,,,loss,8,pass
Captain,Assassin,4,7,ACTION,,,,,loss,7,Steal
Captain,Assassin,4,7,BLOCK,Foreign Aid,opponent,,,loss,6,pass
Captain,Assassin,4,8,ACTION,,,,,loss,7,Steal
Captain,Assassin,4,8,BLOCK,Foreign Aid,opponent,,,loss,6,pass
Captain,Assassin,4,9,ACTION,,,,,loss,5,Steal
Captain,Assassin,4,10,ACTION,,,,,loss,5,Steal
Captain,Assassin,5,0,ACTION_CHALLENGE,Assassinate,opponent,,,loss,3,pass
Captain,Assassin,5,0,BLOCK,Assassinate,opponent,,,loss,2,pass
Captain,Assassin,5,0,BLOCK,Foreign Aid,opponent,,,win,7,pass
Captain,Assassin,5,0,LOSE_INFLUENCE,Assassinate,opponent,,,loss,1,reveal Captain
Captain,Assassin,5,0,LOSE_INFLUENCE,Coup,opponent,,,loss,1,reveal Captain
Captain,Assassin,5,1,ACTION,,,,,win,6,Foreign Aid
Captain,Assassin,5,1,ACTION_CHALLENGE,Assassinate,opponent,,,loss,3,pass
Captain,Assassin,5,1,BLOCK,Assassinate,opponent,,,loss,2,pass
Captain,Assassin,5,1,BLOCK,Foreign Aid,opponent,,,win,8,pass
Captain,Assassin,5,1,LOSE_INFLUENCE,Assassinate,opponent,,,loss,1,reveal Captain
Captain,Assassin,5,1,LOSE_INFLUENCE,Coup,opponent,,,loss,1,reveal Captain
Captain,Assassin,5,2,ACTION,,,,,win,6,Foreign Aid
Captain,Assassin,5,2,ACTION_CHALLENGE,Assassinate,opponent,,,loss,3,pass
Captain,Assassin,5,2,BLOCK,Assassinate,opponent,,,loss,2,pass
Captain,Assassin,5,2,BLOCK,Foreign Aid,opponent,,,win,8,pass
Captain,Assassin,5,2,LOSE_INFLUENCE,Assassinate,opponent,,,loss,1,reveal Captain
Captain,Assassin,5,2,LOSE_INFLUENCE,Coup,opponent,,,loss,1,reveal Captain
Captain,Assassin,5,3,ACTION,,,,,win,7,Steal
Captain,Assassin,5,3,ACTION_CHALLENGE,Assassinate,opponent,,,loss,3,pass
Captain,Assassin,5,3,BLOCK,Assassinate,opponent,,,loss,2,pass
Captain,Assassin,5,3,BLOCK,Foreign Aid,opponent,,,loss,8,pass
Captain,Assassin,5,3,LOSE_INFLUENCE,Assassinate,opponent,,,loss,1,reveal Captain
Captain,Assassin,5,3,LOSE_INFLUENCE,Coup,opponent,,,loss,1,reveal Captain
Captain,Assassin,5,4,ACTION,,,,,win,7,Steal
Captain,Assassin,5,4,ACTION_CHALLENGE,Assassinate,opponent,,,loss,3,pass
Captain,Assassin,5,4,BLOCK,Assassinate,opponent,,,loss,2,pass
Captain,Assassin,5,4,BLOCK,Foreign Aid,opponent,,,loss,8,pass
Captain,Assassin,5,4,LOSE_INFLUENCE,Assassinate,opponent,,,loss,1,reveal Captain
Captain,Assassin,5,5,ACTION,,,,,loss,7,Steal
Captain,Assassin,5,5,ACTION_CHALLENGE,Assassinate,opponent,,,loss,3,pass
Captain,Assassin,5,5,BLOCK,Assassinate,opponent,,,loss,2,pass
Captain,Assassin,5,5,BLOCK,Foreign Aid,opponent,,,loss,8,pass
Captain,Assassin,5,5,LOSE_INFLUENCE,Assassinate,opponent,,,loss,1,reveal Captain
Captain,Assassin,5,6,ACTION,,,,,loss,7,Steal
Captain,Assassin,5,6,ACTION_CHALLENGE,Assassinate,opponent,,,loss,3,pass
Captain,Assassin,5,6,BLOCK,Assassinate,opponent,,,loss,2,pass
Captain,Assassin,5,6,BLOCK,Foreign Aid,opponent,,,loss,8,pass
Captain,Assassin,5,6,LOSE_INFLUENCE,Assassinate,opponent,,,loss,1,reveal Captain
Captain,Assassin,5,7,ACTION,,,,,loss,7,Steal
Captain,Assassin,5,7,BLOCK,Foreign Aid,opponent,,,loss,6,pass
Captain,Assassin,5,8,ACTION,,,,,loss,7,Steal
Captain,Assassin,5,8,BLOCK,Foreign Aid,opponent,,,loss,6,pass
Captain,Assassin,5,9,ACTION,,,,,loss,5,Steal
Captain,Assassin,5,9,BLOCK,Foreign Aid,opponent,,,loss,6,pass
Captain,Assassin,5,10,ACTION,,,,,loss,5,Steal
Captain,Assassin,5,11,ACTION,,,,,loss,5,Steal
Captain,Assassin,6,0,ACTION_CHALLENGE,Assassinate,opponent,,,loss,3,pass
Captain,Assassin,6,0,BLOCK,Assassinate,opponent,,,loss,2,pass
Captain,Assassin,6,0,BLOCK,Foreign Aid,opponent,,,win,6,pass
Captain,Assassin,6,0,LOSE_INFLUENCE,Assassinate,opponent,,,loss,1,reveal Captain
Captain,Assassin,6,0,LOSE_INFLUENCE,Coup,opponent,,,loss,1,reveal Captain
Captain,Assassin,6,1,ACTION,,,,,win,5,Income
Captain,Assassin,6,1,ACTION_CHALLENGE,Assassinate,opponent,,,loss,3,pass
Captain,Assassin,6,1,BLOCK,Assassinate,opponent,,,loss,2,pass
Captain,Assassin,6,1,BLOCK,Foreign Aid,opponent,,,win,8,pass
Captain,Assassin,6,1,LOSE_INFLUENCE,Assassinate,opponent,,,loss,1,reveal Captain
Captain,Assassin,6,1,LOSE_INFLUENCE,Coup,opponent,,,loss,1,reveal Captain
Captain,Assassin,6,2,ACTION,,,,,win,5,Income
Captain,Assassin,6,2,ACTION_CHALLENGE,Assassinate,opponent,,,loss,3,pass
Captain,Assassin,6,2,BLOCK,Assassinate,opponent,,,loss,2,pass
Captain,Assassin,6,2,BLOCK,Foreign Aid,opponent,,,win,8,pass
Captain,Assassin,6,2,LOSE_INFLUENCE,Assassinate,opponent,,,loss,1,reveal Captain
Captain,Assassin,6,2,LOSE_INFLUENCE,Coup,opponent,,,loss,1,reveal Captain
Captain,Assassin,6,3,ACTION,,,,,win,7,Steal
Captain,Assassin,6,3,ACTION_CHALLENGE,Assassinate,opponent,,,loss,3,pass
Captain,Assassin,6,3,BLOCK,Assassinate,opponent,,,loss,2,pass
Captain,Assassin,6,3,BLOCK,Foreign Aid,opponent,,,loss,8,pass
Captain,Assassin,6,3,LOSE_INFLUENCE,Assassinate,opponent,,,loss,1,reveal Captain
Captain,Assassin,6,3,LOSE_INFLUENCE,Coup,opponent,,,loss,1,reveal Captain
Captain,Assassin,6,4,ACTION,,,,,win,7,Steal
Captain,Assassin,6,4,ACTION_CHALLENGE,Assassinate,opponent,,,loss,3,pass
Captain,Assassin,6,4,BLOCK,Assassinate,opponent,,,loss,2,pass
Captain,Assassin,6,4,BLOCK,Foreign Aid,opponent,,,loss,8,pass
Captain,Assassin,6,4,LOSE_INFLUENCE,Assassinate,opponent,,,loss,1,reveal Captain
Captain,Assassin,6,4,LOSE_INFLUENCE,Coup,opponent,,,loss,1,reveal Captain
Captain,Assassin,6,5,ACTION,,,,,loss,7,Steal
Captain,Assassin,6,5,ACTION_CHALLENGE,Assassinate,opponent,,,loss,3,pass
Captain,Assassin,6,5,BLOCK,Assassinate,opponent,,,loss,2,pass
Captain,Assassin,6,5,BLOCK,Foreign Aid,opponent,,,loss,8,pass
Captain,Assassin,6,5,LOSE_INFLUENCE,Assassinate,opponent,,,loss,1,reveal Captain
Captain,Assassin,6,6,ACTION,,,,,loss,7,Steal
Captain,Assassin,6,6,ACTION_CHALLENGE,Assassinate,opponent,,,loss,3,pass
Captain,Assassin,6,6,BLOCK,Assassinate,opponent,,,loss,2,pass
Captain,Assassin,6,6,BLOCK,Foreign Aid,opponent,,,loss,8,pass
Captain,Assassin,6,6,LOSE_INFLUENCE,Assassinate,opponent,,,loss,1,reveal Captain
Captain,Assassin,6,7,ACTION,,,,,loss,7,Steal
Captain,Assassin,6,7,BLOCK,Foreign Aid,opponent,,,loss,6,pass
Captain,Assassin,6,8,ACTION,,,,,loss,7,Steal
Captain,Assassin,6,8,BLOCK,Foreign Aid,opponent,,,loss,6,pass
Captain,Assassin,6,9,ACTION,,,,,loss,5,Steal
Captain,Assassin,6,9,BLOCK,Foreign Aid,opponent,,,loss,6,pass
Captain,Assassin,6,10,ACTION,,,,,loss,5,Steal
Captain,Assassin,6,11,ACTION,,,,,loss,5,Steal
Captain,Assassin,7,0,ACTION_CHALLENGE,Assassinate,opponent,,,loss,3,pass
Captain,Assassin,7,0,BLOCK,Assassinate,opponent,,,loss,2,pass
Captain,Assassin,7,0,BLOCK,Foreign Aid,opponent,,,win,3,pass
Captain,Assassin,7,0,LOSE_INFLUENCE,Assassinate,opponent,,,loss,1,reveal Captain
Captain,Assassin,7,0,LOSE_INFLUENCE,Coup,opponent,,,loss,1,reveal Captain
Captain,Assassin,7,1,ACTION,,,,,win,2,Coup
Captain,Assassin,7,1,ACTION_CHALLENGE,Assassinate,opponent,,,loss,3,pass
Captain,Assassin,7,1,BLOCK,Assassinate,opponent,,,loss,2,pass
Captain,Assassin,7,1,BLOCK,Foreign Aid,opponent,,,win,3,pass
Captain,Assassin,7,1,LOSE_INFLUENCE,Assassinate,opponent,,,loss,1,reveal Captain
Captain,Assassin,7,1,LOSE_INFLUENCE,Coup,opponent,,,loss,1,reveal Captain
Captain,Assassin,7,2,ACTION,,,,,win,2,Coup
Captain,Assassin,7,2,ACTION_CHALLENGE,Assassinate,opponent,,,loss,3,pass
Captain,Assassin,7,2,BLOCK,Assassinate,opponent,,,loss,2,pass
Captain,Assassin,7,2,BLOCK,Foreign Aid,opponent,,,win,3,pass
Captain,Assassin,7,2,LOSE_INFLUENCE,Assassinate,opponent,,,loss,1,reveal Captain
Captain,Assassin,7,2,LOSE_INFLUENCE,Coup,opponent,,,loss,1,reveal Captain
Captain,Assassin,7,3,ACTION,,,,,win,2,Coup
Captain,Assassin,7,3,ACTION_CHALLENGE,Assassinate,opponent,,,loss,3,pass
Captain,Assassin,7,3,BLOCK,Assassinate,opponent,,,loss,2,pass
Captain,Assassin,7,3,BLOCK,Foreign Aid,opponent,,,win,3,pass
Captain,Assassin,7,3,LOSE_INFLUENCE,Assassinate,opponent,,,loss,1,reveal Captain
Captain,Assassin,7,3,LOSE_INFLUENCE,Coup,opponent,,,loss,1,reveal Captain
Captain,Assassin,7,4,ACTION,,,,,win,2,Coup
Captain,Assassin,7,4,ACTION_CHALLENGE,Assassinate,opponent,,,loss,3,pass
Captain,Assassin,7,4,BLOCK,Assassinate,opponent,,,loss,2,pass
Captain,Assassin,7,4,BLOCK,Foreign Aid,opponent,,,win,3,pass
Captain,Assassin,7,4,LOSE_INFLUENCE,Assassinate,opponent,,,loss,1,reveal Captain
Captain,Assassin,7,4,LOSE_INFLUENCE,Coup,opponent,,,loss,1,reveal Captain
Captain,Assassin,7,5,ACTION,,,,,win,2,Coup
Captain,Assassin,7,5,ACTION_CHALLENGE,Assassinate,opponent,,,loss,3,pass
Captain,Assassin,7,5,BLOCK,Assassinate,opponent,,,loss,2,pass
Captain,Assassin,7,5,BLOCK,Foreign Aid,opponent,,,win,3,pass
Captain,Assassin,7,5,LOSE_INFLUENCE,Assassinate,opponent,,,loss,1,reveal Captain
Captain,Assassin,7,6,ACTION,,,,,win,2,Coup
Captain,Assassin,7,6,ACTION_CHALLENGE,Assassinate,opponent,,,loss,3,pass
Captain,Assassin,7,6,BLOCK,Assassinate,opponent,,,loss,2,pass
Captain,Assassin,7,6,BLOCK,Foreign Aid,opponent,,,win,3,pass
Captain,Assassin,7,6,LOSE_INFLUENCE,Assassinate,opponent,,,loss,1,reveal Captain
Captain,Assassin,7,7,ACTION,,,,,win,2,Coup
Captain,Assassin,7,7,BLOCK,Foreign Aid,opponent,,,win,3,pass
Captain,Assassin,7,8,ACTION,,,,,win,2,Coup
Captain,Assassin,7,8,BLOCK,Foreign Aid,opponent,,,win,3,pass
Captain,Assassin,7,9,ACTION,,,,,win,2,Coup
Captain,Assassin,7,9,BLOCK,Foreign Aid,opponent,,,win,3,pass
Captain,Assassin,7,10,ACTION,,,,,win,2,Coup
Captain,Assassin,7,11,ACTION,,,,,win,2,Coup
Captain,Assassin,8,0,ACTION_CHALLENGE,Assassinate,opponent,,,loss,3,pass
Captain,Assassin,8,0,BLOCK,Assassinate,opponent,,,loss,2,pass
Captain,Assassin,8,0,BLOCK,Foreign Aid,opponent,,,win,3,pass
Captain,Assassin,8,0,LOSE_INFLUENCE,Assassinate,opponent,,,loss,1,reveal Captain
Captain,Assassin,8,0,LOSE_INFLUENCE,Coup,opponent,,,loss,1,reveal Captain
Captain,Assassin,8,1,ACTION,,,,,win,2,Coup
Captain,Assassin,8,1,ACTION_CHALLENGE,Assassinate,opponent,,,loss,3,pass
Captain,Assassin,8,1,BLOCK,Assassinate,opponent,,,loss,2,pass
Captain,Assassin,8,1,BLOCK,Foreign Aid,opponent,,,win,3,pass
Captain,Assassin,8,1,LOSE_INFLUENCE,Assassinate,opponent,,,loss,1,reveal Captain
Captain,Assassin,8,1,LOSE_INFLUENCE,Coup,opponent,,,loss,1,reveal Captain
Captain,Assassin,8,2,ACTION,,,,,win,2,Coup
Captain,Assassin,8,2,ACTION_CHALLENGE,Assassinate,opponent,,,loss,3,pass
Captain,Assassin,8,2,BLOCK,Assassinate,opponent,,,loss,2,pass
Captain,Assassin,8,2,BLOCK,Foreign Aid,opponent,,,win,3,pass
Captain,Assassin,8,2,LOSE_INFLUENCE,Assassinate,opponent,,,loss,1,reveal Captain
Captain,Assassin,8,2,LOSE_INFLUENCE,Coup,opponent,,,loss,1,reveal Captain
Captain,Assassin,8,3,ACTION,,,,,win,2,Coup
Captain,Assassin,8,3,ACTION_CHALLENGE,Assassinate,opponent,,,loss,3,pass
Captain,Assassin,8,3,BLOCK,Assassinate,opponent,,,loss,2,pass
Captain,Assassin,8,3,BLOCK,Foreign Aid,opponent,,,win,3,pass
Captain,Assassin,8,3,LOSE_INFLUENCE,Assassinate,opponent,,,loss,1,reveal Captain
Captain,Assassin,8,3,LOSE_INFLUENCE,Coup,opponent,,,loss,1,reveal Captain
Captain,Assassin,8,4,ACTION,,,,,win,2,Coup
Captain,Assassin,8,4,ACTION_CHALLENGE,Assassinate,opponent,,,loss,3,pass
Captain,Assassin,8,4,BLOCK,Assassinate,opponent,,,loss,2,pass
Captain,Assassin,8,4,BLOCK,Foreign Aid,opponent,,,win,3,pass
Captain,Assassin,8,4,LOSE_INFLUENCE,Assassinate,opponent,,,loss,1,reveal Captain
Captain,Assassin,8,4,LOSE_INFLUENCE,Coup,opponent,,,loss,1,reveal Captain
Captain,Assassin,8,5,ACTION,,,,,win,2,Coup
Captain,Assassin,8,5,ACTION_CHALLENGE,Assassinate,opponent,,,loss,3,pass
Captain,Assassin,8,5,BLOCK,Assassinate,opponent,,,loss,2,pass
Captain,Assassin,8,5,BLOCK,Foreign Aid,opponent,,,win,3,pass
Captain,Assassin,8,5,LOSE_INFLUENCE,Assassinate,opponent,,,loss,1,reveal Captain
Captain,Assassin,8,6,ACTION,,,,,win,2,Coup
Captain,Assassin,8,6,ACTION_CHALLENGE,Assassinate,opponent,,,loss,3,pass
Captain,Assassin,8,6,BLOCK,Assassinate,opponent,,,loss,2,pass
Captain,Assassin,8,6,BLOCK,Foreign Aid,opponent,,,win,3,pass
Captain,Assassin,8,6,LOSE_INFLUENCE,Assassinate,opponent,,,loss,1,reveal Captain
Captain,Assassin,8,7,ACTION,,,,,win,2,Coup
Captain,Assassin,8,7,BLOCK,Foreign Aid,opponent,,,win,3,pass
Captain,Assassin,8,8,ACTION,,,,,win,2,Coup
Captain,Assassin,8,8,BLOCK,Foreign Aid,opponent,,,win,3,pass
Captain,Assassin,8,9,ACTION,,,,,win,2,Coup
Captain,Assassin,8,9,BLOCK,Foreign Aid,opponent,,,win,3,pass
Captain,Assassin,8,10,ACTION,,,,,win,2,Coup
Captain,Assassin,8,11,ACTION,,,,,win,2,Coup
Captain,Assassin,9,0,ACTION_CHALLENGE,Assassinate,opponent,,,loss,3,pass
Captain,Assassin,9,0,BLOCK,Assassinate,opponent,,,loss,2,pass
Captain,Assassin,9,0,BLOCK,Foreign Aid,opponent,,,win,3,pass
Captain,Assassin,9,0,LOSE_INFLUENCE,Assassinate,opponent,,,loss,1,reveal Captain
Captain,Assassin,9,0,LOSE_INFLUENCE,Coup,opponent,,,loss,1,reveal Captain
Captain,Assassin,9,1,ACTION,,,,,win,2,Coup
Captain,Assassin,9,1,ACTION_CHALLENGE,Assassinate,opponent,,,loss,3,pass
Captain,Assassin,9,1,BLOCK,Assassinate,opponent,,,loss,2,pass
Captain,Assassin,9,1,BLOCK,Foreign Aid,opponent,,,win,3,pass
Captain,Assassin,9,1,LOSE_INFLUENCE,Assassinate,opponent,,,loss,1,reveal Captain
Captain,Assassin,9,1,LOSE_INFLUENCE,Coup,opponent,,,loss,1,reveal Captain
Captain,Assassin,9,2,ACTION,,,,,win,2,Coup
Captain,Assassin,9,2,ACTION_CHALLENGE,Assassinate,opponent,,,loss,3,pass
Captain,Assassin,9,2,BLOCK,Assassinate,opponent,,,loss,2,pass
Captain,Assassin,9,2,BLOCK,Foreign Aid,opponent,,,win,3,pass
Captain,Assassin,9,2,LOSE_INFLUENCE,Assassinate,opponent,,,loss,1,reveal Captain
Captain,Assassin,9,2,LOSE_INFLUENCE,Coup,opponent,,,loss,1,reveal Captain
Captain,Assassin,9,3,ACTION,,,,,win,2,Coup
Captain,Assassin,9,3,ACTION_CHALLENGE,Assassinate,opponent,,,loss,3,pass
Captain,Assassin,9,3,BLOCK,Assassinate,opponent,,,loss,2,pass
Captain,Assassin,9,3,BLOCK,Foreign Aid,opponent,,,win,3,pass
Captain,Assassin,9,3,LOSE_INFLUENCE,Assassinate,opponent,,,loss,1,reveal Captain
Captain,Assassin,9,3,LOSE_INFLUENCE,Coup,opponent,,,loss,1,reveal Captain
Captain,Assassin,9,4,ACTION,,,,,win,2,Coup
Captain,Assassin,9,4,ACTION_CHALLENGE,Assassinate,opponent,,,loss,3,pass
Captain,Assassin,9,4,BLOCK,Assassinate,opponent,,,loss,2,pass
Captain,Assassin,9,4,BLOCK,Foreign Aid,opponent,,,win,3,pass
Captain,Assassin,9,4,LOSE_INFLUENCE,Assassinate,opponent,,,loss,1,reveal Captain
Captain,Assassin,9,4,LOSE_INFLUENCE,Coup,opponent,,,loss,1,reveal Captain
Captain,Assassin,9,5,ACTION,,,,,win,2,Coup
Captain,Assassin,9,5,ACTION_CHALLENGE,Assassinate,opponent,,,loss,3,pass
Captain,Assassin,9,5,BLOCK,Assassinate,opponent,,,loss,2,pass
Captain,Assassin,9,5,BLOCK,Foreign Aid,opponent,,,win,3,pass
Captain,Assassin,9,5,LOSE_INFLUENCE,Assassinate,opponent,,,loss,1,reveal Captain
Captain,Assassin,9,6,ACTION,,,,,win,2,Coup
Captain,Assassin,9,6,ACTION_CHALLENGE,Assassinate,opponent,,,loss,3,pass
Captain,Assassin,9,6,BLOCK,Assassinate,opponent,,,loss,2,pass
Captain,Assassin,9,6,BLOCK,Foreign Aid,opponent,,,win,3,pass
Captain,Assassin,9,6,LOSE_INFLUENCE,Assassinate,opponent,,,loss,1,reveal Captain
Captain,Assassin,9,7,ACTION,,,,,win,2,Coup
Captain,Assassin,9,7,BLOCK,Foreign Aid,opponent,,,win,3,pass
Captain,Assassin,9,8,ACTION,,,,,win,2,Coup
Captain,Assassin,9,8,BLOCK,Foreign Aid,opponent,,,win,3,pass
Captain,Assassin,9,9,ACTION,,,,,win,2,Coup
Captain,Assassin,9,9,BLOCK,Foreign Aid,opponent,,,win,3,pass
Captain,Assassin,9,10,ACTION,,,,,win,2,Coup
Captain,Assassin,9,11,ACTION,,,,,win,2,Coup
Captain,Assassin,10,0,ACTION_CHALLENGE,Assassinate,opponent,,,loss,3,pass
Captain,Assassin,10,0,BLOCK,Assassinate,opponent,,,loss,2,pass
Captain,Assassin,10,0,BLOCK,Foreign Aid,opponent,,,win,3,pass
Captain,Assassin,10,0,LOSE_INFLUENCE,Assassinate,opponent,,,loss,1,reveal Captain
Captain,Assassin,10,0,LOSE_INFLUENCE,Coup,opponent,,,loss,1,reveal Captain
Captain,Assassin,10,1,ACTION,,,,,win,2,Coup
Captain,Assassin,10,1,ACTION_CHALLENGE,Assassinate,opponent,,,loss,3,pass
Captain,Assassin,10,1,BLOCK,Assassinate,opponent,,,loss,2,pass
Captain,Assassin,10,1,BLOCK,Foreign Aid,opponent,,,win,3,pass
Captain,Assassin,10,1,LOSE_INFLUENCE,Assassinate,opponent,,,loss,1,reveal Captain
Captain,Assassin,10,1,LOSE_INFLUENCE,Coup,opponent,,,loss,1,reveal Captain
Captain,Assassin,10,2,ACTION,,,,,win,2,Coup
Captain,Assassin,10,2,ACTION_CHALLENGE,Assassinate,opponent,,,loss,3,pass
Captain,Assassin,10,2,BLOCK,Assassinate,opponent,,,loss,2,pass
Captain,Assassin,10,2,BLOCK,Foreign Aid,opponent,,,win,3,pass
Captain,Assassin,10,2,LOSE_INFLUENCE,Assassinate,opponent,,,loss,1,reveal Captain
Captain,Assassin,10,2,LOSE_INFLUENCE,Coup,opponent,,,loss,1,reveal Captain
Captain,Assassin,10,3,ACTION,,,,,win,2,Coup
Captain,Assassin,10,3,ACTION_CHALLENGE,Assassinate,opponent,,,loss,3,pass
Captain,Assassin,10,3,BLOCK,Assassinate,opponent,,,loss,2,pass
Captain,Assassin,10,3,BLOCK,Foreign Aid,opponent,,,win,3,pass
Captain,Assassin,10,3,LOSE_INFLUENCE,Assassinate,opponent,,,loss,1,reveal Captain
Captain,Assassin,10,3,LOSE_INFLUENCE,Coup,opponent,,,loss,1,reveal Captain
Captain,Assassin,10,4,ACTION,,,,,win,2,Coup
Captain,Assassin,10,4,ACTION_CHALLENGE,Assassinate,opponent,,,loss,3,pass
Captain,Assassin,10,4,BLOCK,Assassinate,opponent,,,loss,2,pass
Captain,Assassin,10,4,BLOCK,Foreign Aid,opponent,,,win,3,pass
Captain,Assassin,10,4,LOSE_INFLUENCE,Assassinate,opponent,,,loss,1,reveal Captain
Captain,Assassin,10,4,LOSE_INFLUENCE,Coup,opponent,,,loss,1,reveal Captain
Captain,Assassin,10,5,ACTION,,,,,win,2,Coup
Captain,Assassin,10,5,ACTION_CHALLENGE,Assassinate,opponent,,,loss,3,pass
Captain,Assassin,10,5,BLOCK,Assassinate,opponent,,,loss,2,pass
Captain,Assassin,10,5,BLOCK,Foreign Aid,opponent,,,win,3,pass
Captain,Assassin,10,5,LOSE_INFLUENCE,Assassinate,opponent,,,loss,1,reveal Captain
Captain,Assassin,10,6,ACTION,,,,,win,2,Coup
Captain,Assassin,10,6,ACTION_CHALLENGE,Assassinate,opponent,,,loss,3,pass
Captain,Assassin,10,6,BLOCK,Assassinate,opponent,,,loss,2,pass
Captain,Assassin,10,6,BLOCK,Foreign Aid,opponent,,,win,3,pass
Captain,Assassin,10,6,LOSE_INFLUENCE,Assassinate,opponent,,,loss,1,reveal Captain
Captain,Assassin,10,7,ACTION,,,,,win,2,Coup
Captain,Assassin,10,7,BLOCK,Foreign Aid,opponent,,,win,3,pass
Captain,Assassin,10,8,ACTION,,,,,win,2,Coup
Captain,Assassin,10,8,BLOCK,Foreign Aid,opponent,,,win,3,pass
Captain,Assassin,10,9,ACTION,,,,,win,2,Coup
Captain,Assassin,10,9,BLOCK,Foreign Aid,opponent,,,win,3,pass
Captain,Assassin,10,10,ACTION,,,,,win,2,Coup
Captain,Assassin,10,11,ACTION,,,,,win,2,Coup
Captain,Assassin,11,0,ACTION_CHALLENGE,Assassinate,opponent,,,loss,3,pass
Captain,Assassin,11,0,BLOCK,Assassinate,opponent,,,loss,2,pass
Captain,Assassin,11,0,BLOCK,Foreign Aid,opponent,,,win,3,pass
Captain,Assassin,11,0,LOSE_INFLUENCE,Assassinate,opponent,,,loss,1,reveal Captain
Captain,Assassin,11,0,LOSE_INFLUENCE,Coup,opponent,,,loss,1,reveal Captain
Captain,Assassin,11,1,ACTION,,,,,win,2,Coup
Captain,Assassin,11,1,ACTION_CHALLENGE,Assassinate,opponent,,,loss,3,pass
Captain,Assassin,11,1,BLOCK,Assassinate,opponent,,,loss,2,pass
Captain,Assassin,11,1,BLOCK,Foreign Aid,opponent,,,win,3,pass
Captain,Assassin,11,1,LOSE_INFLUENCE,Assassinate,opponent,,,loss,1,reveal Captain
Captain,Assassin,11,1,LOSE_INFLUENCE,Coup,opponent,,,loss,1,reveal Captain
Captain,Assassin,11,2,ACTION,,,,,win,2,Coup
Captain,Assassin,11,2,ACTION_CHALLENGE,Assassinate,opponent,,,loss,3,pass
Captain,Assassin,11,2,BLOCK,Assassinate,opponent,,,loss,2,pass
Captain,Assassin,11,2,BLOCK,Foreign Aid,opponent,,,win,3,pass
Captain,Assassin,11,2,LOSE_INFLUENCE,Assassinate,opponent,,,loss,1,reveal Captain
Captain,Assassin,11,2,LOSE_INFLUENCE,Coup,opponent,,,loss,1,reveal Captain
Captain,Assassin,11,3,ACTION,,,,,win,2,Coup
Captain,Assassin,11,3,ACTION_CHALLENGE,Assassinate,opponent,,,loss,3,pass
Captain,Assassin,11,3,BLOCK,Assassinate,opponent,,,loss,2,pass
Captain,Assassin,11,3,BLOCK,Foreign Aid,opponent,,,win,3,pass
Captain,Assassin,11,3,LOSE_INFLUENCE,Assassinate,opponent,,,loss,1,reveal Captain
Captain,Assassin,11,3,LOSE_INFLUENCE,Coup,opponent,,,loss,1,reveal Captain
Captain,Assassin,11,4,ACTION,,,,,win,2,Coup
Captain,Assassin,11,4,ACTION_CHALLENGE,Assassinate,opponent,,,loss,3,pass
Captain,Assassin,11,4,BLOCK,Assassinate,opponent,,,loss,2,pass
Captain,Assassin,11,4,BLOCK,Foreign Aid,opponent,,,win,3,pass
Captain,Assassin,11,4,LOSE_INFLUENCE,Assassinate,opponent,,,loss,1,reveal Captain
Captain,Assassin,11,4,LOSE_INFLUENCE,Coup,opponent,,,loss,1,reveal Captain
Captain,Assassin,11,5,ACTION,,,,,win,2,Coup
Captain,Assassin,11,5,ACTION_CHALLENGE,Assassinate,opponent,,,loss,3,pass
Captain,Assassin,11,5,BLOCK,Assassinate,opponent,,,loss,2,pass
Captain,Assassin,11,5,BLOCK,Foreign Aid,opponent,,,win,3,pass
Captain,Assassin,11,5,LOSE_INFLUENCE,Assassinate,opponent,,,loss,1,reveal Captain
Captain,Assassin,11,6,ACTION,,,,,win,2,Coup
Captain,Assassin,11,6,ACTION_CHALLENGE,Assassinate,opponent,,,loss,3,pass
Captain,Assassin,11,6,BLOCK,Assassinate,opponent,,,loss,2,pass
Captain,Assassin,11,6,BLOCK,Foreign Aid,opponent,,,win,3,pass
Captain,Assassin,11,6,LOSE_INFLUENCE,Assassinate,opponent,,,loss,1,reveal Captain
Captain,Assassin,11,7,ACTION,,,,,win,2,Coup
Captain,Assassin,11,7,BLOCK,Foreign Aid,opponent,,,win,3,pass
Captain,Assassin,11,8,ACTION,,,,,win,2,Coup
Captain,Assassin,11,8,BLOCK,Foreign Aid,opponent,,,win,3,pass
Captain,Assassin,11,9,ACTION,,,,,win,2,Coup
Captain,Assassin,11,9,BLOCK,Foreign Aid,opponent,,,win,3,pass
Captain,Assassin,11,10,ACTION,,,,,win,2,Coup
Captain,Assassin,11,11,ACTION,,,,,win,2,Coup
Captain,Captain,0,0,ACTION,,,,,win,25,Income|Foreign Aid
Captain,Captain,0,0,BLOCK,Foreign Aid,opponent,,,loss,24,pass
Captain,Captain,0,0,LOSE_INFLUENCE,Coup,opponent,,,loss,1,reveal Captain
Captain,Captain,0,1,ACTION,,,,,loss,24,Steal
Captain,Captain,0,1,BLOCK,Foreign Aid,opponent,,,loss,19,pass
Captain,Captain,0,1,BLOCK_CHALLENGE,Steal,self,Captain,opponent,loss,21,pass
Captain,Captain,0,1,LOSE_INFLUENCE,Coup,opponent,,,loss,1,reveal Captain
Captain,Captain,0,2,ACTION,,,,,loss,23,Steal
Captain,Captain,0,2,BLOCK,Foreign Aid,opponent,,,loss,18,pass
Captain,Captain,0,2,BLOCK_CHALLENGE,Steal,self,Captain,opponent,loss,20,pass
Captain,Captain,0,2,LOSE_INFLUENCE,Coup,opponent,,,loss,1,reveal Captain
Captain,Captain,0,3,ACTION,,,,,loss,18,Steal
Captain,Captain,0,3,BLOCK,Foreign Aid,opponent,,,loss,13,pass
Captain,Captain,0,3,BLOCK_CHALLENGE,Steal,self,Captain,opponent,loss,15,pass
Captain,Captain,0,3,LOSE_INFLUENCE,Coup,opponent,,,loss,1,reveal Captain
Captain,Captain,0,4,ACTION,,,,,loss,17,Steal
Captain,Captain,0,4,BLOCK,Foreign Aid,opponent,,,loss,12,pass
Captain,Captain,0,4,BLOCK_CHALLENGE,Steal,self,Captain,opponent,loss,14,pass
Captain,Captain,0,4,LOSE_INFLUENCE,Coup,opponent,,,loss,1,reveal Captain
Captain,Captain,0,5,ACTION,,,,,loss,12,Steal
Captain,Captain,0,5,BLOCK,Foreign Aid,opponent,,,loss,7,pass
Captain,Captain,0,5,BLOCK_CHALLENGE,Steal,self,Captain,opponent,loss,9,pass
Captain,Captain,0,6,ACTION,,,,,loss,11,Steal
Captain,Captain,0,6,BLOCK,Foreign Aid,opponent,,,loss,7,pass
Captain,Captain,0,6,BLOCK_CHALLENGE,Steal,self,Captain,opponent,loss,8,pass
Captain,Captain,0,7,ACTION,,,,,loss,6,Steal
Captain,Captain,0,7,BLOCK,Foreign Aid,opponent,,,loss,6,pass
Captain,Captain,0,7,BLOCK_CHALLENGE,Steal,self,Captain,opponent,loss,3,pass
Captain,Captain,0,8,ACTION,,,,,loss,6,Steal
Captain,Captain,0,8,BLOCK,Foreign Aid,opponent,,,loss,6,pass
Captain,Captain,0,8,BLOCK_CHALLENGE,Steal,self,Captain,opponent,loss,3,pass
Captain,Captain,0,9,ACTION,,,,,loss,5,Steal
Captain,Captain,0,9,BLOCK,Foreign Aid,opponent,,,loss,6,pass
Captain,Captain,0,9,BLOCK_CHALLENGE,Steal,self,Captain,opponent,loss,3,pass
Captain,Captain,0,10,ACTION,,,,,loss,5,Steal
Captain,Captain,0,10,BLOCK_CHALLENGE,Steal,self,Captain,opponent,loss,3,pass
Captain,Captain,0,11,ACTION,,,,,loss,5,Steal
Captain,Captain,0,11,BLOCK_CHALLENGE,Steal,self,Captain,opponent,loss,3,pass
Captain,Captain,1,0,ACTION,,,,,win,20,Foreign Aid
Captain,Captain,1,0,ACTION_CHALLENGE,Steal,opponent,,,win,23,pass
Captain,Captain,1,0,BLOCK,Foreign Aid,opponent,,,win,21,pass
Captain,Captain,1,0,BLOCK,Steal,opponent,,,win,22,block Captain
Captain,Captain,1,0,LOSE_INFLUENCE,Coup,opponent,,,loss,1,reveal Captain
Captain,Captain,1,1,ACTION,,,,,win,20,Foreign Aid
Captain,Captain,1,1,ACTION_CHALLENGE,Steal,opponent,,,win,23,pass
Captain,Captain,1,1,BLOCK,Foreign Aid,opponent,,,loss,19,pass
Captain,Captain,1,1,BLOCK,Steal,opponent,,,win,22,block Captain
Captain,Captain,1,1,BLOCK_CHALLENGE,Steal,self,Captain,opponent,loss,21,pass
Captain,Captain,1,1,LOSE_INFLUENCE,Coup,opponent,,,loss,1,reveal Captain
Captain,Captain,1,2,ACTION,,,,,win,20,Foreign Aid
Captain,Captain,1,2,ACTION_CHALLENGE,Steal,opponent,,,win,23,pass
Captain,Captain,1,2,BLOCK,Foreign Aid,opponent,,,loss,18,pass
Captain,Captain,1,2,BLOCK,Steal,opponent,,,win,22,block Captain
Captain,Captain,1,2,BLOCK_CHALLENGE,Steal,self,Captain,opponent,loss,20,pass
Captain,Captain,1,2,LOSE_INFLUENCE,Coup,opponent,,,loss,1,reveal Captain
Captain,Captain,1,3,ACTION,,,,,loss,18,Steal
Captain,Captain,1,3,ACTION_CHALLENGE,Steal,opponent,,,loss,21,pass
Captain,Captain,1,3,BLOCK,Foreign Aid,opponent,,,loss,13,pass
Captain,Captain,1,3,BLOCK,Steal,opponent,,,loss,20,block Captain
Captain,Captain,1,3,BLOCK_CHALLENGE,Steal,self,Captain,opponent,loss,15,pass
Captain,Captain,1,3,LOSE_INFLUENCE,Coup,opponent,,,loss,1,reveal Captain
Captain,Captain,1,4,ACTION,,,,,loss,17,Steal
Captain,Captain,1,4,ACTION_CHALLENGE,Steal,opponent,,,loss,20,pass
Captain,Captain,1,4,BLOCK,Foreign Aid,opponent,,,loss,12,pass
Captain,Captain,1,4,BLOCK,Steal,opponent,,,loss,19,block Captain
Captain,Captain,1,4,BLOCK_CHALLENGE,Steal,self,Captain,opponent,loss,14,pass
Captain,Captain,1,4,LOSE_INFLUENCE,Coup,opponent,,,loss,1,reveal Captain
Captain,Captain,1,5,ACTION,,,,,loss,12,Steal
Captain,Captain,1,5,ACTION_CHALLENGE,Steal,opponent,,,loss,15,pass
Captain,Captain,1,5,BLOCK,Foreign Aid,opponent,,,loss,7,pass
Captain,Captain,1,5,BLOCK,Steal,opponent,,,loss,14,block Captain
Captain,Captain,1,5,BLOCK_CHALLENGE,Steal,self,Captain,opponent,loss,9,pass
Captain,Captain,1,6,ACTION,,,,,loss,11,Steal
Captain,Captain,1,6,ACTION_CHALLENGE,Steal,opponent,,,loss,14,pass
Captain,Captain,1,6,BLOCK,Foreign Aid,opponent,,,loss,7,pass
Captain,Captain,1,6,BLOCK,Steal,opponent,,,loss,13,block Captain
Captain,Captain,1,6,BLOCK_CHALLENGE,Steal,self,Captain,opponent,loss,8,pass
Captain,Captain,1,7,ACTION,,,,,loss,6,Steal
Captain,Captain,1,7,ACTION_CHALLENGE,Steal,opponent,,,loss,9,pass
Captain,Captain,1,7,BLOCK,Foreign Aid,opponent,,,loss,6,pass
Captain,Captain,1,7,BLOCK,Steal,opponent,,,loss,8,block Captain
Captain,Captain,1,7,BLOCK_CHALLENGE,Steal,self,Captain,opponent,loss,3,pass
Captain,Captain,1,8,ACTION,,,,,loss,6,Steal
Captain,Captain,1,8,ACTION_CHALLENGE,Steal,opponent,,,loss,9,pass
Captain,Captain,1,8,BLOCK,Foreign Aid,opponent,,,loss,6,pass
Captain,Captain,1,8,BLOCK,Steal,opponent,,,loss,8,block Captain
Captain,Captain,1,8,BLOCK_CHALLENGE,Steal,self,Captain,opponent,loss,3,pass
Captain,Captain,1,9,ACTION,,,,,loss,5,Steal
Captain,Captain,1,9,ACTION_CHALLENGE,Steal,opponent,,,loss,8,pass
Captain,Captain,1,9,BLOCK,Foreign Aid,opponent,,,loss,6,pass
Captain,Captain,1,9,BLOCK,Steal,opponent,,,loss,7,block Captain
Captain,Captain,1,9,BLOCK_CHALLENGE,Steal,self,Captain,opponent,loss,3,pass
Captain,Captain,1,10,ACTION,,,,,loss,5,Steal
Captain,Captain,1,10,BLOCK_CHALLENGE,Steal,self,Captain,opponent,loss,3,pass
Captain,Captain,1,11,ACTION,,,,,loss,5,Steal
Captain,Captain,1,11,BLOCK_CHALLENGE,Steal,self,Captain,opponent,loss,3,pass
Captain,Captain,2,0,ACTION,,,,,win,19,Income|Foreign Aid
Captain,Captain,2,0,ACTION_CHALLENGE,Steal,opponent,,,win,22,pass
Captain,Captain,2,0,BLOCK,Foreign Aid,opponent,,,win,20,pass
Captain,Captain,2,0,BLOCK,Steal,opponent,,,win,21,block Captain
Captain,Captain,2,0,LOSE_INFLUENCE,Coup,opponent,,,loss,1,reveal Captain
Captain,Captain,2,1,ACTION,,,,,win,19,Income|Foreign Aid
Captain,Captain,2,1,ACTION_CHALLENGE,Steal,opponent,,,win,22,pass
Captain,Captain,2,1,BLOCK,Foreign Aid,opponent,,,loss,19,pass
Captain,Captain,2,1,BLOCK,Steal,opponent,,,win,21,block Captain
Captain,Captain,2,1,BLOCK_CHALLENGE,Steal,self,Captain,opponent,loss,21,pass
Captain,Captain,2,1,LOSE_INFLUENCE,Coup,opponent,,,loss,1,reveal Captain
Captain,Captain,2,2,ACTION,,,,,win,19,Income|Foreign Aid
Captain,Captain,2,2,ACTION_CHALLENGE,Steal,opponent,,,win,22,pass
Captain,Captain,2,2,BLOCK,Foreign Aid,opponent,,,loss,18,pass
Captain,Captain,2,2,BLOCK,Steal,opponent,,,win,21,block Captain
Captain,Captain,2,2,BLOCK_CHALLENGE,Steal,self,Captain,opponent,loss,20,pass
Captain,Captain,2,2,LOSE_INFLUENCE,Coup,opponent,,,loss,1,reveal Captain
Captain,Captain,2,3,ACTION,,,,,loss,18,Steal
Captain,Captain,2,3,ACTION_CHALLENGE,Steal,opponent,,,loss,21,pass
Captain,Captain,2,3,BLOCK,Foreign Aid,opponent,,,loss,13,pass
Captain,Captain,2,3,BLOCK,Steal,opponent,,,loss,20,block Captain
Captain,Captain,2,3,BLOCK_CHALLENGE,Steal,self,Captain,opponent,loss,15,pass
Captain,Captain,2,3,LOSE_INFLUENCE,Coup,opponent,,,loss,1,reveal Captain
Captain,Captain,2,4,ACTION,,,,,loss,17,Steal
Captain,Captain,2,4,ACTION_CHALLENGE,Steal,opponent,,,loss,20,pass
Captain,Captain,2,4,BLOCK,Foreign Aid,opponent,,,loss,12,pass
Captain,Captain,2,4,BLOCK,Steal,opponent,,,loss,19,block Captain
Captain,Captain,2,4,BLOCK_CHALLENGE,Steal,self,Captain,opponent,loss,14,pass
Captain,Captain,2,4,LOSE_INFLUENCE,Coup,opponent,,,loss,1,reveal Captain
Captain,Captain,2,5,ACTION,,,,,loss,12,Steal
Captain,Captain,2,5,ACTION_CHALLENGE,Steal,opponent,,,loss,15,pass
Captain,Captain,2,5,BLOCK,Foreign Aid,opponent,,,loss,7,pass
Captain,Captain,2,5,BLOCK,Steal,opponent,,,loss,14,block Captain
Captain,Captain,2,5,BLOCK_CHALLENGE,Steal,self,Captain,opponent,loss,9,pass
Captain,Captain,2,6,ACTION,,,,,loss,11,Steal
Captain,Captain,2,6,ACTION_CHALLENGE,Steal,opponent,,,loss,14,pass
Captain,Captain,2,6,BLOCK,Foreign Aid,opponent,,,loss,7,pass
Captain,Captain,2,6,BLOCK,Steal,opponent,,,loss,13,block Captain
Captain,Captain,2,6,BLOCK_CHALLENGE,Steal,self,Captain,opponent,loss,8,pass
Captain,Captain,2,7,ACTION,,,,,loss,6,Steal
Captain,Captain,2,7,ACTION_CHALLENGE,Steal,opponent,,,loss,9,pass
Captain,Captain,2,7,BLOCK,Foreign Aid,opponent,,,loss,6,pass
Captain,Captain,2,7,BLOCK,Steal,opponent,,,loss,8,block Captain
Captain,Captain,2,7,BLOCK_CHALLENGE,Steal,self,Captain,opponent,loss,3,pass
Captain,Captain,2,8,ACTION,,,,,loss,6,Steal
Captain,Captain,2,8,ACTION_CHALLENGE,Steal,opponent,,,loss,9,pass
Captain,Captain,2,8,BLOCK,Foreign Aid,opponent,,,loss,6,pass
Captain,Captain,2,8,BLOCK,Steal,opponent,,,loss,8,block Captain
Captain,Captain,2,8,BLOCK_CHALLENGE,Steal,self,Captain,opponent,loss,3,pass
Captain,Captain,2,9,ACTION,,,,,loss,5,Steal
Captain,Captain,2,9,ACTION_CHALLENGE,Steal,opponent,,,loss,8,pass
Captain,Captain,2,9,BLOCK,Foreign Aid,opponent,,,loss,6,pass
Captain,Captain,2,9,BLOCK,Steal,opponent,,,loss,7,block Captain
Captain,Captain,2,9,BLOCK_CHALLENGE,Steal,self,Captain,opponent,loss,3,pass
Captain,Captain,2,10,ACTION,,,,,loss,5,Steal
Captain,Captain,2,10,BLOCK_CHALLENGE,Steal,self,Captain,opponent,loss,3,pass
Captain,Captain,2,11,ACTION,,,,,loss,5,Steal
Captain,Captain,2,11,BLOCK_CHALLENGE,Steal,self,Captain,opponent,loss,3,pass
Captain,Captain,3,0,ACTION,,,,,win,14,Foreign Aid
Captain,Captain,3,0,ACTION_CHALLENGE,Steal,opponent,,,win,17,pass
Captain,Captain,3,0,BLOCK,Foreign Aid,opponent,,,win,15,pass
Captain,Captain,3,0,BLOCK,Steal,opponent,,,win,16,block Captain
Captain,Captain,3,0,LOSE_INFLUENCE,Coup,opponent,,,loss,1,reveal Captain
Captain,Captain,3,1,ACTION,,,,,win,14,Foreign Aid
Captain,Captain,3,1,ACTION_CHALLENGE,Steal,opponent,,,win,17,pass
Captain,Captain,3,1,BLOCK,Foreign Aid,opponent,,,win,15,pass
Captain,Captain,3,1,BLOCK,Steal,opponent,,,win,16,block Captain
Captain,Captain,3,1,BLOCK_CHALLENGE,Steal,self,Captain,opponent,win,19,pass
Captain,Captain,3,1,LOSE_INFLUENCE,Coup,opponent,,,loss,1,reveal Captain
Captain,Captain,3,2,ACTION,,,,,win,14,Foreign Aid
Captain,Captain,3,2,ACTION_CHALLENGE,Steal,opponent,,,win,17,pass
Captain,Captain,3,2,BLOCK,Foreign Aid,opponent,,,win,15,pass
Captain,Captain,3,2,BLOCK,Steal,opponent,,,win,16,block Captain
Captain,Captain,3,2,BLOCK_CHALLENGE,Steal,self,Captain,opponent,win,19,pass
Captain,Captain,3,2,LOSE_INFLUENCE,Coup,opponent,,,loss,1,reveal Captain
Captain,Captain,3,3,ACTION,,,,,win,14,Foreign Aid
Captain,Captain,3,3,ACTION_CHALLENGE,Steal,opponent,,,win,17,pass
Captain,Captain,3,3,BLOCK,Foreign Aid,opponent,,,loss,13,pass
Captain,Captain,3,3,BLOCK,Steal,opponent,,,win,16,block Captain
Captain,Captain,3,3,BLOCK_CHALLENGE,Steal,self,Captain,opponent,loss,15,pass
Captain,Captain,3,3,LOSE_INFLUENCE,Coup,opponent,,,loss,1,reveal Captain
Captain,Captain,3,4,ACTION,,,,,win,14,Foreign Aid
Captain,Captain,3,4,ACTION_CHALLENGE,Steal,opponent,,,win,17,pass
Captain,Captain,3,4,BLOCK,Foreign Aid,opponent,,,loss,12,pass
Captain,Captain,3,4,BLOCK,Steal,opponent,,,win,16,block Captain
Captain,Captain,3,4,BLOCK_CHALLENGE,Steal,self,Captain,opponent,loss,14,pass
Captain,Captain,3,4,LOSE_INFLUENCE,Coup,opponent,,,loss,1,reveal Captain
Captain,Captain,3,5,ACTION,,,,,loss,12,Steal
Captain,Captain,3,5,ACTION_CHALLENGE,Steal,opponent,,,loss,15,pass
Captain,Captain,3,5,BLOCK,Foreign Aid,opponent,,,loss,7,pass
Captain,Captain,3,5,BLOCK,Steal,opponent,,,loss,14,block Captain
Captain,Captain,3,5,BLOCK_CHALLENGE,Steal,self,Captain,opponent,loss,9,pass
Captain,Captain,3,6,ACTION,,,,,loss,11,Steal
Captain,Captain,3,6,ACTION_CHALLENGE,Steal,opponent,,,loss,14,pass
Captain,Captain,3,6,BLOCK,Foreign Aid,opponent,,,loss,7,pass
Captain,Captain,3,6,BLOCK,Steal,opponent,,,loss,13,block Captain
Captain,Captain,3,6,BLOCK_CHALLENGE,Steal,self,Captain,opponent,loss,8,pass
Captain,Captain,3,7,ACTION,,,,,loss,6,Steal
Captain,Captain,3,7,ACTION_CHALLENGE,Steal,opponent,,,loss,9,pass
Captain,Captain,3,7,BLOCK,Foreign Aid,opponent,,,loss,6,pass
Captain,Captain,3,7,BLOCK,Steal,opponent,,,loss,8,block Captain
Captain,Captain,3,7,BLOCK_CHALLENGE,Steal,self,Captain,opponent,loss,3,pass
Captain,Captain,3,8,ACTION,,,,,loss,6,Steal
Captain,Captain,3,8,ACTION_CHALLENGE,Steal,opponent,,,loss,9,pass
Captain,Captain,3,8,BLOCK,Foreign Aid,opponent,,,loss,6,pass
Captain,Captain,3,8,BLOCK,Steal,opponent,,,loss,8,block Captain
Captain,Captain,3,8,BLOCK_CHALLENGE,Steal,self,Captain,opponent,loss,3,pass
Captain,Captain,3,9,ACTION,,,,,loss,5,Steal
Captain,Captain,3,9,ACTION_CHALLENGE,Steal,opponent,,,loss,8,pass
Captain,Captain,3,9,BLOCK,Foreign Aid,opponent,,,loss,6,pass
Captain,Captain,3,9,BLOCK,Steal,opponent,,,loss,7,block Captain
Captain,Captain,3,9,BLOCK_CHALLENGE,Steal,self,Captain,opponent,loss,3,pass
Captain,Captain,3,10,ACTION,,,,,loss,5,Steal
Captain,Captain,3,10,BLOCK_CHALLENGE,Steal,self,Captain,opponent,loss,3,pass
Captain,Captain,3,11,ACTION,,,,,loss,5,Steal
Captain,Captain,3,11,BLOCK_CHALLENGE,Steal,self,Captain,opponent,loss,3,pass
Captain,Captain,4,0,ACTION,,,,,win,13,Income|Foreign Aid
Captain,Captain,4,0,ACTION_CHALLENGE,Steal,opponent,,,win,16,pass
Captain,Captain,4,0,BLOCK,Foreign Aid,opponent,,,win,14,pass
Captain,Captain,4,0,BLOCK,Steal,opponent,,,win,15,block Captain
Captain,Captain,4,0,LOSE_INFLUENCE,Coup,opponent,,,loss,1,reveal Captain
Captain,Captain,4,1,ACTION,,,,,win,13,Income|Foreign Aid
Captain,Captain,4,1,ACTION_CHALLENGE,Steal,opponent,,,win,16,pass
Captain,Captain,4,1,BLOCK,Foreign Aid,opponent,,,win,14,pass
Captain,Captain,4,1,BLOCK,Steal,opponent,,,win,15,block Captain
Captain,Captain,4,1,BLOCK_CHALLENGE,Steal,self,Captain,opponent,win,18,pass
Captain,Captain,4,1,LOSE_INFLUENCE,Coup,opponent,,,loss,1,reveal Captain
Captain,Captain,4,2,ACTION,,,,,win,13,Income|Foreign Aid
Captain,Captain,4,2,ACTION_CHALLENGE,Steal,opponent,,,win,16,pass
Captain,Captain,4,2,BLOCK,Foreign Aid,opponent,,,win,14,pass
Captain,Captain,4,2,BLOCK,Steal,opponent,,,win,15,block Captain
Captain,Captain,4,2,BLOCK_CHALLENGE,Steal,self,Captain,opponent,win,18,pass
Captain,Captain,4,2,LOSE_INFLUENCE,Coup,opponent,,,loss,1,reveal Captain
Captain,Captain,4,3,ACTION,,,,,win,13,Income|Foreign Aid
Captain,Captain,4,3,ACTION_CHALLENGE,Steal,opponent,,,win,16,pass
Captain,Captain,4,3,BLOCK,Foreign Aid,opponent,,,loss,13,pass
Captain,Captain,4,3,BLOCK,Steal,opponent,,,win,15,block Captain
Captain,Captain,4,3,BLOCK_CHALLENGE,Steal,self,Captain,opponent,loss,15,pass
Captain,Captain,4,3,LOSE_INFLUENCE,Coup,opponent,,,loss,1,reveal Captain
Captain,Captain,4,4,ACTION,,,,,win,13,Income|Foreign Aid
Captain,Captain,4,4,ACTION_CHALLENGE,Steal,opponent,,,win,16,pass
Captain,Captain,4,4,BLOCK,Foreign Aid,opponent,,,loss,12,pass
Captain,Captain,4,4,BLOCK,Steal,opponent,,,win,15,block Captain
Captain,Captain,4,4,BLOCK_CHALLENGE,Steal,self,Captain,opponent,loss,14,pass
Captain,Captain,4,4,LOSE_INFLUENCE,Coup,opponent,,,loss,1,reveal Captain
Captain,Captain,4,5,ACTION,,,,,loss,12,Steal
Captain,Captain,4,5,ACTION_CHALLENGE,Steal,opponent,,,loss,15,pass
Captain,Captain,4,5,BLOCK,Foreign Aid,opponent,,,loss,7,pass
Captain,Captain,4,5,BLOCK,Steal,opponent,,,loss,14,block Captain
Captain,Captain,4,5,BLOCK_CHALLENGE,Steal,self,Captain,opponent,loss,9,pass
Captain,Captain,4,6,ACTION,,,,,loss,11,Steal
Captain,Captain,4,6,ACTION_CHALLENGE,Steal,opponent,,,loss,14,pass
Captain,Captain,4,6,BLOCK,Foreign Aid,opponent,,,loss,7,pass
Captain,Captain,4,6,BLOCK,Steal,opponent,,,loss,13,block Captain
Captain,Captain,4,6,BLOCK_CHALLENGE,Steal,self,Captain,opponent,loss,8,pass
Captain,Captain,4,7,ACTION,,,,,loss,6,Steal
Captain,Captain,4,7,ACTION_CHALLENGE,Steal,opponent,,,loss,9,pass
Captain,Captain,4,7,BLOCK,Foreign Aid,opponent,,,loss,6,pass
Captain,Captain,4,7,BLOCK,Steal,opponent,,,loss,8,block Captain
Captain,Captain,4,7,BLOCK_CHALLENGE,Steal,self,Captain,opponent,loss,3,pass
Captain,Captain,4,8,ACTION,,,,,loss,6,Steal
Captain,Captain,4,8,ACTION_CHALLENGE,Steal,opponent,,,loss,9,pass
Captain,Captain,4,8,BLOCK,Foreign Aid,opponent,,,loss,6,pass
Captain,Captain,4,8,BLOCK,Steal,opponent,,,loss,8,block Captain
Captain,Captain,4,8,BLOCK_CHALLENGE,Steal,self,Captain,opponent,loss,3,pass
Captain,Captain,4,9,ACTION,,,,,loss,5,Steal
Captain,Captain,4,9,ACTION_CHALLENGE,Steal,opponent,,,loss,8,pass
Captain,Captain,4,9,BLOCK,Foreign Aid,opponent,,,loss,6,pass
Captain,Captain,4,9,BLOCK,Steal,opponent,,,loss,7,block Captain
Captain,Captain,4,9,BLOCK_CHALLENGE,Steal,self,Captain,opponent,loss,3,pass
Captain,Captain,4,10,ACTION,,,,,loss,5,Steal
Captain,Captain,4,10,BLOCK_CHALLENGE,Steal,self,Captain,opponent,loss,3,pass
Captain,Captain,4,11,ACTION,,,,,loss,5,Steal
Captain,Captain,4,11,BLOCK_CHALLENGE,Steal,self,Captain,opponent,loss,3,pass
Captain,Captain,5,0,ACTION,,,,,win,8,Foreign Aid
Captain,Captain,5,0,ACTION_CHALLENGE,Steal,opponent,,,win,11,pass
Captain,Captain,5,0,BLOCK,Foreign Aid,opponent,,,win,9,pass
Captain,Captain,5,0,BLOCK,Steal,opponent,,,win,10,block Captain
Captain,Captain,5,0,LOSE_INFLUENCE,Coup,opponent,,,loss,1,reveal Captain
Captain,Captain,5,1,ACTION,,,,,win,8,Foreign Aid
Captain,Captain,5,1,ACTION_CHALLENGE,Steal,opponent,,,win,11,pass
Captain,Captain,5,1,BLOCK,Foreign Aid,opponent,,,win,9,pass
Captain,Captain,5,1,BLOCK,Steal,opponent,,,win,10,block Captain
Captain,Captain,5,1,BLOCK_CHALLENGE,Steal,self,Captain,opponent,win,13,pass
Captain,Captain,5,1,LOSE_INFLUENCE,Coup,opponent,,,loss,1,reveal Captain
Captain,Captain,5,2,ACTION,,,,,win,8,Foreign Aid
Captain,Captain,5,2,ACTION_CHALLENGE,Steal,opponent,,,win,11,pass
Captain,Captain,5,2,BLOCK,Foreign Aid,opponent,,,win,9,pass
Captain,Captain,5,2,BLOCK,Steal,opponent,,,win,10,block Captain
Captain,Captain,5,2,BLOCK_CHALLENGE,Steal,self,Captain,opponent,win,13,pass
Captain,Captain,5,2,LOSE_INFLUENCE,Coup,opponent,,,loss,1,reveal Captain
Captain,Captain,5,3,ACTION,,,,,win,8,Foreign Aid
Captain,Captain,5,3,ACTION_CHALLENGE,Steal,opponent,,,win,11,pass
Captain,Captain,5,3,BLOCK,Foreign Aid,opponent,,,win,9,pass
Captain,Captain,5,3,BLOCK,Steal,opponent,,,win,10,block Captain
Captain,Captain,5,3,BLOCK_CHALLENGE,Steal,self,Captain,opponent,win,13,pass
Captain,Captain,5,3,LOSE_INFLUENCE,Coup,opponent,,,loss,1,reveal Captain
Captain,Captain,5,4,ACTION,,,,,win,8,Foreign Aid
Captain,Captain,5,4,ACTION_CHALLENGE,Steal,opponent,,,win,11,pass
Captain,Captain,5,4,BLOCK,Foreign Aid,opponent,,,win,9,pass
Captain,Captain,5,4,BLOCK,Steal,opponent,,,win,10,block Captain
Captain,Captain,5,4,BLOCK_CHALLENGE,Steal,self,Captain,opponent,win,13,pass
Captain,Captain,5,4,LOSE_INFLUENCE,Coup,opponent,,,loss,1,reveal Captain
Captain,Captain,5,5,ACTION,,,,,win,8,Foreign Aid
Captain,Captain,5,5,ACTION_CHALLENGE,Steal,opponent,,,win,11,pass
Captain,Captain,5,5,BLOCK,Foreign Aid,opponent,,,loss,7,pass
Captain,Captain,5,5,BLOCK,Steal,opponent,,,win,10,block Captain
Captain,Captain,5,5,BLOCK_CHALLENGE,Steal,self,Captain,opponent,loss,9,pass
Captain,Captain,5,6,ACTION,,,,,win,8,Foreign Aid
Captain,Captain,5,6,ACTION_CHALLENGE,Steal,opponent,,,win,11,pass
Captain,Captain,5,6,BLOCK,Foreign Aid,opponent,,,loss,7,pass
Captain,Captain,5,6,BLOCK,Steal,opponent,,,win,10,block Captain
Captain,Captain,5,6,BLOCK_CHALLENGE,Steal,self,Captain,opponent,loss,8,pass
Captain,Captain,5,7,ACTION,,,,,loss,6,Steal
Captain,Captain,5,7,ACTION_CHALLENGE,Steal,opponent,,,loss,9,pass
Captain,Captain,5,7,BLOCK,Foreign Aid,opponent,,,loss,6,pass
Captain,Captain,5,7,BLOCK,Steal,opponent,,,loss,8,block Captain
Captain,Captain,5,7,BLOCK_CHALLENGE,Steal,self,Captain,opponent,loss,3,pass
Captain,Captain,5,8,ACTION,,,,,loss,6,Steal
Captain,Captain,5,8,ACTION_CHALLENGE,Steal,opponent,,,loss,9,pass
Captain,Captain,5,8,BLOCK,Foreign Aid,opponent,,,loss,6,pass
Captain,Captain,5,8,BLOCK,Steal,opponent,,,loss,8,block Captain
Captain,Captain,5,8,BLOCK_CHALLENGE,Steal,self,Captain,opponent,loss,3,pass
Captain,Captain,5,9,ACTION,,,,,loss,5,Steal
Captain,Captain,5,9,ACTION_CHALLENGE,Steal,opponent,,,loss,8,pass
Captain,Captain,5,9,BLOCK,Foreign Aid,opponent,,,loss,6,pass
Captain,Captain,5,9,BLOCK,Steal,opponent,,,loss,7,block Captain
Captain,Captain,5,9,BLOCK_CHALLENGE,Steal,self,Captain,opponent,loss,3,pass
Captain,Captain,5,10,ACTION,,,,,loss,5,Steal
Captain,Captain,5,10,BLOCK_CHALLENGE,Steal,self,Captain,opponent,loss,3,pass
Captain,Captain,5,11,ACTION,,,,,loss,5,Steal
Captain,Captain,5,11,BLOCK_CHALLENGE,Steal,self,Captain,opponent,loss,3,pass
Captain,Captain,6,0,ACTION,,,,,win,7,Income
Captain,Captain,6,0,ACTION_CHALLENGE,Steal,opponent,,,win,10,pass
Captain,Captain,6,0,BLOCK,Foreign Aid,opponent,,,win,8,pass
Captain,Captain,6,0,BLOCK,Steal,opponent,,,win,9,block Captain
Captain,Captain,6,0,LOSE_INFLUENCE,Coup,opponent,,,loss,1,reveal Captain
Captain,Captain,6,1,ACTION,,,,,win,7,Income
Captain,Captain,6,1,ACTION_CHALLENGE,Steal,opponent,,,win,10,pass
Captain,Captain,6,1,BLOCK,Foreign Aid,opponent,,,win,8,pass
Captain,Captain,6,1,BLOCK,Steal,opponent,,,win,9,block Captain
Captain,Captain,6,1,BLOCK_CHALLENGE,Steal,self,Captain,opponent,win,12,pass
Captain,Captain,6,1,LOSE_INFLUENCE,Coup,opponent,,,loss,1,reveal Captain
Captain,Captain,6,2,ACTION,,,,,win,7,Income
Captain,Captain,6,2,ACTION_CHALLENGE,Steal,opponent,,,win,10,pass
Captain,Captain,6,2,BLOCK,Foreign Aid,opponent,,,win,8,pass
Captain,Captain,6,2,BLOCK,Steal,opponent,,,win,9,block Captain
Captain,Captain,6,2,BLOCK_CHALLENGE,Steal,self,Captain,opponent,win,12,pass
Captain,Captain,6,2,LOSE_INFLUENCE,Coup,opponent,,,loss,1,reveal Captain
Captain,Captain,6,3,ACTION,,,,,win,7,Income
Captain,Captain,6,3,ACTION_CHALLENGE,Steal,opponent,,,win,10,pass
Captain,Captain,6,3,BLOCK,Foreign Aid,opponent,,,win,8,pass
Captain,Captain,6,3,BLOCK,Steal,opponent,,,win,9,block Captain
Captain,Captain,6,3,BLOCK_CHALLENGE,Steal,self,Captain,opponent,win,12,pass
Captain,Captain,6,3,LOSE_INFLUENCE,Coup,opponent,,,loss,1,reveal Captain
Captain,Captain,6,4,ACTION,,,,,win,7,Income
Captain,Captain,6,4,ACTION_CHALLENGE,Steal,opponent,,,win,10,pass
Captain,Captain,6,4,BLOCK,Foreign Aid,opponent,,,win,8,pass
Captain,Captain,6,4,BLOCK,Steal,opponent,,,win,9,block Captain
Captain,Captain,6,4,BLOCK_CHALLENGE,Steal,self,Captain,opponent,win,12,pass
Captain,Captain,6,4,LOSE_INFLUENCE,Coup,opponent,,,loss,1,reveal Captain
Captain,Captain,6,5,ACTION,,,,,win,7,Income
Captain,Captain,6,5,ACTION_CHALLENGE,Steal,opponent,,,win,10,pass
Captain,Captain,6,5,BLOCK,Foreign Aid,opponent,,,loss,7,pass
Captain,Captain,6,5,BLOCK,Steal,opponent,,,win,9,block Captain
Captain,Captain,6,5,BLOCK_CHALLENGE,Steal,self,Captain,opponent,loss,9,pass
Captain,Captain,6,6,ACTION,,,,,win,7,Income
Captain,Captain,6,6,ACTION_CHALLENGE,Steal,opponent,,,win,10,pass
Captain,Captain,6,6,BLOCK,Foreign Aid,opponent,,,loss,7,pass
Captain,Captain,6,6,BLOCK,Steal,opponent,,,win,9,block Captain
Captain,Captain,6,6,BLOCK_CHALLENGE,Steal,self,Captain,opponent,loss,8,pass
Captain,Captain,6,7,ACTION,,,,,loss,6,Steal
Captain,Captain,6,7,ACTION_CHALLENGE,Steal,opponent,,,loss,9,pass
Captain,Captain,6,7,BLOCK,Foreign Aid,opponent,,,loss,6,pass
Captain,Captain,6,7,BLOCK,Steal,opponent,,,loss,8,block Captain
Captain,Captain,6,7,BLOCK_CHALLENGE,Steal,self,Captain,opponent,loss,3,pass
Captain,Captain,6,8,ACTION,,,,,loss,6,Steal
Captain,Captain,6,8,ACTION_CHALLENGE,Steal,opponent,,,loss,9,pass
Captain,Captain,6,8,BLOCK,Foreign Aid,opponent,,,loss,6,pass
Captain,Captain,6,8,BLOCK,Steal,opponent,,,loss,8,block Captain
Captain,Captain,6,8,BLOCK_CHALLENGE,Steal,self,Captain,opponent,loss,3,pass
Captain,Captain,6,9,ACTION,,,,,loss,5,Steal
Captain,Captain,6,9,ACTION_CHALLENGE,Steal,opponent,,,loss,8,pass
Captain,Captain,6,9,BLOCK,Foreign Aid,opponent,,,loss,6,pass
Captain,Captain,6,9,BLOCK,Steal,opponent,,,loss,7,block Captain
Captain,Captain,6,9,BLOCK_CHALLENGE,Steal,self,Captain,opponent,loss,3,pass
Captain,Captain,6,10,ACTION,,,,,loss,5,Steal
Captain,Captain,6,10,BLOCK_CHALLENGE,Steal,self,Captain,opponent,loss,3,pass
Captain,Captain,6,11,ACTION,,,,,loss,5,Steal
Captain,Captain,6,11,BLOCK_CHALLENGE,Steal,self,Captain,opponent,loss,3,pass
Captain,Captain,7,0,ACTION,,,,,win,2,Coup
Captain,Captain,7,0,ACTION_CHALLENGE,Steal,opponent,,,win,5,pass
Captain,Captain,7,0,BLOCK,Foreign Aid,opponent,,,win,3,pass
Captain,Captain,7,0,BLOCK,Steal,opponent,,,win,4,block Captain
Captain,Captain,7,0,LOSE_INFLUENCE,Coup,opponent,,,loss,1,reveal Captain
Captain,Captain,7,1,ACTION,,,,,win,2,Coup
Captain,Captain,7,1,ACTION_CHALLENGE,Steal,opponent,,,win,5,pass
Captain,Captain,7,1,BLOCK,Foreign Aid,opponent,,,win,3,pass
Captain,Captain,7,1,BLOCK,Steal,opponent,,,win,4,block Captain
Captain,Captain,7,1,BLOCK_CHALLENGE,Steal,self,Captain,opponent,win,7,pass
Captain,Captain,7,1,LOSE_INFLUENCE,Coup,opponent,,,loss,1,reveal Captain
Captain,Captain,7,2,ACTION,,,,,win,2,Coup
Captain,Captain,7,2,ACTION_CHALLENGE,Steal,opponent,,,win,5,pass
Captain,Captain,7,2,BLOCK,Foreign Aid,opponent,,,win,3,pass
Captain,Captain,7,2,BLOCK,Steal,opponent,,,win,4,block Captain
Captain,Captain,7,2,BLOCK_CHALLENGE,Steal,self,Captain,opponent,win,7,pass
Captain,Captain,7,2,LOSE_INFLUENCE,Coup,opponent,,,loss,1,reveal Captain
Captain,Captain,7,3,ACTION,,,,,win,2,Coup
Captain,Captain,7,3,ACTION_CHALLENGE,Steal,opponent,,,win,5,pass
Captain,Captain,7,3,BLOCK,Foreign Aid,opponent,,,win,3,pass
Captain,Captain,7,3,BLOCK,Steal,opponent,,,win,4,block Captain
Captain,Captain,7,3,BLOCK_CHALLENGE,Steal,self,Captain,opponent,win,7,pass
Captain,Captain,7,3,LOSE_INFLUENCE,Coup,opponent,,,loss,1,reveal Captain
Captain,Captain,7,4,ACTION,,,,,win,2,Coup
Captain,Captain,7,4,ACTION_CHALLENGE,Steal,opponent,,,win,5,pass
Captain,Captain,7,4,BLOCK,Foreign Aid,opponent,,,win,3,pass
Captain,Captain,7,4,BLOCK,Steal,opponent,,,win,4,block Captain
Captain,Captain,7,4,BLOCK_CHALLENGE,Steal,self,Captain,opponent,win,7,pass
Captain,Captain,7,4,LOSE_INFLUENCE,Coup,opponent,,,loss,1,reveal Captain
Captain,Captain,7,5,ACTION,,,,,win,2,Coup
Captain,Captain,7,5,ACTION_CHALLENGE,Steal,opponent,,,win,5,pass
Captain,Captain,7,5,BLOCK,Foreign Aid,opponent,,,win,3,pass
Captain,Captain,7,5,BLOCK,Steal,opponent,,,win,4,block Captain
Captain,Captain,7,5,BLOCK_CHALLENGE,Steal,self,Captain,opponent,win,7,pass
Captain,Captain,7,6,ACTION,,,,,win,2,Coup
Captain,Captain,7,6,ACTION_CHALLENGE,Steal,opponent,,,win,5,pass
Captain,Captain,7,6,BLOCK,Foreign Aid,opponent,,,win,3,pass
Captain,Captain,7,6,BLOCK,Steal,opponent,,,win,4,block Captain
Captain,Captain,7,6,BLOCK_CHALLENGE,Steal,self,Captain,opponent,win,7,pass
Captain,Captain,7,7,ACTION,,,,,win,2,Coup
Captain,Captain,7,7,ACTION_CHALLENGE,Steal,opponent,,,win,5,pass
Captain,Captain,7,7,BLOCK,Foreign Aid,opponent,,,win,3,pass
Captain,Captain,7,7,BLOCK,Steal,opponent,,,win,4,block Captain
Captain,Captain,7,7,BLOCK_CHALLENGE,Steal,self,Captain,opponent,loss,3,pass
Captain,Captain,7,8,ACTION,,,,,win,2,Coup
Captain,Captain,7,8,ACTION_CHALLENGE,Steal,opponent,,,win,5,pass
Captain,Captain,7,8,BLOCK,Foreign Aid,opponent,,,win,3,pass
Captain,Captain,7,8,BLOCK,Steal,opponent,,,win,4,block Captain
Captain,Captain,7,8,BLOCK_CHALLENGE,Steal,self,Captain,opponent,loss,3,pass
Captain,Captain,7,9,ACTION,,,,,win,2,Coup
Captain,Captain,7,9,ACTION_CHALLENGE,Steal,opponent,,,win,5,pass
Captain,Captain,7,9,BLOCK,Foreign Aid,opponent,,,win,3,pass
Captain,Captain,7,9,BLOCK,Steal,opponent,,,win,4,block Captain
Captain,Captain,7,9,BLOCK_CHALLENGE,Steal,self,Captain,opponent,loss,3,pass
Captain,Captain,7,10,ACTION,,,,,win,2,Coup
Captain,Captain,7,10,BLOCK_CHALLENGE,Steal,self,Captain,opponent,loss,3,pass
Captain,Captain,7,11,ACTION,,,,,win,2,Coup
Captain,Captain,7,11,BLOCK_CHALLENGE,Steal,self,Captain,opponent,loss,3,pass
Captain,Captain,8,0,ACTION,,,,,win,2,Coup
Captain,Captain,8,0,ACTION_CHALLENGE,Steal,opponent,,,win,5,pass
Captain,Captain,8,0,BLOCK,Foreign Aid,opponent,,,win,3,pass
Captain,Captain,8,0,BLOCK,Steal,opponent,,,win,4,block Captain
Captain,Captain,8,0,LOSE_INFLUENCE,Coup,opponent,,,loss,1,reveal Captain
Captain,Captain,8,1,ACTION,,,,,win,2,Coup
Captain,Captain,8,1,ACTION_CHALLENGE,Steal,opponent,,,win,5,pass
Captain,Captain,8,1,BLOCK,Foreign Aid,opponent,,,win,3,pass
Captain,Captain,8,1,BLOCK,Steal,opponent,,,win,4,block Captain
Captain,Captain,8,1,BLOCK_CHALLENGE,Steal,self,Captain,opponent,win,7,pass
Captain,Captain,8,1,LOSE_INFLUENCE,Coup,opponent,,,loss,1,reveal Captain
Captain,Captain,8,2,ACTION,,,,,win,2,Coup
Captain,Captain,8,2,ACTION_CHALLENGE,Steal,opponent,,,win,5,pass
Captain,Captain,8,2,BLOCK,Foreign Aid,opponent,,,win,3,pass
Captain,Captain,8,2,BLOCK,Steal,opponent,,,win,4,block Captain
Captain,Captain,8,2,BLOCK_CHALLENGE,Steal,self,Captain,opponent,win,7,pass
Captain,Captain,8,2,LOSE_INFLUENCE,Coup,opponent,,,loss,1,reveal Captain
Captain,Captain,8,3,ACTION,,,,,win,2,Coup
Captain,Captain,8,3,ACTION_CHALLENGE,Steal,opponent,,,win,5,pass
Captain,Captain,8,3,BLOCK,Foreign Aid,opponent,,,win,3,pass
Captain,Captain,8,3,BLOCK,Steal,opponent,,,win,4,block Captain
Captain,Captain,8,3,BLOCK_CHALLENGE,Steal,self,Captain,opponent,win,7,pass
Captain,Captain,8,3,LOSE_INFLUENCE,Coup,opponent,,,loss,1,reveal Captain
Captain,Captain,8,4,ACTION,,,,,win,2,Coup
Captain,Captain,8,4,ACTION_CHALLENGE,Steal,opponent,,,win,5,pass
Captain,Captain,8,4,BLOCK,Foreign Aid,opponent,,,win,3,pass
Captain,Captain,8,4,BLOCK,Steal,opponent,,,win,4,block Captain
Captain,Captain,8,4,BLOCK_CHALLENGE,Steal,self,Captain,opponent,win,7,pass
Captain,Captain,8,4,LOSE_INFLUENCE,Coup,opponent,,,loss,1,reveal Captain
Captain,Captain,8,5,ACTION,,,,,win,2,Coup
Captain,Captain,8,5,ACTION_CHALLENGE,Steal,opponent,,,win,5,pass
Captain,Captain,8,5,BLOCK,Foreign Aid,opponent,,,win,3,pass
Captain,Captain,8,5,BLOCK,Steal,opponent,,,win,4,block Captain
Captain,Captain,8,5,BLOCK_CHALLENGE,Steal,self,Captain,opponent,win,7,pass
Captain,Captain,8,6,ACTION,,,,,win,2,Coup
Captain,Captain,8,6,ACTION_CHALLENGE,Steal,opponent,,,win,5,pass
Captain,Captain,8,6,BLOCK,Foreign Aid,opponent,,,win,3,pass
Captain,Captain,8,6,BLOCK,Steal,opponent,,,win,4,block Captain
Captain,Captain,8,6,BLOCK_CHALLENGE,Steal,self,Captain,opponent,win,7,pass
Captain,Captain,8,7,ACTION,,,,,win,2,Coup
Captain,Captain,8,7,ACTION_CHALLENGE,Steal,opponent,,,win,5,pass
Captain,Captain,8,7,BLOCK,Foreign Aid,opponent,,,win,3,pass
Captain,Captain,8,7,BLOCK,Steal,opponent,,,win,4,block Captain
Captain,Captain,8,7,BLOCK_CHALLENGE,Steal,self,Captain,opponent,loss,3,pass
Captain,Captain,8,8,ACTION,,,,,win,2,Coup
Captain,Captain,8,8,ACTION_CHALLENGE,Steal,opponent,,,win,5,pass
Captain,Captain,8,8,BLOCK,Foreign Aid,opponent,,,win,3,pass
Captain,Captain,8,8,BLOCK,Steal,opponent,,,win,4,block Captain
Captain,Captain,8,8,BLOCK_CHALLENGE,Steal,self,Captain,opponent,loss,3,pass
Captain,Captain,8,9,ACTION,,,,,win,2,Coup
Captain,Captain,8,9,ACTION_CHALLENGE,Steal,opponent,,,win,5,pass
Captain,Captain,8,9,BLOCK,Foreign Aid,opponent,,,win,3,pass
Captain,Captain,8,9,BLOCK,Steal,opponent,,,win,4,block Captain
Captain,Captain,8,9,BLOCK_CHALLENGE,Steal,self,Captain,opponent,loss,3,pass
Captain,Captain,8,10,ACTION,,,,,win,2,Coup
Captain,Captain,8,10,BLOCK_CHALLENGE,Steal,self,Captain,opponent,loss,3,pass
Captain,Captain,8,11,ACTION,,,,,win,2,Coup
Captain,Captain,8,11,BLOCK_CHALLENGE,Steal,self,Captain,opponent,loss,3,pass
Captain,Captain,9,0,ACTION,,,,,win,2,Coup
Captain,Captain,9,0,ACTION_CHALLENGE,Steal,opponent,,,win,4,pass
Captain,Captain,9,0,BLOCK,Foreign Aid,opponent,,,win,3,pass
Captain,Captain,9,0,BLOCK,Steal,opponent,,,win,3,pass
Captain,Captain,9,0,LOSE_INFLUENCE,Coup,opponent,,,loss,1,reveal Captain
Captain,Captain,9,1,ACTION,,,,,win,2,Coup
Captain,Captain,9,1,ACTION_CHALLENGE,Steal,opponent,,,win,4,pass
Captain,Captain,9,1,BLOCK,Foreign Aid,opponent,,,win,3,pass
Captain,Captain,9,1,BLOCK,Steal,opponent,,,win,3,pass
Captain,Captain,9,1,BLOCK_CHALLENGE,Steal,self,Captain,opponent,win,6,pass
Captain,Captain,9,1,LOSE_INFLUENCE,Coup,opponent,,,loss,1,reveal Captain
Captain,Captain,9,2,ACTION,,,,,win,2,Coup
Captain,Captain,9,2,ACTION_CHALLENGE,Steal,opponent,,,win,4,pass
Captain,Captain,9,2,BLOCK,Foreign Aid,opponent,,,win,3,pass
Captain,Captain,9,2,BLOCK,Steal,opponent,,,win,3,pass
Captain,Captain,9,2,BLOCK_CHALLENGE,Steal,self,Captain,opponent,win,6,pass
Captain,Captain,9,2,LOSE_INFLUENCE,Coup,opponent,,,loss,1,reveal Captain
Captain,Captain,9,3,ACTION,,,,,win,2,Coup
Captain,Captain,9,3,ACTION_CHALLENGE,Steal,opponent,,,win,4,pass
Captain,Captain,9,3,BLOCK,Foreign Aid,opponent,,,win,3,pass
Captain,Captain,9,3,BLOCK,Steal,opponent,,,win,3,pass
Captain,Captain,9,3,BLOCK_CHALLENGE,Steal,self,Captain,opponent,win,6,pass
Captain,Captain,9,3,LOSE_INFLUENCE,Coup,opponent,,,loss,1,reveal Captain
Captain,Captain,9,4,ACTION,,,,,win,2,Coup
Captain,Captain,9,4,ACTION_CHALLENGE,Steal,opponent,,,win,4,pass
Captain,Captain,9,4,BLOCK,Foreign Aid,opponent,,,win,3,pass
Captain,Captain,9,4,BLOCK,Steal,opponent,,,win,3,pass
Captain,Captain,9,4,BLOCK_CHALLENGE,Steal,self,Captain,opponent,win,6,pass
Captain,Captain,9,4,LOSE_INFLUENCE,Coup,opponent,,,loss,1,reveal Captain
Captain,Captain,9,5,ACTION,,,,,win,2,Coup
Captain,Captain,9,5,ACTION_CHALLENGE,Steal,opponent,,,win,4,pass
Captain,Captain,9,5,BLOCK,Foreign Aid,opponent,,,win,3,pass
Captain,Captain,9,5,BLOCK,Steal,opponent,,,win,3,pass
Captain,Captain,9,5,BLOCK_CHALLENGE,Steal,self,Captain,opponent,win,6,pass
Captain,Captain,9,6,ACTION,,,,,win,2,Coup
Captain,Captain,9,6,ACTION_CHALLENGE,Steal,opponent,,,win,4,pass
Captain,Captain,9,6,BLOCK,Foreign Aid,opponent,,,win,3,pass
Captain,Captain,9,6,BLOCK,Steal,opponent,,,win,3,pass
Captain,Captain,9,6,BLOCK_CHALLENGE,Steal,self,Captain,opponent,win,6,pass
Captain,Captain,9,7,ACTION,,,,,win,2,Coup
Captain,Captain,9,7,ACTION_CHALLENGE,Steal,opponent,,,win,4,pass
Captain,Captain,9,7,BLOCK,Foreign Aid,opponent,,,win,3,pass
Captain,Captain,9,7,BLOCK,Steal,opponent,,,win,3,pass
Captain,Captain,9,7,BLOCK_CHALLENGE,Steal,self,Captain,opponent,loss,3,pass
Captain,Captain,9,8,ACTION,,,,,win,2,Coup
Captain,Captain,9,8,ACTION_CHALLENGE,Steal,opponent,,,win,4,pass
Captain,Captain,9,8,BLOCK,Foreign Aid,opponent,,,win,3,pass
Captain,Captain,9,8,BLOCK,Steal,opponent,,,win,3,pass
Captain,Captain,9,8,BLOCK_CHALLENGE,Steal,self,Captain,opponent,loss,3,pass
Captain,Captain,9,9,ACTION,,,,,win,2,Coup
Captain,Captain,9,9,ACTION_CHALLENGE,Steal,opponent,,,win,4,pass
Captain,Captain,9,9,BLOCK,Foreign Aid,opponent,,,win,3,pass
Captain,Captain,9,9,BLOCK,Steal,opponent,,,win,3,pass
Captain,Captain,9,9,BLOCK_CHALLENGE,Steal,self,Captain,opponent,loss,3,pass
Captain,Captain,9,10,ACTION,,,,,win,2,Coup
Captain,Captain,9,10,BLOCK_CHALLENGE,Steal,self,Captain,opponent,loss,3,pass
Captain,Captain,9,11,ACTION,,,,,win,2,Coup
Captain,Captain,9,11,BLOCK_CHALLENGE,Steal,self,Captain,opponent,loss,3,pass
Captain,Captain,10,0,ACTION,,,,,win,2,Coup
Captain,Captain,10,0,ACTION_CHALLENGE,Steal,opponent,,,win,4,pass
Captain,Captain,10,0,BLOCK,Foreign Aid,opponent,,,win,3,pass
Captain,Captain,10,0,BLOCK,Steal,opponent,,,win,3,pass
Captain,Captain,10,0,LOSE_INFLUENCE,Coup,opponent,,,loss,1,reveal Captain
Captain,Captain,10,1,ACTION,,,,,win,2,Coup
Captain,Captain,10,1,ACTION_CHALLENGE,Steal,opponent,,,win,4,pass
Captain,Captain,10,1,BLOCK,Foreign Aid,opponent,,,win,3,pass
Captain,Captain,10,1,BLOCK,Steal,opponent,,,win,3,pass
Captain,Captain,10,1,LOSE_INFLUENCE,Coup,opponent,,,loss,1,reveal Captain
Captain,Captain,10,2,ACTION,,,,,win,2,Coup
Captain,Captain,10,2,ACTION_CHALLENGE,Steal,opponent,,,win,4,pass
Captain,Captain,10,2,BLOCK,Foreign Aid,opponent,,,win,3,pass
Captain,Captain,10,2,BLOCK,Steal,opponent,,,win,3,pass
Captain,Captain,10,2,LOSE_INFLUENCE,Coup,opponent,,,loss,1,reveal Captain
Captain,Captain,10,3,ACTION,,,,,win,2,Coup
Captain,Captain,10,3,ACTION_CHALLENGE,Steal,opponent,,,win,4,pass
Captain,Captain,10,3,BLOCK,Foreign Aid,opponent,,,win,3,pass
Captain,Captain,10,3,BLOCK,Steal,opponent,,,win,3,pass
Captain,Captain,10,3,LOSE_INFLUENCE,Coup,opponent,,,loss,1,reveal Captain
Captain,Captain,10,4,ACTION,,,,,win,2,Coup
Captain,Captain,10,4,ACTION_CHALLENGE,Steal,opponent,,,win,4,pass
Captain,Captain,10,4,BLOCK,Foreign Aid,opponent,,,win,3,pass
Captain,Captain,10,4,BLOCK,Steal,opponent,,,win,3,pass
Captain,Captain,10,4,LOSE_INFLUENCE,Coup,opponent,,,loss,1,reveal Captain
Captain,Captain,10,5,ACTION,,,,,win,2,Coup
Captain,Captain,10,5,ACTION_CHALLENGE,Steal,opponent,,,win,4,pass
Captain,Captain,10,5,BLOCK,Foreign Aid,opponent,,,win,3,pass
Captain,Captain,10,5,BLOCK,Steal,opponent,,,win,3,pass
Captain,Captain,10,6,ACTION,,,,,win,2,Coup
Captain,Captain,10,6,ACTION_CHALLENGE,Steal,opponent,,,win,4,pass
Captain,Captain,10,6,BLOCK,Foreign Aid,opponent,,,win,3,pass
Captain,Captain,10,6,BLOCK,Steal,opponent,,,win,3,pass
Captain,Captain,10,7,ACTION,,,,,win,2,Coup
Captain,Captain,10,7,ACTION_CHALLENGE,Steal,opponent,,,win,4,pass
Captain,Captain,10,7,BLOCK,Foreign Aid,opponent,,,win,3,pass
Captain,Captain,10,7,BLOCK,Steal,opponent,,,win,3,pass
Captain,Captain,10,8,ACTION,,,,,win,2,Coup
Captain,Captain,10,8,ACTION_CHALLENGE,Steal,opponent,,,win,4,pass
Captain,Captain,10,8,BLOCK,Foreign Aid,opponent,,,win,3,pass
Captain,Captain,10,8,BLOCK,Steal,opponent,,,win,3,pass
Captain,Captain,10,9,ACTION,,,,,win,2,Coup
Captain,Captain,10,9,ACTION_CHALLENGE,Steal,opponent,,,win,4,pass
Captain,Captain,10,9,BLOCK,Foreign Aid,opponent,,,win,3,pass
Captain,Captain,10,9,BLOCK,Steal,opponent,,,win,3,pass
Captain,Captain,10,10,ACTION,,,,,win,2,Coup
Captain,Captain,10,11,ACTION,,,,,win,2,Coup
Captain,Captain,11,0,ACTION,,,,,win,2,Coup
Captain,Captain,11,0,ACTION_CHALLENGE,Steal,opponent,,,win,4,pass
Captain,Captain,11,0,BLOCK,Foreign Aid,opponent,,,win,3,pass
Captain,Captain,11,0,BLOCK,Steal,opponent,,,win,3,pass
Captain,Captain,11,0,LOSE_INFLUENCE,Coup,opponent,,,loss,1,reveal Captain
Captain,Captain,11,1,ACTION,,,,,win,2,Coup
Captain,Captain,11,1,ACTION_CHALLENGE,Steal,opponent,,,win,4,pass
Captain,Captain,11,1,BLOCK,Foreign Aid,opponent,,,win,3,pass
Captain,Captain,11,1,BLOCK,Steal,opponent,,,win,3,pass
Captain,Captain,11,1,LOSE_INFLUENCE,Coup,opponent,,,loss,1,reveal Captain
Captain,Captain,11,2,ACTION,,,,,win,2,Coup
Captain,Captain,11,2,ACTION_CHALLENGE,Steal,opponent,,,win,4,pass
Captain,Captain,11,2,BLOCK,Foreign Aid,opponent,,,win,3,pass
Captain,Captain,11,2,BLOCK,Steal,opponent,,,win,3,pass
Captain,Captain,11,2,LOSE_INFLUENCE,Coup,opponent,,,loss,1,reveal Captain
Captain,Captain,11,3,ACTION,,,,,win,2,Coup
Captain,Captain,11,3,ACTION_CHALLENGE,Steal,opponent,,,win,4,pass
Captain,Captain,11,3,BLOCK,Foreign Aid,opponent,,,win,3,pass
Captain,Captain,11,3,BLOCK,Steal,opponent,,,win,3,pass
Captain,Captain,11,3,LOSE_INFLUENCE,Coup,opponent,,,loss,1,reveal Captain
Captain,Captain,11,4,ACTION,,,,,win,2,Coup
Captain,Captain,11,4,ACTION_CHALLENGE,Steal,opponent,,,win,4,pass
Captain,Captain,11,4,BLOCK,Foreign Aid,opponent,,,win,3,pass
Captain,Captain,11,4,BLOCK,Steal,opponent,,,win,3,pass
Captain,Captain,11,4,LOSE_INFLUENCE,Coup,opponent,,,loss,1,reveal Captain
Captain,Captain,11,5,ACTION,,,,,win,2,Coup
Captain,Captain,11,5,ACTION_CHALLENGE,Steal,opponent,,,win,4,pass
Captain,Captain,11,5,BLOCK,Foreign Aid,opponent,,,win,3,pass
Captain,Captain,11,5,BLOCK,Steal,opponent,,,win,3,pass
Captain,Captain,11,6,ACTION,,,,,win,2,Coup
Captain,Captain,11,6,ACTION_CHALLENGE,Steal,opponent,,,win,4,pass
Captain,Captain,11,6,BLOCK,Foreign Aid,opponent,,,win,3,pass
Captain,Captain,11,6,BLOCK,Steal,opponent,,,win,3,pass
Captain,Captain,11,7,ACTION,,,,,win,2,Coup
Captain,Captain,11,7,ACTION_CHALLENGE,Steal,opponent,,,win,4,pass
Captain,Captain,11,7,BLOCK,Foreign Aid,opponent,,,win,3,pass
Captain,Captain,11,7,BLOCK,Steal,opponent,,,win,3,pass
Captain,Captain,11,8,ACTION,,,,,win,2,Coup
Captain,Captain,11,8,ACTION_CHALLENGE,Steal,opponent,,,win,4,pass
Captain,Captain,11,8,BLOCK,Foreign Aid,opponent,,,win,3,pass
Captain,Captain,11,8,BLOCK,Steal,opponent,,,win,3,pass
Captain,Captain,11,9,ACTION,,,,,win,2,Coup
Captain,Captain,11,9,ACTION_CHALLENGE,Steal,opponent,,,win,4,pass
Captain,Captain,11,9,BLOCK,Foreign Aid,opponent,,,win,3,pass
Captain,Captain,11,9,BLOCK,Steal,opponent,,,win,3,pass
Captain,Captain,11,10,ACTION,,,,,win,2,Coup
Captain,Captain,11,11,ACTION,,,,,win,2,Coup
Captain,Contessa,0,0,ACTION,,,,,win,17,Income|Foreign Aid
Captain,Contessa,0,0,BLOCK,Foreign Aid,opponent,,,win,19,pass
Captain,Contessa,0,1,ACTION,,,,,win,18,Income|Foreign Aid
Captain,Contessa,0,2,ACTION,,,,,win,18,Income|Foreign Aid|Steal
Captain,Contessa,1,0,BLOCK,Foreign Aid,opponent,,,win,15,pass
Captain,Contessa,1,1,ACTION,,,,,win,14,Foreign Aid
Captain,Contessa,1,1,BLOCK,Foreign Aid,opponent,,,win,16,pass
Captain,Contessa,1,2,ACTION,,,,,win,14,Foreign Aid
Captain,Contessa,1,2,BLOCK,Foreign Aid,opponent,,,win,16,pass
Captain,Contessa,1,3,ACTION,,,,,win,15,Foreign Aid|Steal
Captain,Contessa,1,4,ACTION,,,,,win,15,Foreign Aid|Steal
Captain,Contessa,2,0,BLOCK,Foreign Aid,opponent,,,win,14,pass
Captain,Contessa,2,1,ACTION,,,,,win,13,Income|Foreign Aid
Captain,Contessa,2,1,BLOCK,Foreign Aid,opponent,,,win,15,pass
Captain,Contessa,2,2,ACTION,,,,,win,13,Income|Foreign Aid
Captain,Contessa,2,2,BLOCK,Foreign Aid,opponent,,,win,15,pass
Captain,Contessa,2,3,ACTION,,,,,win,14,Income|Foreign Aid|Steal
Captain,Contessa,2,3,BLOCK,Foreign Aid,opponent,,,win,16,pass
Captain,Contessa,2,4,ACTION,,,,,win,14,Income|Foreign Aid|Steal
Captain,Contessa,2,4,BLOCK,Foreign Aid,opponent,,,win,16,pass
Captain,Contessa,2,5,ACTION,,,,,win,15,Income|Steal
Captain,Contessa,2,6,ACTION,,,,,win,15,Income|Steal
Captain,Contessa,3,0,BLOCK,Foreign Aid,opponent,,,win,11,pass
Captain,Contessa,3,1,ACTION,,,,,win,10,Foreign Aid
Captain,Contessa,3,1,BLOCK,Foreign Aid,opponent,,,win,11,pass
Captain,Contessa,3,2,ACTION,,,,,win,10,Foreign Aid
Captain,Contessa,3,2,BLOCK,Foreign Aid,opponent,,,win,11,pass
Captain,Contessa,3,3,ACTION,,,,,win,10,Foreign Aid
Captain,Contessa,3,3,BLOCK,Foreign Aid,opponent,,,win,12,pass
Captain,Contessa,3,4,ACTION,,,,,win,10,Foreign Aid
Captain,Contessa,3,4,BLOCK,Foreign Aid,opponent,,,win,12,pass
Captain,Contessa,3,5,ACTION,,,,,win,11,Foreign Aid|Steal
Captain,Contessa,3,5,BLOCK,Foreign Aid,opponent,,,win,13,pass
Captain,Contessa,3,6,ACTION,,,,,win,11,Foreign Aid|Steal
Captain,Contessa,3,6,BLOCK,Foreign Aid,opponent,,,win,13,pass
Captain,Contessa,3,7,ACTION,,,,,win,12,Steal
Captain,Contessa,3,8,ACTION,,,,,win,12,Steal
Captain,Contessa,4,0,BLOCK,Foreign Aid,opponent,,,win,10,pass
Captain,Contessa,4,0,LOSE_INFLUENCE,Coup,opponent,,,loss,1,reveal Captain
Captain,Contessa,4,1,ACTION,,,,,win,9,Income|Foreign Aid
Captain,Contessa,4,1,BLOCK,Foreign Aid,opponent,,,win,10,pass
Captain,Contessa,4,1,LOSE_INFLUENCE,Coup,opponent,,,loss,1,reveal Captain
Captain,Contessa,4,2,ACTION,,,,,win,9,Income|Foreign Aid
Captain,Contessa,4,2,BLOCK,Foreign Aid,opponent,,,win,10,pass
Captain,Contessa,4,3,ACTION,,,,,win,9,Income|Foreign Aid
Captain,Contessa,4,3,BLOCK,Foreign Aid,opponent,,,win,11,pass
Captain,Contessa,4,4,ACTION,,,,,win,9,Income|Foreign Aid
Captain,Contessa,4,4,BLOCK,Foreign Aid,opponent,,,win,11,pass
Captain,Contessa,4,5,ACTION,,,,,win,10,Income|Steal
Captain,Contessa,4,5,BLOCK,Foreign Aid,opponent,,,win,13,pass
Captain,Contessa,4,6,ACTION,,,,,win,10,Income|Steal
Captain,Contessa,4,6,BLOCK,Foreign Aid,opponent,,,win,13,pass
Captain,Contessa,4,7,ACTION,,,,,win,12,Steal
Captain,Contessa,4,7,BLOCK,Foreign Aid,opponent,,,loss,6,pass
Captain,Contessa,4,8,ACTION,,,,,win,12,Steal
Captain,Contessa,4,8,BLOCK,Foreign Aid,opponent,,,loss,6,pass
Captain,Contessa,4,9,ACTION,,,,,loss,5,Steal
Captain,Contessa,4,10,ACTION,,,,,loss,5,Steal
Captain,Contessa,5,0,BLOCK,Foreign Aid,opponent,,,win,7,pass
Captain,Contessa,5,0,LOSE_INFLUENCE,Coup,opponent,,,loss,1,reveal Captain
Captain,Contessa,5,1,ACTION,,,,,win,6,Foreign Aid
Captain,Contessa,5,1,BLOCK,Foreign Aid,opponent,,,win,7,pass
Captain,Contessa,5,1,LOSE_INFLUENCE,Coup,opponent,,,loss,1,reveal Captain
Captain,Contessa,5,2,ACTION,,,,,win,6,Foreign Aid
Captain,Contessa,5,2,BLOCK,Foreign Aid,opponent,,,win,7,pass
Captain,Contessa,5,2,LOSE_INFLUENCE,Coup,opponent,,,loss,1,reveal Captain
Captain,Contessa,5,3,ACTION,,,,,win,6,Foreign Aid
Captain,Contessa,5,3,BLOCK,Foreign Aid,opponent,,,win,7,pass
Captain,Contessa,5,3,LOSE_INFLUENCE,Coup,opponent,,,loss,1,reveal Captain
Captain,Contessa,5,4,ACTION,,,,,win,6,Foreign Aid
Captain,Contessa,5,4,BLOCK,Foreign Aid,opponent,,,win,7,pass
Captain,Contessa,5,5,ACTION,,,,,win,6,Foreign Aid
Captain,Contessa,5,5,BLOCK,Foreign Aid,opponent,,,win,8,pass
Captain,Contessa,5,6,ACTION,,,,,win,6,Foreign Aid
Captain,Contessa,5,6,BLOCK,Foreign Aid,opponent,,,win,8,pass
Captain,Contessa,5,7,ACTION,,,,,win,7,Steal
Captain,Contessa,5,7,BLOCK,Foreign Aid,opponent,,,loss,6,pass
Captain,Contessa,5,8,ACTION,,,,,win,7,Steal
Captain,Contessa,5,8,BLOCK,Foreign Aid,opponent,,,loss,6,pass
Captain,Contessa,5,9,ACTION,,,,,loss,5,Steal
Captain,Contessa,5,9,BLOCK,Foreign Aid,opponent,,,loss,6,pass
Captain,Contessa,5,10,ACTION,,,,,loss,5,Steal
Captain,Contessa,5,11,ACTION,,,,,loss,5,Steal
Captain,Contessa,6,0,BLOCK,Foreign Aid,opponent,,,win,6,pass
Captain,Contessa,6,0,LOSE_INFLUENCE,Coup,opponent,,,loss,1,reveal Captain
Captain,Contessa,6,1,ACTION,,,,,win,5,Income
Captain,Contessa,6,1,BLOCK,Foreign Aid,opponent,,,win,6,pass
Captain,Contessa,6,1,LOSE_INFLUENCE,Coup,opponent,,,loss,1,reveal Captain
Captain,Contessa,6,2,ACTION,,,,,win,5,Income
Captain,Contessa,6,2,BLOCK,Foreign Aid,opponent,,,win,6,pass
Captain,Contessa,6,2,LOSE_INFLUENCE,Coup,opponent,,,loss,1,reveal Captain
Captain,Contessa,6,3,ACTION,,,,,win,5,Income
Captain,Contessa,6,3,BLOCK,Foreign Aid,opponent,,,win,6,pass
Captain,Contessa,6,3,LOSE_INFLUENCE,Coup,opponent,,,loss,1,reveal Captain
Captain,Contessa,6,4,ACTION,,,,,win,5,Income
Captain,Contessa,6,4,BLOCK,Foreign Aid,opponent,,,win,6,pass
Captain,Contessa,6,4,LOSE_INFLUENCE,Coup,opponent,,,loss,1,reveal Captain
Captain,Contessa,6,5,ACTION,,,,,win,5,Income
Captain,Contessa,6,5,BLOCK,Foreign Aid,opponent,,,win,8,pass
Captain,Contessa,6,6,ACTION,,,,,win,5,Income
Captain,Contessa,6,6,BLOCK,Foreign Aid,opponent,,,win,8,pass
Captain,Contessa,6,7,ACTION,,,,,win,7,Steal
Captain,Contessa,6,7,BLOCK,Foreign Aid,opponent,,,loss,6,pass
Captain,Contessa,6,8,ACTION,,,,,win,7,Steal
Captain,Contessa,6,8,BLOCK,Foreign Aid,opponent,,,loss,6,pass
Captain,Contessa,6,9,ACTION,,,,,loss,5,Steal
Captain,Contessa,6,9,BLOCK,Foreign Aid,opponent,,,loss,6,pass
Captain,Contessa,6,10,ACTION,,,,,loss,5,Steal
Captain,Contessa,6,11,ACTION,,,,,loss,5,Steal
Captain,Contessa,7,0,BLOCK,Foreign Aid,opponent,,,win,3,pass
Captain,Contessa,7,0,LOSE_INFLUENCE,Coup,opponent,,,loss,1,reveal Captain
Captain,Contessa,7,1,ACTION,,,,,win,2,Coup
Captain,Contessa,7,1,BLOCK,Foreign Aid,opponent,,,win,3,pass
Captain,Contessa,7,1,LOSE_INFLUENCE,Coup,opponent,,,loss,1,reveal Captain
Captain,Contessa,7,2,ACTION,,,,,win,2,Coup
Captain,Contessa,7,2,BLOCK,Foreign Aid,opponent,,,win,3,pass
Captain,Contessa,7,2,LOSE_INFLUENCE,Coup,opponent,,,loss,1,reveal Captain
Captain,Contessa,7,3,ACTION,,,,,win,2,Coup
Captain,Contessa,7,3,BLOCK,Foreign Aid,opponent,,,win,3,pass
Captain,Contessa,7,3,LOSE_INFLUENCE,Coup,opponent,,,loss,1,reveal Captain
Captain,Contessa,7,4,ACTION,,,,,win,2,Coup
Captain,Contessa,7,4,BLOCK,Foreign Aid,opponent,,,win,3,pass
Captain,Contessa,7,4,LOSE_INFLUENCE,Coup,opponent,,,loss,1,reveal Captain
Captain,Contessa,7,5,ACTION,,,,,win,2,Coup
Captain,Contessa,7,5,BLOCK,Foreign Aid,opponent,,,win,3,pass
Captain,Contessa,7,6,ACTION,,,,,win,2,Coup
Captain,Contessa,7,6,BLOCK,Foreign Aid,opponent,,,win,3,pass
Captain,Contessa,7,7,ACTION,,,,,win,2,Coup
Captain,Contessa,7,7,BLOCK,Foreign Aid,opponent,,,win,3,pass
Captain,Contessa,7,8,ACTION,,,,,win,2,Coup
Captain,Contessa,7,8,BLOCK,Foreign Aid,opponent,,,win,3,pass
Captain,Contessa,7,9,ACTION,,,,,win,2,Coup
Captain,Contessa,7,9,BLOCK,Foreign Aid,opponent,,,win,3,pass
Captain,Contessa,7,10,ACTION,,,,,win,2,Coup
Captain,Contessa,7,11,ACTION,,,,,win,2,Coup
Captain,Contessa,8,0,BLOCK,Foreign Aid,opponent,,,win,3,pass
Captain,Contessa,8,0,LOSE_INFLUENCE,Coup,opponent,,,loss,1,reveal Captain
Captain,Contessa,8,1,ACTION,,,,,win,2,Coup
Captain,Contessa,8,1,BLOCK,Foreign Aid,opponent,,,win,3,pass
Captain,Contessa,8,1,LOSE_INFLUENCE,Coup,opponent,,,loss,1,reveal Captain
Captain,Contessa,8,2,ACTION,,,,,win,2,Coup
Captain,Contessa,8,2,BLOCK,Foreign Aid,opponent,,,win,3,pass
Captain,Contessa,8,2,LOSE_INFLUENCE,Coup,opponent,,,loss,1,reveal Captain
Captain,Contessa,8,3,ACTION,,,,,win,2,Coup
Captain,Contessa,8,3,BLOCK,Foreign Aid,opponent,,,win,3,pass
Captain,Contessa,8,3,LOSE_INFLUENCE,Coup,opponent,,,loss,1,reveal Captain
Captain,Contessa,8,4,ACTION,,,,,win,2,Coup
Captain,Contessa,8,4,BLOCK,Foreign Aid,opponent,,,win,3,pass
Captain,Contessa,8,4,LOSE_INFLUENCE,Coup,opponent,,,loss,1,reveal Captain
Captain,Contessa,8,5,ACTION,,,,,win,2,Coup
Captain,Contessa,8,5,BLOCK,Foreign Aid,opponent,,,win,3,pass
Captain,Contessa,8,6,ACTION,,,,,win,2,Coup
Captain,Contessa,8,6,BLOCK,Foreign Aid,opponent,,,win,3,pass
Captain,Contessa,8,7,ACTION,,,,,win,2,Coup
Captain,Contessa,8,7,BLOCK,Foreign Aid,opponent,,,win,3,pass
Captain,Contessa,8,8,ACTION,,,,,win,2,Coup
Captain,Contessa,8,8,BLOCK,Foreign Aid,opponent,,,win,3,pass
Captain,Contessa,8,9,ACTION,,,,,win,2,Coup
Captain,Contessa,8,9,BLOCK,Foreign Aid,opponent,,,win,3,pass
Captain,Contessa,8,10,ACTION,,,,,win,2,Coup
Captain,Contessa,8,11,ACTION,,,,,win,2,Coup
Captain,Contessa,9,0,BLOCK,Foreign Aid,opponent,,,win,3,pass
Captain,Contessa,9,0,LOSE_INFLUENCE,Coup,opponent,,,loss,1,reveal Captain
Captain,Contessa,9,1,ACTION,,,,,win,2,Coup
Captain,Contessa,9,1,BLOCK,Foreign Aid,opponent,,,win,3,pass
Captain,Contessa,9,1,LOSE_INFLUENCE,Coup,opponent,,,loss,1,reveal Captain
Captain,Contessa,9,2,ACTION,,,,,win,2,Coup
Captain,Contessa,9,2,BLOCK,Foreign Aid,opponent,,,win,3,pass
Captain,Contessa,9,2,LOSE_INFLUENCE,Coup,opponent,,,loss,1,reveal Captain
Captain,Contessa,9,3,ACTION,,,,,win,2,Coup
Captain,Contessa,9,3,BLOCK,Foreign Aid,opponent,,,win,3,pass
Captain,Contessa,9,3,LOSE_INFLUENCE,Coup,opponent,,,loss,1,reveal Captain
Captain,Contessa,9,4,ACTION,,,,,win,2,Coup
Captain,Contessa,9,4,BLOCK,Foreign Aid,opponent,,,win,3,pass
Captain,Contessa,9,4,LOSE_INFLUENCE,Coup,opponent,,,loss,1,reveal Captain
Captain,Contessa,9,5,ACTION,,,,,win,2,Coup
Captain,Contessa,9,5,BLOCK,Foreign Aid,opponent,,,win,3,pass
Captain,Contessa,9,6,ACTION,,,,,win,2,Coup
Captain,Contessa,9,6,BLOCK,Foreign Aid,opponent,,,win,3,pass
Captain,Contessa,9,7,ACTION,,,,,win,2,Coup
Captain,Contessa,9,7,BLOCK,Foreign Aid,opponent,,,win,3,pass
Captain,Contessa,9,8,ACTION,,,,,win,2,Coup
Captain,Contessa,9,8,BLOCK,Foreign Aid,opponent,,,win,3,pass
Captain,Contessa,9,9,ACTION,,,,,win,2,Coup
Captain,Contessa,9,9,BLOCK,Foreign Aid,opponent,,,win,3,pass
Captain,Contessa,9,10,ACTION,,,,,win,2,Coup
Captain,Contessa,9,11,ACTION,,,,,win,2,Coup
Captain,Contessa,10,0,BLOCK,Foreign Aid,opponent,,,win,3,pass
Captain,Contessa,10,0,LOSE_INFLUENCE,Coup,opponent,,,loss,1,reveal Captain
Captain,Contessa,10,1,ACTION,,,,,win,2,Coup
Captain,Contessa,10,1,BLOCK,Foreign Aid,opponent,,,win,3,pass
Captain,Contessa,10,1,LOSE_INFLUENCE,Coup,opponent,,,loss,1,reveal Captain
Captain,Contessa,10,2,ACTION,,,,,win,2,Coup
Captain,Contessa,10,2,BLOCK,Foreign Aid,opponent,,,win,3,pass
Captain,Contessa,10,2,LOSE_INFLUENCE,Coup,opponent,,,loss,1,reveal Captain
Captain,Contessa,10,3,ACTION,,,,,win,2,Coup
Captain,Contessa,10,3,BLOCK,Foreign Aid,opponent,,,win,3,pass
Captain,Contessa,10,3,LOSE_INFLUENCE,Coup,opponent,,,loss,1,reveal Captain
Captain,Contessa,10,4,ACTION,,,,,win,2,Coup
Captain,Contessa,10,4,BLOCK,Foreign Aid,opponent,,,win,3,pass
Captain,Contessa,10,4,LOSE_INFLUENCE,Coup,opponent,,,loss,1,reveal Captain
Captain,Contessa,10,5,ACTION,,,,,win,2,Coup
Captain,Contessa,10,5,BLOCK,Foreign Aid,opponent,,,win,3,pass
Captain,Contessa,10,6,ACTION,,,,,win,2,Coup
Captain,Contessa,10,6,BLOCK,Foreign Aid,opponent,,,win,3,pass
Captain,Contessa,10,7,ACTION,,,,,win,2,Coup
Captain,Contessa,10,7,BLOCK,Foreign Aid,opponent,,,win,3,pass
Captain,Contessa,10,8,ACTION,,,,,win,2,Coup
Captain,Contessa,10,8,BLOCK,Foreign Aid,opponent,,,win,3,pass
Captain,Contessa,10,9,ACTION,,,,,win,2,Coup
Captain,Contessa,10,9,BLOCK,Foreign Aid,opponent,,,win,3,pass
Captain,Contessa,10,10,ACTION,,,,,win,2,Coup
Captain,Contessa,10,11,ACTION,,,,,win,2,Coup
Captain,Contessa,11,0,BLOCK,Foreign Aid,opponent,,,win,3,pass
Captain,Contessa,11,0,LOSE_INFLUENCE,Coup,opponent,,,loss,1,reveal Captain
Captain,Contessa,11,1,ACTION,,,,,win,2,Coup
Captain,Contessa,11,1,BLOCK,Foreign Aid,opponent,,,win,3,pass
Captain,Contessa,11,1,LOSE_INFLUENCE,Coup,opponent,,,loss,1,reveal Captain
Captain,Contessa,11,2,ACTION,,,,,win,2,Coup
Captain,Contessa,11,2,BLOCK,Foreign Aid,opponent,,,win,3,pass
Captain,Contessa,11,2,LOSE_INFLUENCE,Coup,opponent,,,loss,1,reveal Captain
Captain,Contessa,11,3,ACTION,,,,,win,2,Coup
Captain,Contessa,11,3,BLOCK,Foreign Aid,opponent,,,win,3,pass
Captain,Contessa,11,3,LOSE_INFLUENCE,Coup,opponent,,,loss,1,reveal Captain
Captain,Contessa,11,4,ACTION,,,,,win,2,Coup
Captain,Contessa,11,4,BLOCK,Foreign Aid,opponent,,,win,3,pass
Captain,Contessa,11,4,LOSE_INFLUENCE,Coup,opponent,,,loss,1,reveal Captain
Captain,Contessa,11,5,ACTION,,,,,win,2,Coup
Captain,Contessa,11,5,BLOCK,Foreign Aid,opponent,,,win,3,pass
Captain,Contessa,11,6,ACTION,,,,,win,2,Coup
Captain,Contessa,11,6,BLOCK,Foreign Aid,opponent,,,win,3,pass
Captain,Contessa,11,7,ACTION,,,,,win,2,Coup
Captain,Contessa,11,7,BLOCK,Foreign Aid,opponent,,,win,3,pass
Captain,Contessa,11,8,ACTION,,,,,win,2,Coup
Captain,Contessa,11,8,BLOCK,Foreign Aid,opponent,,,win,3,pass
Captain,Contessa,11,9,ACTION,,,,,win,2,Coup
Captain,Contessa,11,9,BLOCK,Foreign Aid,opponent,,,win,3,pass
Captain,Contessa,11,10,ACTION,,,,,win,2,Coup
Captain,Contessa,11,11,ACTION,,,,,win,2,Coup
Captain,Duke,0,0,ACTION,,,,,win,20,Income
Captain,Duke,0,0,ACTION_CHALLENGE,Tax,opponent,,,win,21,pass
Captain,Duke,0,0,BLOCK,Foreign Aid,opponent,,,win,21,pass
Captain,Duke,0,0,BLOCK_CHALLENGE,Foreign Aid,self,Duke,opponent,win,23,pass
Captain,Duke,0,0,LOSE_INFLUENCE,Coup,opponent,,,loss,1,reveal Captain
Captain,Duke,0,1,ACTION,,,,,win,20,Income
Captain,Duke,0,1,ACTION_CHALLENGE,Tax,opponent,,,win,23,pass
Captain,Duke,0,1,BLOCK,Foreign Aid,opponent,,,win,21,pass
Captain,Duke,0,1,BLOCK_CHALLENGE,Foreign Aid,self,Duke,opponent,win,25,pass
Captain,Duke,0,1,LOSE_INFLUENCE,Coup,opponent,,,loss,1,reveal Captain
Captain,Duke,0,2,ACTION,,,,,win,20,Income|Steal
Captain,Duke,0,2,ACTION_CHALLENGE,Tax,opponent,,,win,23,pass
Captain,Duke,0,2,BLOCK,Foreign Aid,opponent,,,win,23,pass
Captain,Duke,0,2,BLOCK_CHALLENGE,Foreign Aid,self,Duke,opponent,win,25,pass
Captain,Duke,0,2,LOSE_INFLUENCE,Coup,opponent,,,loss,1,reveal Captain
Captain,Duke,0,3,ACTION,,,,,win,20,Income|Steal
Captain,Duke,0,3,ACTION_CHALLENGE,Tax,opponent,,,loss,21,pass
Captain,Duke,0,3,BLOCK,Foreign Aid,opponent,,,win,23,pass
Captain,Duke,0,3,BLOCK_CHALLENGE,Foreign Aid,self,Duke,opponent,loss,23,pass
Captain,Duke,0,3,LOSE_INFLUENCE,Coup,opponent,,,loss,1,reveal Captain
Captain,Duke,0,4,ACTION,,,,,win,22,Steal
Captain,Duke,0,4,ACTION_CHALLENGE,Tax,opponent,,,loss,16,pass
Captain,Duke,0,4,BLOCK,Foreign Aid,opponent,,,loss,21,pass
Captain,Duke,0,4,BLOCK_CHALLENGE,Foreign Aid,self,Duke,opponent,loss,18,pass
Captain,Duke,0,4,LOSE_INFLUENCE,Coup,opponent,,,loss,1,reveal Captain
Captain,Duke,0,5,ACTION,,,,,win,22,Steal
Captain,Duke,0,5,ACTION_CHALLENGE,Tax,opponent,,,loss,11,pass
Captain,Duke,0,5,BLOCK,Foreign Aid,opponent,,,loss,16,pass
Captain,Duke,0,5,BLOCK_CHALLENGE,Foreign Aid,self,Duke,opponent,loss,13,pass
Captain,Duke,0,5,LOSE_INFLUENCE,Coup,opponent,,,loss,1,reveal Captain
Captain,Duke,0,6,ACTION,,,,,loss,20,Steal
Captain,Duke,0,6,ACTION_CHALLENGE,Tax,opponent,,,loss,6,pass
Captain,Duke,0,6,BLOCK,Foreign Aid,opponent,,,loss,11,pass
Captain,Duke,0,6,BLOCK_CHALLENGE,Foreign Aid,self,Duke,opponent,loss,8,pass
Captain,Duke,0,7,ACTION,,,,,loss,15,Steal
Captain,Duke,0,7,ACTION_CHALLENGE,Tax,opponent,,,loss,6,pass
Captain,Duke,0,7,BLOCK,Foreign Aid,opponent,,,loss,6,pass
Captain,Duke,0,7,BLOCK_CHALLENGE,Foreign Aid,self,Duke,opponent,loss,3,pass
Captain,Duke,0,8,ACTION,,,,,loss,10,Steal
Captain,Duke,0,8,ACTION_CHALLENGE,Tax,opponent,,,loss,6,pass
Captain,Duke,0,8,BLOCK,Foreign Aid,opponent,,,loss,6,pass
Captain,Duke,0,8,BLOCK_CHALLENGE,Foreign Aid,self,Duke,opponent,loss,3,pass
Captain,Duke,0,9,ACTION,,,,,loss,5,Steal
Captain,Duke,0,9,ACTION_CHALLENGE,Tax,opponent,,,loss,6,pass
Captain,Duke,0,9,BLOCK,Foreign Aid,opponent,,,loss,6,pass
Captain,Duke,0,9,BLOCK_CHALLENGE,Foreign Aid,self,Duke,opponent,loss,3,pass
Captain,Duke,0,10,ACTION,,,,,loss,5,Steal
Captain,Duke,0,10,BLOCK_CHALLENGE,Foreign Aid,self,Duke,opponent,loss,3,pass
Captain,Duke,0,11,ACTION,,,,,loss,5,Steal
Captain,Duke,0,11,BLOCK_CHALLENGE,Foreign Aid,self,Duke,opponent,loss,3,pass
Captain,Duke,0,12,ACTION,,,,,loss,5,Steal
Captain,Duke,0,12,BLOCK_CHALLENGE,Foreign Aid,self,Duke,opponent,loss,3,pass
Captain,Duke,1,0,ACTION_CHALLENGE,Tax,opponent,,,win,18,pass
Captain,Duke,1,0,BLOCK,Foreign Aid,opponent,,,win,18,pass
Captain,Duke,1,0,LOSE_INFLUENCE,Coup,opponent,,,loss,1,reveal Captain
Captain,Duke,1,1,ACTION,,,,,win,18,Income
Captain,Duke,1,1,ACTION_CHALLENGE,Tax,opponent,,,win,18,pass
Captain,Duke,1,1,BLOCK,Foreign Aid,opponent,,,win,18,pass
Captain,Duke,1,1,BLOCK_CHALLENGE,Foreign Aid,self,Duke,opponent,win,20,pass
Captain,Duke,1,1,LOSE_INFLUENCE,Coup,opponent,,,loss,1,reveal Captain
Captain,Duke,1,2,ACTION,,,,,win,17,Steal
Captain,Duke,1,2,ACTION_CHALLENGE,Tax,opponent,,,win,18,pass
Captain,Duke,1,2,BLOCK,Foreign Aid,opponent,,,win,18,pass
Captain,Duke,1,2,BLOCK_CHALLENGE,Foreign Aid,self,Duke,opponent,win,20,pass
Captain,Duke,1,2,LOSE_INFLUENCE,Coup,opponent,,,loss,1,reveal Captain
Captain,Duke,1,3,ACTION,,,,,win,17,Steal
Captain,Duke,1,3,ACTION_CHALLENGE,Tax,opponent,,,win,18,pass
Captain,Duke,1,3,BLOCK,Foreign Aid,opponent,,,win,18,pass
Captain,Duke,1,3,BLOCK_CHALLENGE,Foreign Aid,self,Duke,opponent,win,20,pass
Captain,Duke,1,3,LOSE_INFLUENCE,Coup,opponent,,,loss,1,reveal Captain
Captain,Duke,1,4,ACTION,,,,,win,17,Steal
Captain,Duke,1,4,ACTION_CHALLENGE,Tax,opponent,,,loss,16,pass
Captain,Duke,1,4,BLOCK,Foreign Aid,opponent,,,win,18,pass
Captain,Duke,1,4,BLOCK_CHALLENGE,Foreign Aid,self,Duke,opponent,loss,18,pass
Captain,Duke,1,4,LOSE_INFLUENCE,Coup,opponent,,,loss,1,reveal Captain
Captain,Duke,1,5,ACTION,,,,,win,17,Steal
Captain,Duke,1,5,ACTION_CHALLENGE,Tax,opponent,,,loss,11,pass
Captain,Duke,1,5,BLOCK,Foreign Aid,opponent,,,loss,16,pass
Captain,Duke,1,5,BLOCK_CHALLENGE,Foreign Aid,self,Duke,opponent,loss,13,pass
Captain,Duke,1,5,LOSE_INFLUENCE,Coup,opponent,,,loss,1,reveal Captain
Captain,Duke,1,6,ACTION,,,,,win,17,Steal
Captain,Duke,1,6,ACTION_CHALLENGE,Tax,opponent,,,loss,6,pass
Captain,Duke,1,6,BLOCK,Foreign Aid,opponent,,,loss,11,pass
Captain,Duke,1,6,BLOCK_CHALLENGE,Foreign Aid,self,Duke,opponent,loss,8,pass
Captain,Duke,1,7,ACTION,,,,,loss,15,Steal
Captain,Duke,1,7,ACTION_CHALLENGE,Tax,opponent,,,loss,6,pass
Captain,Duke,1,7,BLOCK,Foreign Aid,opponent,,,loss,6,pass
Captain,Duke,1,7,BLOCK_CHALLENGE,Foreign Aid,self,Duke,opponent,loss,3,pass
Captain,Duke,1,8,ACTION,,,,,loss,10,Steal
Captain,Duke,1,8,ACTION_CHALLENGE,Tax,opponent,,,loss,6,pass
Captain,Duke,1,8,BLOCK,Foreign Aid,opponent,,,loss,6,pass
Captain,Duke,1,8,BLOCK_CHALLENGE,Foreign Aid,self,Duke,opponent,loss,3,pass
Captain,Duke,1,9,ACTION,,,,,loss,5,Steal
Captain,Duke,1,9,ACTION_CHALLENGE,Tax,opponent,,,loss,6,pass
Captain,Duke,1,9,BLOCK,Foreign Aid,opponent,,,loss,6,pass
Captain,Duke,1,9,BLOCK_CHALLENGE,Foreign Aid,self,Duke,opponent,loss,3,pass
Captain,Duke,1,10,ACTION,,,,,loss,5,Steal
Captain,Duke,1,10,BLOCK_CHALLENGE,Foreign Aid,self,Duke,opponent,loss,3,pass
Captain,Duke,1,11,ACTION,,,,,loss,5,Steal
Captain,Duke,1,11,BLOCK_CHALLENGE,Foreign Aid,self,Duke,opponent,loss,3,pass
Captain,Duke,1,12,ACTION,,,,,loss,5,Steal
Captain,Duke,1,12,BLOCK_CHALLENGE,Foreign Aid,self,Duke,opponent,loss,3,pass
Captain,Duke,2,0,ACTION_CHALLENGE,Tax,opponent,,,win,16,pass
Captain,Duke,2,0,BLOCK,Foreign Aid,opponent,,,win,16,pass
Captain,Duke,2,0,LOSE_INFLUENCE,Coup,opponent,,,loss,1,reveal Captain
Captain,Duke,2,1,ACTION,,,,,win,15,Income
Captain,Duke,2,1,ACTION_CHALLENGE,Tax,opponent,,,win,16,pass
Captain,Duke,2,1,BLOCK,Foreign Aid,opponent,,,win,16,pass
Captain,Duke,2,1,BLOCK_CHALLENGE,Foreign Aid,self,Duke,opponent,win,18,pass
Captain,Duke,2,1,LOSE_INFLUENCE,Coup,opponent,,,loss,1,reveal Captain
Captain,Duke,2,2,ACTION,,,,,win,15,Income|Steal
Captain,Duke,2,2,ACTION_CHALLENGE,Tax,opponent,,,win,18,pass
Captain,Duke,2,2,BLOCK,Foreign Aid,opponent,,,win,16,pass
Captain,Duke,2,2,BLOCK_CHALLENGE,Foreign Aid,self,Duke,opponent,win,20,pass
Captain,Duke,2,2,LOSE_INFLUENCE,Coup,opponent,,,loss,1,reveal Captain
Captain,Duke,2,3,ACTION,,,,,win,15,Income|Steal
Captain,Duke,2,3,ACTION_CHALLENGE,Tax,opponent,,,win,18,pass
Captain,Duke,2,3,BLOCK,Foreign Aid,opponent,,,win,18,pass
Captain,Duke,2,3,BLOCK_CHALLENGE,Foreign Aid,self,Duke,opponent,win,20,pass
Captain,Duke,2,3,LOSE_INFLUENCE,Coup,opponent,,,loss,1,reveal Captain
Captain,Duke,2,4,ACTION,,,,,win,15,Income|Steal
Captain,Duke,2,4,ACTION_CHALLENGE,Tax,opponent,,,loss,16,pass
Captain,Duke,2,4,BLOCK,Foreign Aid,opponent,,,win,18,pass
Captain,Duke,2,4,BLOCK_CHALLENGE,Foreign Aid,self,Duke,opponent,loss,18,pass
Captain,Duke,2,4,LOSE_INFLUENCE,Coup,opponent,,,loss,1,reveal Captain
Captain,Duke,2,5,ACTION,,,,,win,17,Steal
Captain,Duke,2,5,ACTION_CHALLENGE,Tax,opponent,,,loss,11,pass
Captain,Duke,2,5,BLOCK,Foreign Aid,opponent,,,loss,16,pass
Captain,Duke,2,5,BLOCK_CHALLENGE,Foreign Aid,self,Duke,opponent,loss,13,pass
Captain,Duke,2,5,LOSE_INFLUENCE,Coup,opponent,,,loss,1,reveal Captain
Captain,Duke,2,6,ACTION,,,,,win,17,Steal
Captain,Duke,2,6,ACTION_CHALLENGE,Tax,opponent,,,loss,6,pass
Captain,Duke,2,6,BLOCK,Foreign Aid,opponent,,,loss,11,pass
Captain,Duke,2,6,BLOCK_CHALLENGE,Foreign Aid,self,Duke,opponent,loss,8,pass
Captain,Duke,2,7,ACTION,,,,,loss,15,Steal
Captain,Duke,2,7,ACTION_CHALLENGE,Tax,opponent,,,loss,6,pass
Captain,Duke,2,7,BLOCK,Foreign Aid,opponent,,,loss,6,pass
Captain,Duke,2,7,BLOCK_CHALLENGE,Foreign Aid,self,Duke,opponent,loss,3,pass
Captain,Duke,2,8,ACTION,,,,,loss,10,Steal
Captain,Duke,2,8,ACTION_CHALLENGE,Tax,opponent,,,loss,6,pass
Captain,Duke,2,8,BLOCK,Foreign Aid,opponent,,,loss,6,pass
Captain,Duke,2,8,BLOCK_CHALLENGE,Foreign Aid,self,Duke,opponent,loss,3,pass
Captain,Duke,2,9,ACTION,,,,,loss,5,Steal
Captain,Duke,2,9,ACTION_CHALLENGE,Tax,opponent,,,loss,6,pass
Captain,Duke,2,9,BLOCK,Foreign Aid,opponent,,,loss,6,pass
Captain,Duke,2,9,BLOCK_CHALLENGE,Foreign Aid,self,Duke,opponent,loss,3,pass
Captain,Duke,2,10,ACTION,,,,,loss,5,Steal
Captain,Duke,2,10,BLOCK_CHALLENGE,Foreign Aid,self,Duke,opponent,loss,3,pass
Captain,Duke,2,11,ACTION,,,,,loss,5,Steal
Captain,Duke,2,11,BLOCK_CHALLENGE,Foreign Aid,self,Duke,opponent,loss,3,pass
Captain,Duke,2,12,ACTION,,,,,loss,5,Steal
Captain,Duke,2,12,BLOCK_CHALLENGE,Foreign Aid,self,Duke,opponent,loss,3,pass
Captain,Duke,3,0,ACTION_CHALLENGE,Tax,opponent,,,win,13,pass
Captain,Duke,3,0,BLOCK,Foreign Aid,opponent,,,win,13,pass
Captain,Duke,3,0,LOSE_INFLUENCE,Coup,opponent,,,loss,1,reveal Captain
Captain,Duke,3,1,ACTION,,,,,win,13,Income
Captain,Duke,3,1,ACTION_CHALLENGE,Tax,opponent,,,win,13,pass
Captain,Duke,3,1,BLOCK,Foreign Aid,opponent,,,win,13,pass
Captain,Duke,3,1,BLOCK_CHALLENGE,Foreign Aid,self,Duke,opponent,win,15,pass
Captain,Duke,3,1,LOSE_INFLUENCE,Coup,opponent,,,loss,1,reveal Captain
Captain,Duke,3,2,ACTION,,,,,win,12,Steal
Captain,Duke,3,2,ACTION_CHALLENGE,Tax,opponent,,,win,13,pass
Captain,Duke,3,2,BLOCK,Foreign Aid,opponent,,,win,13,pass
Captain,Duke,3,2,BLOCK_CHALLENGE,Foreign Aid,self,Duke,opponent,win,15,pass
Captain,Duke,3,2,LOSE_INFLUENCE,Coup,opponent,,,loss,1,reveal Captain
Captain,Duke,3,3,ACTION,,,,,win,12,Steal
Captain,Duke,3,3,ACTION_CHALLENGE,Tax,opponent,,,win,13,pass
Captain,Duke,3,3,BLOCK,Foreign Aid,opponent,,,win,13,pass
Captain,Duke,3,3,BLOCK_CHALLENGE,Foreign Aid,self,Duke,opponent,win,15,pass
Captain,Duke,3,3,LOSE_INFLUENCE,Coup,opponent,,,loss,1,reveal Captain
Captain,Duke,3,4,ACTION,,,,,win,12,Steal
Captain,Duke,3,4,ACTION_CHALLENGE,Tax,opponent,,,win,13,pass
Captain,Duke,3,4,BLOCK,Foreign Aid,opponent,,,win,13,pass
Captain,Duke,3,4,BLOCK_CHALLENGE,Foreign Aid,self,Duke,opponent,win,15,pass
Captain,Duke,3,4,LOSE_INFLUENCE,Coup,opponent,,,loss,1,reveal Captain
Captain,Duke,3,5,ACTION,,,,,win,12,Steal
Captain,Duke,3,5,ACTION_CHALLENGE,Tax,opponent,,,loss,11,pass
Captain,Duke,3,5,BLOCK,Foreign Aid,opponent,,,win,13,pass
Captain,Duke,3,5,BLOCK_CHALLENGE,Foreign Aid,self,Duke,opponent,loss,13,pass
Captain,Duke,3,5,LOSE_INFLUENCE,Coup,opponent,,,loss,1,reveal Captain
Captain,Duke,3,6,ACTION,,,,,win,12,Steal
Captain,Duke,3,6,ACTION_CHALLENGE,Tax,opponent,,,loss,6,pass
Captain,Duke,3,6,BLOCK,Foreign Aid,opponent,,,loss,11,pass
Captain,Duke,3,6,BLOCK_CHALLENGE,Foreign Aid,self,Duke,opponent,loss,8,pass
Captain,Duke,3,7,ACTION,,,,,win,12,Steal
Captain,Duke,3,7,ACTION_CHALLENGE,Tax,opponent,,,loss,6,pass
Captain,Duke,3,7,BLOCK,Foreign Aid,opponent,,,loss,6,pass
Captain,Duke,3,7,BLOCK_CHALLENGE,Foreign Aid,self,Duke,opponent,loss,3,pass
Captain,Duke,3,8,ACTION,,,,,loss,10,Steal
Captain,Duke,3,8,ACTION_CHALLENGE,Tax,opponent,,,loss,6,pass
Captain,Duke,3,8,BLOCK,Foreign Aid,opponent,,,loss,6,pass
Captain,Duke,3,8,BLOCK_CHALLENGE,Foreign Aid,self,Duke,opponent,loss,3,pass
Captain,Duke,3,9,ACTION,,,,,loss,5,Steal
Captain,Duke,3,9,ACTION_CHALLENGE,Tax,opponent,,,loss,6,pass
Captain,Duke,3,9,BLOCK,Foreign Aid,opponent,,,loss,6,pass
Captain,Duke,3,9,BLOCK_CHALLENGE,Foreign Aid,self,Duke,opponent,loss,3,pass
Captain,Duke,3,10,ACTION,,,,,loss,5,Steal
Captain,Duke,3,10,BLOCK_CHALLENGE,Foreign Aid,self,Duke,opponent,loss,3,pass
Captain,Duke,3,11,ACTION,,,,,loss,5,Steal
Captain,Duke,3,11,BLOCK_CHALLENGE,Foreign Aid,self,Duke,opponent,loss,3,pass
Captain,Duke,3,12,ACTION,,,,,loss,5,Steal
Captain,Duke,3,12,BLOCK_CHALLENGE,Foreign Aid,self,Duke,opponent,loss,3,pass
Captain,Duke,4,0,ACTION_CHALLENGE,Tax,opponent,,,win,11,pass
Captain,Duke,4,0,BLOCK,Foreign Aid,opponent,,,win,11,pass
Captain,Duke,4,0,LOSE_INFLUENCE,Coup,opponent,,,loss,1,reveal Captain
Captain,Duke,4,1,ACTION,,,,,win,10,Income
Captain,Duke,4,1,ACTION_CHALLENGE,Tax,opponent,,,win,11,pass
Captain,Duke,4,1,BLOCK,Foreign Aid,opponent,,,win,11,pass
Captain,Duke,4,1,BLOCK_CHALLENGE,Foreign Aid,self,Duke,opponent,win,13,pass
Captain,Duke,4,1,LOSE_INFLUENCE,Coup,opponent,,,loss,1,reveal Captain
Captain,Duke,4,2,ACTION,,,,,win,10,Income|Steal
Captain,Duke,4,2,ACTION_CHALLENGE,Tax,opponent,,,win,11,pass
Captain,Duke,4,2,BLOCK,Foreign Aid,opponent,,,win,11,pass
Captain,Duke,4,2,BLOCK_CHALLENGE,Foreign Aid,self,Duke,opponent,win,13,pass
Captain,Duke,4,2,LOSE_INFLUENCE,Coup,opponent,,,loss,1,reveal Captain
Captain,Duke,4,3,ACTION,,,,,win,10,Income|Steal
Captain,Duke,4,3,ACTION_CHALLENGE,Tax,opponent,,,win,13,pass
Captain,Duke,4,3,BLOCK,Foreign Aid,opponent,,,win,11,pass
Captain,Duke,4,3,BLOCK_CHALLENGE,Foreign Aid,self,Duke,opponent,win,15,pass
Captain,Duke,4,3,LOSE_INFLUENCE,Coup,opponent,,,loss,1,reveal Captain
Captain,Duke,4,4,ACTION,,,,,win,10,Income|Steal
Captain,Duke,4,4,ACTION_CHALLENGE,Tax,opponent,,,win,13,pass
Captain,Duke,4,4,BLOCK,Foreign Aid,opponent,,,win,13,pass
Captain,Duke,4,4,BLOCK_CHALLENGE,Foreign Aid,self,Duke,opponent,win,15,pass
Captain,Duke,4,4,LOSE_INFLUENCE,Coup,opponent,,,loss,1,reveal Captain
Captain,Duke,4,5,ACTION,,,,,win,10,Income|Steal
Captain,Duke,4,5,ACTION_CHALLENGE,Tax,opponent,,,loss,11,pass
Captain,Duke,4,5,BLOCK,Foreign Aid,opponent,,,win,13,pass
Captain,Duke,4,5,BLOCK_CHALLENGE,Foreign Aid,self,Duke,opponent,loss,13,pass
Captain,Duke,4,5,LOSE_INFLUENCE,Coup,opponent,,,loss,1,reveal Captain
Captain,Duke,4,6,ACTION,,,,,win,12,Steal
Captain,Duke,4,6,ACTION_CHALLENGE,Tax,opponent,,,loss,6,pass
Captain,Duke,4,6,BLOCK,Foreign Aid,opponent,,,loss,11,pass
Captain,Duke,4,6,BLOCK_CHALLENGE,Foreign Aid,self,Duke,opponent,loss,8,pass
Captain,Duke,4,7,ACTION,,,,,win,12,Steal
Captain,Duke,4,7,ACTION_CHALLENGE,Tax,opponent,,,loss,6,pass
Captain,Duke,4,7,BLOCK,Foreign Aid,opponent,,,loss,6,pass
Captain,Duke,4,7,BLOCK_CHALLENGE,Foreign Aid,self,Duke,opponent,loss,3,pass
Captain,Duke,4,8,ACTION,,,,,loss,10,Steal
Captain,Duke,4,8,ACTION_CHALLENGE,Tax,opponent,,,loss,6,pass
Captain,Duke,4,8,BLOCK,Foreign Aid,opponent,,,loss,6,pass
Captain,Duke,4,8,BLOCK_CHALLENGE,Foreign Aid,self,Duke,opponent,loss,3,pass
Captain,Duke,4,9,ACTION,,,,,loss,5,Steal
Captain,Duke,4,9,ACTION_CHALLENGE,Tax,opponent,,,loss,6,pass
Captain,Duke,4,9,BLOCK,Foreign Aid,opponent,,,loss,6,pass
Captain,Duke,4,9,BLOCK_CHALLENGE,Foreign Aid,self,Duke,opponent,loss,3,pass
Captain,Duke,4,10,ACTION,,,,,loss,5,Steal
Captain,Duke,4,10,BLOCK_CHALLENGE,Foreign Aid,self,Duke,opponent,loss,3,pass
Captain,Duke,4,11,ACTION,,,,,loss,5,Steal
Captain,Duke,4,11,BLOCK_CHALLENGE,Foreign Aid,self,Duke,opponent,loss,3,pass
Captain,Duke,4,12,ACTION,,,,,loss,5,Steal
Captain,Duke,4,12,BLOCK_CHALLENGE,Foreign Aid,self,Duke,opponent,loss,3,pass
Captain,Duke,5,0,ACTION_CHALLENGE,Tax,opponent,,,win,8,pass
Captain,Duke,5,0,BLOCK,Foreign Aid,opponent,,,win,8,pass
Captain,Duke,5,0,LOSE_INFLUENCE,Coup,opponent,,,loss,1,reveal Captain
Captain,Duke,5,1,ACTION,,,,,win,8,Income
Captain,Duke,5,1,ACTION_CHALLENGE,Tax,opponent,,,win,8,pass
Captain,Duke,5,1,BLOCK,Foreign Aid,opponent,,,win,8,pass
Captain,Duke,5,1,BLOCK_CHALLENGE,Foreign Aid,self,Duke,opponent,win,10,pass
Captain,Duke,5,1,LOSE_INFLUENCE,Coup,opponent,,,loss,1,reveal Captain
Captain,Duke,5,2,ACTION,,,,,win,7,Steal
Captain,Duke,5,2,ACTION_CHALLENGE,Tax,opponent,,,win,8,pass
Captain,Duke,5,2,BLOCK,Foreign Aid,opponent,,,win,8,pass
Captain,Duke,5,2,BLOCK_CHALLENGE,Foreign Aid,self,Duke,opponent,win,10,pass
Captain,Duke,5,2,LOSE_INFLUENCE,Coup,opponent,,,loss,1,reveal Captain
Captain,Duke,5,3,ACTION,,,,,win,7,Steal
Captain,Duke,5,3,ACTION_CHALLENGE,Tax,opponent,,,win,8,pass
Captain,Duke,5,3,BLOCK,Foreign Aid,opponent,,,win,8,pass
Captain,Duke,5,3,BLOCK_CHALLENGE,Foreign Aid,self,Duke,opponent,win,10,pass
Captain,Duke,5,3,LOSE_INFLUENCE,Coup,opponent,,,loss,1,reveal Captain
Captain,Duke,5,4,ACTION,,,,,win,7,Steal
Captain,Duke,5,4,ACTION_CHALLENGE,Tax,opponent,,,win,8,pass
Captain,Duke,5,4,BLOCK,Foreign Aid,opponent,,,win,8,pass
Captain,Duke,5,4,BLOCK_CHALLENGE,Foreign Aid,self,Duke,opponent,win,10,pass
Captain,Duke,5,4,LOSE_INFLUENCE,Coup,opponent,,,loss,1,reveal Captain
Captain,Duke,5,5,ACTION,,,,,win,7,Steal
Captain,Duke,5,5,ACTION_CHALLENGE,Tax,opponent,,,win,8,pass
Captain,Duke,5,5,BLOCK,Foreign Aid,opponent,,,win,8,pass
Captain,Duke,5,5,BLOCK_CHALLENGE,Foreign Aid,self,Duke,opponent,win,10,pass
Captain,Duke,5,5,LOSE_INFLUENCE,Coup,opponent,,,loss,1,reveal Captain
Captain,Duke,5,6,ACTION,,,,,win,7,Steal
Captain,Duke,5,6,ACTION_CHALLENGE,Tax,opponent,,,loss,6,pass
Captain,Duke,5,6,BLOCK,Foreign Aid,opponent,,,win,8,pass
Captain,Duke,5,6,BLOCK_CHALLENGE,Foreign Aid,self,Duke,opponent,loss,8,pass
Captain,Duke,5,7,ACTION,,,,,win,7,Steal
Captain,Duke,5,7,ACTION_CHALLENGE,Tax,opponent,,,loss,6,pass
Captain,Duke,5,7,BLOCK,Foreign Aid,opponent,,,loss,6,pass
Captain,Duke,5,7,BLOCK_CHALLENGE,Foreign Aid,self,Duke,opponent,loss,3,pass
Captain,Duke,5,8,ACTION,,,,,win,7,Steal
Captain,Duke,5,8,ACTION_CHALLENGE,Tax,opponent,,,loss,6,pass
Captain,Duke,5,8,BLOCK,Foreign Aid,opponent,,,loss,6,pass
Captain,Duke,5,8,BLOCK_CHALLENGE,Foreign Aid,self,Duke,opponent,loss,3,pass
Captain,Duke,5,9,ACTION,,,,,loss,5,Steal
Captain,Duke,5,9,ACTION_CHALLENGE,Tax,opponent,,,loss,6,pass
Captain,Duke,5,9,BLOCK,Foreign Aid,opponent,,,loss,6,pass
Captain,Duke,5,9,BLOCK_CHALLENGE,Foreign Aid,self,Duke,opponent,loss,3,pass
Captain,Duke,5,10,ACTION,,,,,loss,5,Steal
Captain,Duke,5,10,BLOCK_CHALLENGE,Foreign Aid,self,Duke,opponent,loss,3,pass
Captain,Duke,5,11,ACTION,,,,,loss,5,Steal
Captain,Duke,5,11,BLOCK_CHALLENGE,Foreign Aid,self,Duke,opponent,loss,3,pass
Captain,Duke,5,12,ACTION,,,,,loss,5,Steal
Captain,Duke,5,12,BLOCK_CHALLENGE,Foreign Aid,self,Duke,opponent,loss,3,pass
Captain,Duke,6,0,ACTION_CHALLENGE,Tax,opponent,,,win,6,pass
Captain,Duke,6,0,BLOCK,Foreign Aid,opponent,,,win,6,pass
Captain,Duke,6,0,LOSE_INFLUENCE,Coup,opponent,,,loss,1,reveal Captain
Captain,Duke,6,1,ACTION,,,,,win,5,Income
Captain,Duke,6,1,ACTION_CHALLENGE,Tax,opponent,,,win,6,pass
Captain,Duke,6,1,BLOCK,Foreign Aid,opponent,,,win,6,pass
Captain,Duke,6,1,BLOCK_CHALLENGE,Foreign Aid,self,Duke,opponent,win,8,pass
Captain,Duke,6,1,LOSE_INFLUENCE,Coup,opponent,,,loss,1,reveal Captain
Captain,Duke,6,2,ACTION,,,,,win,5,Income
Captain,Duke,6,2,ACTION_CHALLENGE,Tax,opponent,,,win,6,pass
Captain,Duke,6,2,BLOCK,Foreign Aid,opponent,,,win,6,pass
Captain,Duke,6,2,BLOCK_CHALLENGE,Foreign Aid,self,Duke,opponent,win,8,pass
Captain,Duke,6,2,LOSE_INFLUENCE,Coup,opponent,,,loss,1,reveal Captain
Captain,Duke,6,3,ACTION,,,,,win,5,Income
Captain,Duke,6,3,ACTION_CHALLENGE,Tax,opponent,,,win,6,pass
Captain,Duke,6,3,BLOCK,Foreign Aid,opponent,,,win,6,pass
Captain,Duke,6,3,BLOCK_CHALLENGE,Foreign Aid,self,Duke,opponent,win,8,pass
Captain,Duke,6,3,LOSE_INFLUENCE,Coup,opponent,,,loss,1,reveal Captain
Captain,Duke,6,4,ACTION,,,,,win,5,Income
Captain,Duke,6,4,ACTION_CHALLENGE,Tax,opponent,,,win,8,pass
Captain,Duke,6,4,BLOCK,Foreign Aid,opponent,,,win,6,pass
Captain,Duke,6,4,BLOCK_CHALLENGE,Foreign Aid,self,Duke,opponent,win,10,pass
Captain,Duke,6,4,LOSE_INFLUENCE,Coup,opponent,,,loss,1,reveal Captain
Captain,Duke,6,5,ACTION,,,,,win,5,Income
Captain,Duke,6,5,ACTION_CHALLENGE,Tax,opponent,,,win,8,pass
Captain,Duke,6,5,BLOCK,Foreign Aid,opponent,,,win,8,pass
Captain,Duke,6,5,BLOCK_CHALLENGE,Foreign Aid,self,Duke,opponent,win,10,pass
Captain,Duke,6,5,LOSE_INFLUENCE,Coup,opponent,,,loss,1,reveal Captain
Captain,Duke,6,6,ACTION,,,,,win,5,Income
Captain,Duke,6,6,ACTION_CHALLENGE,Tax,opponent,,,loss,6,pass
Captain,Duke,6,6,BLOCK,Foreign Aid,opponent,,,win,8,pass
Captain,Duke,6,6,BLOCK_CHALLENGE,Foreign Aid,self,Duke,opponent,loss,8,pass
Captain,Duke,6,7,ACTION,,,,,win,7,Steal
Captain,Duke,6,7,ACTION_CHALLENGE,Tax,opponent,,,loss,6,pass
Captain,Duke,6,7,BLOCK,Foreign Aid,opponent,,,loss,6,pass
Captain,Duke,6,7,BLOCK_CHALLENGE,Foreign Aid,self,Duke,opponent,loss,3,pass
Captain,Duke,6,8,ACTION,,,,,win,7,Steal
Captain,Duke,6,8,ACTION_CHALLENGE,Tax,opponent,,,loss,6,pass
Captain,Duke,6,8,BLOCK,Foreign Aid,opponent,,,loss,6,pass
Captain,Duke,6,8,BLOCK_CHALLENGE,Foreign Aid,self,Duke,opponent,loss,3,pass
Captain,Duke,6,9,ACTION,,,,,loss,5,Steal
Captain,Duke,6,9,ACTION_CHALLENGE,Tax,opponent,,,loss,6,pass
Captain,Duke,6,9,BLOCK,Foreign Aid,opponent,,,loss,6,pass
Captain,Duke,6,9,BLOCK_CHALLENGE,Foreign Aid,self,Duke,opponent,loss,3,pass
Captain,Duke,6,10,ACTION,,,,,loss,5,Steal
Captain,Duke,6,10,BLOCK_CHALLENGE,Foreign Aid,self,Duke,opponent,loss,3,pass
Captain,Duke,6,11,ACTION,,,,,loss,5,Steal
Captain,Duke,6,11,BLOCK_CHALLENGE,Foreign Aid,self,Duke,opponent,loss,3,pass
Captain,Duke,6,12,ACTION,,,,,loss,5,Steal
Captain,Duke,6,12,BLOCK_CHALLENGE,Foreign Aid,self,Duke,opponent,loss,3,pass
Captain,Duke,7,0,ACTION_CHALLENGE,Tax,opponent,,,win,3,pass
Captain,Duke,7,0,BLOCK,Foreign Aid,opponent,,,win,3,pass
Captain,Duke,7,0,LOSE_INFLUENCE,Coup,opponent,,,loss,1,reveal Captain
Captain,Duke,7,1,ACTION,,,,,win,2,Coup
Captain,Duke,7,1,ACTION_CHALLENGE,Tax,opponent,,,win,3,pass
Captain,Duke,7,1,BLOCK,Foreign Aid,opponent,,,win,3,pass
Captain,Duke,7,1,BLOCK_CHALLENGE,Foreign Aid,self,Duke,opponent,win,5,pass
Captain,Duke,7,1,LOSE_INFLUENCE,Coup,opponent,,,loss,1,reveal Captain
Captain,Duke,7,2,ACTION,,,,,win,2,Coup
Captain,Duke,7,2,ACTION_CHALLENGE,Tax,opponent,,,win,3,pass
Captain,Duke,7,2,BLOCK,Foreign Aid,opponent,,,win,3,pass
Captain,Duke,7,2,BLOCK_CHALLENGE,Foreign Aid,self,Duke,opponent,win,5,pass
Captain,Duke,7,2,LOSE_INFLUENCE,Coup,opponent,,,loss,1,reveal Captain
Captain,Duke,7,3,ACTION,,,,,win,2,Coup
Captain,Duke,7,3,ACTION_CHALLENGE,Tax,opponent,,,win,3,pass
Captain,Duke,7,3,BLOCK,Foreign Aid,opponent,,,win,3,pass
Captain,Duke,7,3,BLOCK_CHALLENGE,Foreign Aid,self,Duke,opponent,win,5,pass
Captain,Duke,7,3,LOSE_INFLUENCE,Coup,opponent,,,loss,1,reveal Captain
Captain,Duke,7,4,ACTION,,,,,win,2,Coup
Captain,Duke,7,4,ACTION_CHALLENGE,Tax,opponent,,,win,3,pass
Captain,Duke,7,4,BLOCK,Foreign Aid,opponent,,,win,3,pass
Captain,Duke,7,4,BLOCK_CHALLENGE,Foreign Aid,self,Duke,opponent,win,5,pass
Captain,Duke,7,4,LOSE_INFLUENCE,Coup,opponent,,,loss,1,reveal Captain
Captain,Duke,7,5,ACTION,,,,,win,2,Coup
Captain,Duke,7,5,ACTION_CHALLENGE,Tax,opponent,,,win,3,pass
Captain,Duke,7,5,BLOCK,Foreign Aid,opponent,,,win,3,pass
Captain,Duke,7,5,BLOCK_CHALLENGE,Foreign Aid,self,Duke,opponent,win,5,pass
Captain,Duke,7,5,LOSE_INFLUENCE,Coup,opponent,,,loss,1,reveal Captain
Captain,Duke,7,6,ACTION,,,,,win,2,Coup
Captain,Duke,7,6,ACTION_CHALLENGE,Tax,opponent,,,win,3,pass
Captain,Duke,7,6,BLOCK,Foreign Aid,opponent,,,win,3,pass
Captain,Duke,7,6,BLOCK_CHALLENGE,Foreign Aid,self,Duke,opponent,win,5,pass
Captain,Duke,7,7,ACTION,,,,,win,2,Coup
Captain,Duke,7,7,ACTION_CHALLENGE,Tax,opponent,,,win,3,pass
Captain,Duke,7,7,BLOCK,Foreign Aid,opponent,,,win,3,pass
Captain,Duke,7,7,BLOCK_CHALLENGE,Foreign Aid,self,Duke,opponent,loss,3,pass
Captain,Duke,7,8,ACTION,,,,,win,2,Coup
Captain,Duke,7,8,ACTION_CHALLENGE,Tax,opponent,,,win,3,pass
Captain,Duke,7,8,BLOCK,Foreign Aid,opponent,,,win,3,pass
Captain,Duke,7,8,BLOCK_CHALLENGE,Foreign Aid,self,Duke,opponent,loss,3,pass
Captain,Duke,7,9,ACTION,,,,,win,2,Coup
Captain,Duke,7,9,ACTION_CHALLENGE,Tax,opponent,,,win,3,pass
Captain,Duke,7,9,BLOCK,Foreign Aid,opponent,,,win,3,pass
Captain,Duke,7,9,BLOCK_CHALLENGE,Foreign Aid,self,Duke,opponent,loss,3,pass
Captain,Duke,7,10,ACTION,,,,,win,2,Coup
Captain,Duke,7,10,BLOCK_CHALLENGE,Foreign Aid,self,Duke,opponent,loss,3,pass
Captain,Duke,7,11,ACTION,,,,,win,2,Coup
Captain,Duke,7,11,BLOCK_CHALLENGE,Foreign Aid,self,Duke,opponent,loss,3,pass
Captain,Duke,7,12,ACTION,,,,,win,2,Coup
Captain,Duke,7,12,BLOCK_CHALLENGE,Foreign Aid,self,Duke,opponent,loss,3,pass
Captain,Duke,8,0,ACTION_CHALLENGE,Tax,opponent,,,win,3,pass
Captain,Duke,8,0,BLOCK,Foreign Aid,opponent,,,win,3,pass
Captain,Duke,8,0,LOSE_INFLUENCE,Coup,opponent,,,loss,1,reveal Captain
Captain,Duke,8,1,ACTION,,,,,win,2,Coup
Captain,Duke,8,1,ACTION_CHALLENGE,Tax,opponent,,,win,3,pass
Captain,Duke,8,1,BLOCK,Foreign Aid,opponent,,,win,3,pass
Captain,Duke,8,1,BLOCK_CHALLENGE,Foreign Aid,self,Duke,opponent,win,5,pass
Captain,Duke,8,1,LOSE_INFLUENCE,Coup,opponent,,,loss,1,reveal Captain
Captain,Duke,8,2,ACTION,,,,,win,2,Coup
Captain,Duke,8,2,ACTION_CHALLENGE,Tax,opponent,,,win,3,pass
Captain,Duke,8,2,BLOCK,Foreign Aid,opponent,,,win,3,pass
Captain,Duke,8,2,BLOCK_CHALLENGE,Foreign Aid,self,Duke,opponent,win,5,pass
Captain,Duke,8,2,LOSE_INFLUENCE,Coup,opponent,,,loss,1,reveal Captain
Captain,Duke,8,3,ACTION,,,,,win,2,Coup
Captain,Duke,8,3,ACTION_CHALLENGE,Tax,opponent,,,win,3,pass
Captain,Duke,8,3,BLOCK,Foreign Aid,opponent,,,win,3,pass
Captain,Duke,8,3,BLOCK_CHALLENGE,Foreign Aid,self,Duke,opponent,win,5,pass
Captain,Duke,8,3,LOSE_INFLUENCE,Coup,opponent,,,loss,1,reveal Captain
Captain,Duke,8,4,ACTION,,,,,win,2,Coup
Captain,Duke,8,4,ACTION_CHALLENGE,Tax,opponent,,,win,3,pass
Captain,Duke,8,4,BLOCK,Foreign Aid,opponent,,,win,3,pass
Captain,Duke,8,4,BLOCK_CHALLENGE,Foreign Aid,self,Duke,opponent,win,5,pass
Captain,Duke,8,4,LOSE_INFLUENCE,Coup,opponent,,,loss,1,reveal Captain
Captain,Duke,8,5,ACTION,,,,,win,2,Coup
Captain,Duke,8,5,ACTION_CHALLENGE,Tax,opponent,,,win,3,pass
Captain,Duke,8,5,BLOCK,Foreign Aid,opponent,,,win,3,pass
Captain,Duke,8,5,BLOCK_CHALLENGE,Foreign Aid,self,Duke,opponent,win,5,pass
Captain,Duke,8,5,LOSE_INFLUENCE,Coup,opponent,,,loss,1,reveal Captain
Captain,Duke,8,6,ACTION,,,,,win,2,Coup
Captain,Duke,8,6,ACTION_CHALLENGE,Tax,opponent,,,win,3,pass
Captain,Duke,8,6,BLOCK,Foreign Aid,opponent,,,win,3,pass
Captain,Duke,8,6,BLOCK_CHALLENGE,Foreign Aid,self,Duke,opponent,win,5,pass
Captain,Duke,8,7,ACTION,,,,,win,2,Coup
Captain,Duke,8,7,ACTION_CHALLENGE,Tax,opponent,,,win,3,pass
Captain,Duke,8,7,BLOCK,Foreign Aid,opponent,,,win,3,pass
Captain,Duke,8,7,BLOCK_CHALLENGE,Foreign Aid,self,Duke,opponent,loss,3,pass
Captain,Duke,8,8,ACTION,,,,,win,2,Coup
Captain,Duke,8,8,ACTION_CHALLENGE,Tax,opponent,,,win,3,pass
Captain,Duke,8,8,BLOCK,Foreign Aid,opponent,,,win,3,pass
Captain,Duke,8,8,BLOCK_CHALLENGE,Foreign Aid,self,Duke,opponent,loss,3,pass
Captain,Duke,8,9,ACTION,,,,,win,2,Coup
Captain,Duke,8,9,ACTION_CHALLENGE,Tax,opponent,,,win,3,pass
Captain,Duke,8,9,BLOCK,Foreign Aid,opponent,,,win,3,pass
Captain,Duke,8,9,BLOCK_CHALLENGE,Foreign Aid,self,Duke,opponent,loss,3,pass
Captain,Duke,8,10,ACTION,,,,,win,2,Coup
Captain,Duke,8,10,BLOCK_CHALLENGE,Foreign Aid,self,Duke,opponent,loss,3,pass
Captain,Duke,8,11,ACTION,,,,,win,2,Coup
Captain,Duke,8,11,BLOCK_CHALLENGE,Foreign Aid,self,Duke,opponent,loss,3,pass
Captain,Duke,8,12,ACTION,,,,,win,2,Coup
Captain,Duke,8,12,BLOCK_CHALLENGE,Foreign Aid,self,Duke,opponent,loss,3,pass
Captain,Duke,9,0,ACTION_CHALLENGE,Tax,opponent,,,win,3,pass
Captain,Duke,9,0,BLOCK,Foreign Aid,opponent,,,win,3,pass
Captain,Duke,9,0,LOSE_INFLUENCE,Coup,opponent,,,loss,1,reveal Captain
Captain,Duke,9,1,ACTION,,,,,win,2,Coup
Captain,Duke,9,1,ACTION_CHALLENGE,Tax,opponent,,,win,3,pass
Captain,Duke,9,1,BLOCK,Foreign Aid,opponent,,,win,3,pass
Captain,Duke,9,1,BLOCK_CHALLENGE,Foreign Aid,self,Duke,opponent,win,5,pass
Captain,Duke,9,1,LOSE_INFLUENCE,Coup,opponent,,,loss,1,reveal Captain
Captain,Duke,9,2,ACTION,,,,,win,2,Coup
Captain,Duke,9,2,ACTION_CHALLENGE,Tax,opponent,,,win,3,pass
Captain,Duke,9,2,BLOCK,Foreign Aid,opponent,,,win,3,pass
Captain,Duke,9,2,BLOCK_CHALLENGE,Foreign Aid,self,Duke,opponent,win,5,pass
Captain,Duke,9,2,LOSE_INFLUENCE,Coup,opponent,,,loss,1,reveal Captain
Captain,Duke,9,3,ACTION,,,,,win,2,Coup
Captain,Duke,9,3,ACTION_CHALLENGE,Tax,opponent,,,win,3,pass
Captain,Duke,9,3,BLOCK,Foreign Aid,opponent,,,win,3,pass
Captain,Duke,9,3,BLOCK_CHALLENGE,Foreign Aid,self,Duke,opponent,win,5,pass
Captain,Duke,9,3,LOSE_INFLUENCE,Coup,opponent,,,loss,1,reveal Captain
Captain,Duke,9,4,ACTION,,,,,win,2,Coup
Captain,Duke,9,4,ACTION_CHALLENGE,Tax,opponent,,,win,3,pass
Captain,Duke,9,4,BLOCK,Foreign Aid,opponent,,,win,3,pass
Captain,Duke,9,4,BLOCK_CHALLENGE,Foreign Aid,self,Duke,opponent,win,5,pass
Captain,Duke,9,4,LOSE_INFLUENCE,Coup,opponent,,,loss,1,reveal Captain
Captain,Duke,9,5,ACTION,,,,,win,2,Coup
Captain,Duke,9,5,ACTION_CHALLENGE,Tax,opponent,,,win,3,pass
Captain,Duke,9,5,BLOCK,Foreign Aid,opponent,,,win,3,pass
Captain,Duke,9,5,BLOCK_CHALLENGE,Foreign Aid,self,Duke,opponent,win,5,pass
Captain,Duke,9,5,LOSE_INFLUENCE,Coup,opponent,,,loss,1,reveal Captain
Captain,Duke,9,6,ACTION,,,,,win,2,Coup
Captain,Duke,9,6,ACTION_CHALLENGE,Tax,opponent,,,win,3,pass
Captain,Duke,9,6,BLOCK,Foreign Aid,opponent,,,win,3,pass
Captain,Duke,9,6,BLOCK_CHALLENGE,Foreign Aid,self,Duke,opponent,win,5,pass
Captain,Duke,9,7,ACTION,,,,,win,2,Coup
Captain,Duke,9,7,ACTION_CHALLENGE,Tax,opponent,,,win,3,pass
Captain,Duke,9,7,BLOCK,Foreign Aid,opponent,,,win,3,pass
Captain,Duke,9,7,BLOCK_CHALLENGE,Foreign Aid,self,Duke,opponent,loss,3,pass
Captain,Duke,9,8,ACTION,,,,,win,2,Coup
Captain,Duke,9,8,ACTION_CHALLENGE,Tax,opponent,,,win,3,pass
Captain,Duke,9,8,BLOCK,Foreign Aid,opponent,,,win,3,pass
Captain,Duke,9,8,BLOCK_CHALLENGE,Foreign Aid,self,Duke,opponent,loss,3,pass
Captain,Duke,9,9,ACTION,,,,,win,2,Coup
Captain,Duke,9,9,ACTION_CHALLENGE,Tax,opponent,,,win,3,pass
Captain,Duke,9,9,BLOCK,Foreign Aid,opponent,,,win,3,pass
Captain,Duke,9,9,BLOCK_CHALLENGE,Foreign Aid,self,Duke,opponent,loss,3,pass
Captain,Duke,9,10,ACTION,,,,,win,2,Coup
Captain,Duke,9,10,BLOCK_CHALLENGE,Foreign Aid,self,Duke,opponent,loss,3,pass
Captain,Duke,9,11,ACTION,,,,,win,2,Coup
Captain,Duke,9,11,BLOCK_CHALLENGE,Foreign Aid,self,Duke,opponent,loss,3,pass
Captain,Duke,9,12,ACTION,,,,,win,2,Coup
Captain,Duke,9,12,BLOCK_CHALLENGE,Foreign Aid,self,Duke,opponent,loss,3,pass
Captain,Duke,10,0,ACTION_CHALLENGE,Tax,opponent,,,win,3,pass
Captain,Duke,10,0,BLOCK,Foreign Aid,opponent,,,win,3,pass
Captain,Duke,10,0,LOSE_INFLUENCE,Coup,opponent,,,loss,1,reveal Captain
Captain,Duke,10,1,ACTION,,,,,win,2,Coup
Captain,Duke,10,1,ACTION_CHALLENGE,Tax,opponent,,,win,3,pass
Captain,Duke,10,1,BLOCK,Foreign Aid,opponent,,,win,3,pass
Captain,Duke,10,1,LOSE_INFLUENCE,Coup,opponent,,,loss,1,reveal Captain
Captain,Duke,10,2,ACTION,,,,,win,2,Coup
Captain,Duke,10,2,ACTION_CHALLENGE,Tax,opponent,,,win,3,pass
Captain,Duke,10,2,BLOCK,Foreign Aid,opponent,,,win,3,pass
Captain,Duke,10,2,LOSE_INFLUENCE,Coup,opponent,,,loss,1,reveal Captain
Captain,Duke,10,3,ACTION,,,,,win,2,Coup
Captain,Duke,10,3,ACTION_CHALLENGE,Tax,opponent,,,win,3,pass
Captain,Duke,10,3,BLOCK,Foreign Aid,opponent,,,win,3,pass
Captain,Duke,10,3,LOSE_INFLUENCE,Coup,opponent,,,loss,1,reveal Captain
Captain,Duke,10,4,ACTION,,,,,win,2,Coup
Captain,Duke,10,4,ACTION_CHALLENGE,Tax,opponent,,,win,3,pass
Captain,Duke,10,4,BLOCK,Foreign Aid,opponent,,,win,3,pass
Captain,Duke,10,4,LOSE_INFLUENCE,Coup,opponent,,,loss,1,reveal Captain
Captain,Duke,10,5,ACTION,,,,,win,2,Coup
Captain,Duke,10,5,ACTION_CHALLENGE,Tax,opponent,,,win,3,pass
Captain,Duke,10,5,BLOCK,Foreign Aid,opponent,,,win,3,pass
Captain,Duke,10,5,LOSE_INFLUENCE,Coup,opponent,,,loss,1,reveal Captain
Captain,Duke,10,6,ACTION,,,,,win,2,Coup
Captain,Duke,10,6,ACTION_CHALLENGE,Tax,opponent,,,win,3,pass
Captain,Duke,10,6,BLOCK,Foreign Aid,opponent,,,win,3,pass
Captain,Duke,10,7,ACTION,,,,,win,2,Coup
Captain,Duke,10,7,ACTION_CHALLENGE,Tax,opponent,,,win,3,pass
Captain,Duke,10,7,BLOCK,Foreign Aid,opponent,,,win,3,pass
Captain,Duke,10,8,ACTION,,,,,win,2,Coup
Captain,Duke,10,8,ACTION_CHALLENGE,Tax,opponent,,,win,3,pass
Captain,Duke,10,8,BLOCK,Foreign Aid,opponent,,,win,3,pass
Captain,Duke,10,9,ACTION,,,,,win,2,Coup
Captain,Duke,10,9,ACTION_CHALLENGE,Tax,opponent,,,win,3,pass
Captain,Duke,10,9,BLOCK,Foreign Aid,opponent,,,win,3,pass
Captain,Duke,10,10,ACTION,,,,,win,2,Coup
Captain,Duke,10,11,ACTION,,,,,win,2,Coup
Captain,Duke,10,12,ACTION,,,,,win,2,Coup
Captain,Duke,11,0,ACTION_CHALLENGE,Tax,opponent,,,win,3,pass
Captain,Duke,11,0,BLOCK,Foreign Aid,opponent,,,win,3,pass
Captain,Duke,11,0,LOSE_INFLUENCE,Coup,opponent,,,loss,1,reveal Captain
Captain,Duke,11,1,ACTION,,,,,win,2,Coup
Captain,Duke,11,1,ACTION_CHALLENGE,Tax,opponent,,,win,3,pass
Captain,Duke,11,1,BLOCK,Foreign Aid,opponent,,,win,3,pass
Captain,Duke,11,1,LOSE_INFLUENCE,Coup,opponent,,,loss,1,reveal Captain
Captain,Duke,11,2,ACTION,,,,,win,2,Coup
Captain,Duke,11,2,ACTION_CHALLENGE,Tax,opponent,,,win,3,pass
Captain,Duke,11,2,BLOCK,Foreign Aid,opponent,,,win,3,pass
Captain,Duke,11,2,LOSE_INFLUENCE,Coup,opponent,,,loss,1,reveal Captain
Captain,Duke,11,3,ACTION,,,,,win,2,Coup
Captain,Duke,11,3,ACTION_CHALLENGE,Tax,opponent,,,win,3,pass
Captain,Duke,11,3,BLOCK,Foreign Aid,opponent,,,win,3,pass
Captain,Duke,11,3,LOSE_INFLUENCE,Coup,opponent,,,loss,1,reveal Captain
Captain,Duke,11,4,ACTION,,,,,win,2,Coup
Captain,Duke,11,4,ACTION_CHALLENGE,Tax,opponent,,,win,3,pass
Captain,Duke,11,4,BLOCK,Foreign Aid,opponent,,,win,3,pass
Captain,Duke,11,4,LOSE_INFLUENCE,Coup,opponent,,,loss,1,reveal Captain
Captain,Duke,11,5,ACTION,,,,,win,2,Coup
Captain,Duke,11,5,ACTION_CHALLENGE,Tax,opponent,,,win,3,pass
Captain,Duke,11,5,BLOCK,Foreign Aid,opponent,,,win,3,pass
Captain,Duke,11,5,LOSE_INFLUENCE,Coup,opponent,,,loss,1,reveal Captain
Captain,Duke,11,6,ACTION,,,,,win,2,Coup
Captain,Duke,11,6,ACTION_CHALLENGE,Tax,opponent,,,win,3,pass
Captain,Duke,11,6,BLOCK,Foreign Aid,opponent,,,win,3,pass
Captain,Duke,11,7,ACTION,,,,,win,2,Coup
Captain,Duke,11,7,ACTION_CHALLENGE,Tax,opponent,,,win,3,pass
Captain,Duke,11,7,BLOCK,Foreign Aid,opponent,,,win,3,pass
Captain,Duke,11,8,ACTION,,,,,win,2,Coup
Captain,Duke,11,8,ACTION_CHALLENGE,Tax,opponent,,,win,3,pass
Captain,Duke,11,8,BLOCK,Foreign Aid,opponent,,,win,3,pass
Captain,Duke,11,9,ACTION,,,,,win,2,Coup
Captain,Duke,11,9,ACTION_CHALLENGE,Tax,opponent,,,win,3,pass
Captain,Duke,11,9,BLOCK,Foreign Aid,opponent,,,win,3,pass
Captain,Duke,11,10,ACTION,,,,,win,2,Coup
Captain,Duke,11,11,ACTION,,,,,win,2,Coup
Captain,Duke,11,12,ACTION,,,,,win,2,Coup
Contessa,Assassin,0,0,ACTION,,,,,win,19,Income|Foreign Aid
Contessa,Assassin,0,0,BLOCK,Foreign Aid,opponent,,,loss,16,pass
Contessa,Assassin,0,1,ACTION,,,,,loss,16,Foreign Aid
Contessa,Assassin,0,2,ACTION,,,,,loss,15,Foreign Aid
Contessa,Assassin,1,0,BLOCK,Foreign Aid,opponent,,,win,17,pass
Contessa,Assassin,1,1,ACTION,,,,,win,16,Foreign Aid
Contessa,Assassin,1,1,BLOCK,Foreign Aid,opponent,,,loss,13,pass
Contessa,Assassin,1,2,ACTION,,,,,win,16,Foreign Aid
Contessa,Assassin,1,2,BLOCK,Foreign Aid,opponent,,,loss,12,pass
Contessa,Assassin,1,3,ACTION,,,,,loss,12,Foreign Aid
Contessa,Assassin,1,4,ACTION,,,,,loss,11,Foreign Aid
Contessa,Assassin,2,0,ACTION,,,,,win,15,Income|Foreign Aid
Contessa,Assassin,2,0,ACTION_CHALLENGE,Assassinate,opponent,,,win,18,pass
Contessa,Assassin,2,0,BLOCK,Assassinate,opponent,,,win,17,block Contessa
Contessa,Assassin,2,0,BLOCK,Foreign Aid,opponent,,,win,16,pass
Contessa,Assassin,2,0,LOSE_INFLUENCE,Assassinate,opponent,,,loss,1,reveal Contessa
Contessa,Assassin,2,1,ACTION,,,,,win,15,Income|Foreign Aid
Contessa,Assassin,2,1,ACTION_CHALLENGE,Assassinate,opponent,,,win,18,pass
Contessa,Assassin,2,1,BLOCK,Assassinate,opponent,,,win,17,block Contessa
Contessa,Assassin,2,1,BLOCK,Foreign Aid,opponent,,,loss,13,pass
Contessa,Assassin,2,1,LOSE_INFLUENCE,Assassinate,opponent,,,loss,1,reveal Contessa
Contessa,Assassin,2,2,ACTION,,,,,win,15,Income|Foreign Aid
Contessa,Assassin,2,2,BLOCK,Foreign Aid,opponent,,,loss,12,pass
Contessa,Assassin,2,3,ACTION,,,,,loss,12,Foreign Aid
Contessa,Assassin,2,3,BLOCK,Foreign Aid,opponent,,,loss,9,pass
Contessa,Assassin,2,4,ACTION,,,,,loss,11,Foreign Aid
Contessa,Assassin,2,4,BLOCK,Foreign Aid,opponent,,,loss,8,pass
Contessa,Assassin,2,5,ACTION,,,,,loss,8,Foreign Aid
Contessa,Assassin,2,6,ACTION,,,,,loss,7,Foreign Aid
Contessa,Assassin,3,0,ACTION,,,,,win,10,Foreign Aid
Contessa,Assassin,3,0,ACTION_CHALLENGE,Assassinate,opponent,,,win,13,pass
Contessa,Assassin,3,0,BLOCK,Assassinate,opponent,,,win,12,block Contessa
Contessa,Assassin,3,0,BLOCK,Foreign Aid,opponent,,,win,13,pass
Contessa,Assassin,3,0,LOSE_INFLUENCE,Assassinate,opponent,,,loss,1,reveal Contessa
Contessa,Assassin,3,1,ACTION,,,,,win,12,Foreign Aid
Contessa,Assassin,3,1,ACTION_CHALLENGE,Assassinate,opponent,,,win,15,pass
Contessa,Assassin,3,1,BLOCK,Assassinate,opponent,,,win,14,block Contessa
Contessa,Assassin,3,1,BLOCK,Foreign Aid,opponent,,,win,13,pass
Contessa,Assassin,3,1,LOSE_INFLUENCE,Assassinate,opponent,,,loss,1,reveal Contessa
Contessa,Assassin,3,2,ACTION,,,,,win,12,Foreign Aid
Contessa,Assassin,3,2,ACTION_CHALLENGE,Assassinate,opponent,,,win,15,pass
Contessa,Assassin,3,2,BLOCK,Assassinate,opponent,,,win,14,block Contessa
Contessa,Assassin,3,2,BLOCK,Foreign Aid,opponent,,,win,13,pass
Contessa,Assassin,3,2,LOSE_INFLUENCE,Assassinate,opponent,,,loss,1,reveal Contessa
Contessa,Assassin,3,3,ACTION,,,,,win,12,Foreign Aid
Contessa,Assassin,3,3,ACTION_CHALLENGE,Assassinate,opponent,,,win,15,pass
Contessa,Assassin,3,3,BLOCK,Assassinate,opponent,,,win,14,block Contessa
Contessa,Assassin,3,3,BLOCK,Foreign Aid,opponent,,,loss,9,pass
Contessa,Assassin,3,3,LOSE_INFLUENCE,Assassinate,opponent,,,loss,1,reveal Contessa
Contessa,Assassin,3,4,ACTION,,,,,win,12,Foreign Aid
Contessa,Assassin,3,4,BLOCK,Foreign Aid,opponent,,,loss,8,pass
Contessa,Assassin,3,5,ACTION,,,,,loss,8,Foreign Aid
Contessa,Assassin,3,5,BLOCK,Foreign Aid,opponent,,,loss,5,pass
Contessa,Assassin,3,6,ACTION,,,,,loss,7,Foreign Aid
Contessa,Assassin,3,6,BLOCK,Foreign Aid,opponent,,,loss,5,pass
Contessa,Assassin,3,7,ACTION,,,,,loss,4,Foreign Aid
Contessa,Assassin,3,8,ACTION,,,,,loss,4,Foreign Aid
Contessa,Assassin,4,0,ACTION,,,,,win,9,Income|Foreign Aid
Contessa,Assassin,4,0,ACTION_CHALLENGE,Assassinate,opponent,,,win,12,pass
Contessa,Assassin,4,0,BLOCK,Assassinate,opponent,,,win,11,block Contessa
Contessa,Assassin,4,0,BLOCK,Foreign Aid,opponent,,,win,12,pass
Contessa,Assassin,4,0,LOSE_INFLUENCE,Assassinate,opponent,,,loss,1,reveal Contessa
Contessa,Assassin,4,0,LOSE_INFLUENCE,Coup,opponent,,,loss,1,reveal Contessa
Contessa,Assassin,4,1,ACTION,,,,,win,11,Income|Foreign Aid
Contessa,Assassin,4,1,ACTION_CHALLENGE,Assassinate,opponent,,,win,14,pass
Contessa,Assassin,4,1,BLOCK,Assassinate,opponent,,,win,13,block Contessa
Contessa,Assassin,4,1,BLOCK,Foreign Aid,opponent,,,win,12,pass
Contessa,Assassin,4,1,LOSE_INFLUENCE,Assassinate,opponent,,,loss,1,reveal Contessa
Contessa,Assassin,4,1,LOSE_INFLUENCE,Coup,opponent,,,loss,1,reveal Contessa
Contessa,Assassin,4,2,ACTION,,,,,win,11,Income|Foreign Aid
Contessa,Assassin,4,2,ACTION_CHALLENGE,Assassinate,opponent,,,win,14,pass
Contessa,Assassin,4,2,BLOCK,Assassinate,opponent,,,win,13,block Contessa
Contessa,Assassin,4,2,BLOCK,Foreign Aid,opponent,,,win,12,pass
Contessa,Assassin,4,2,LOSE_INFLUENCE,Assassinate,opponent,,,loss,1,reveal Contessa
Contessa,Assassin,4,3,ACTION,,,,,win,11,Income|Foreign Aid
Contessa,Assassin,4,3,ACTION_CHALLENGE,Assassinate,opponent,,,win,14,pass
Contessa,Assassin,4,3,BLOCK,Assassinate,opponent,,,win,13,block Contessa
Contessa,Assassin,4,3,BLOCK,Foreign Aid,opponent,,,loss,9,pass
Contessa,Assassin,4,3,LOSE_INFLUENCE,Assassinate,opponent,,,loss,1,reveal Contessa
Contessa,Assassin,4,4,ACTION,,,,,win,11,Income|Foreign Aid
Contessa,Assassin,4,4,ACTION_CHALLENGE,Assassinate,opponent,,,win,14,pass
Contessa,Assassin,4,4,BLOCK,Assassinate,opponent,,,win,13,block Contessa
Contessa,Assassin,4,4,BLOCK,Foreign Aid,opponent,,,loss,8,pass
Contessa,Assassin,4,4,LOSE_INFLUENCE,Assassinate,opponent,,,loss,1,reveal Contessa
Contessa,Assassin,4,5,ACTION,,,,,loss,8,Foreign Aid
Contessa,Assassin,4,5,ACTION_CHALLENGE,Assassinate,opponent,,,loss,11,pass
Contessa,Assassin,4,5,BLOCK,Assassinate,opponent,,,loss,10,block Contessa
Contessa,Assassin,4,5,BLOCK,Foreign Aid,opponent,,,loss,5,pass
Contessa,Assassin,4,5,LOSE_INFLUENCE,Assassinate,opponent,,,loss,1,reveal Contessa
Contessa,Assassin,4,6,ACTION,,,,,loss,7,Foreign Aid
Contessa,Assassin,4,6,BLOCK,Foreign Aid,opponent,,,loss,5,pass
Contessa,Assassin,4,7,ACTION,,,,,loss,4,Foreign Aid
Contessa,Assassin,4,7,BLOCK,Foreign Aid,opponent,,,loss,5,pass
Contessa,Assassin,4,8,ACTION,,,,,loss,4,Foreign Aid
Contessa,Assassin,4,8,BLOCK,Foreign Aid,opponent,,,loss,5,pass
Contessa,Assassin,4,9,ACTION,,,,,loss,4,Foreign Aid
Contessa,Assassin,4,10,ACTION,,,,,loss,4,Foreign Aid
Contessa,Assassin,5,0,ACTION,,,,,win,6,Foreign Aid
Contessa,Assassin,5,0,ACTION_CHALLENGE,Assassinate,opponent,,,win,9,pass
Contessa,Assassin,5,0,BLOCK,Assassinate,opponent,,,win,8,block Contessa
Contessa,Assassin,5,0,BLOCK,Foreign Aid,opponent,,,win,7,pass
Contessa,Assassin,5,0,LOSE_INFLUENCE,Assassinate,opponent,,,loss,1,reveal Contessa
Contessa,Assassin,5,0,LOSE_INFLUENCE,Coup,opponent,,,loss,1,reveal Contessa
Contessa,Assassin,5,1,ACTION,,,,,win,6,Foreign Aid
Contessa,Assassin,5,1,ACTION_CHALLENGE,Assassinate,opponent,,,win,9,pass
Contessa,Assassin,5,1,BLOCK,Assassinate,opponent,,,win,8,block Contessa
Contessa,Assassin,5,1,BLOCK,Foreign Aid,opponent,,,win,9,pass
Contessa,Assassin,5,1,LOSE_INFLUENCE,Assassinate,opponent,,,loss,1,reveal Contessa
Contessa,Assassin,5,1,LOSE_INFLUENCE,Coup,opponent,,,loss,1,reveal Contessa
Contessa,Assassin,5,2,ACTION,,,,,win,6,Foreign Aid
Contessa,Assassin,5,2,ACTION_CHALLENGE,Assassinate,opponent,,,win,9,pass
Contessa,Assassin,5,2,BLOCK,Assassinate,opponent,,,win,8,block Contessa
Contessa,Assassin,5,2,BLOCK,Foreign Aid,opponent,,,win,9,pass
Contessa,Assassin,5,2,LOSE_INFLUENCE,Assassinate,opponent,,,loss,1,reveal Contessa
Contessa,Assassin,5,2,LOSE_INFLUENCE,Coup,opponent,,,loss,1,reveal Contessa
Contessa,Assassin,5,3,ACTION,,,,,win,8,Foreign Aid
Contessa,Assassin,5,3,ACTION_CHALLENGE,Assassinate,opponent,,,win,11,pass
Contessa,Assassin,5,3,BLOCK,Assassinate,opponent,,,win,10,block Contessa
Contessa,Assassin,5,3,BLOCK,Foreign Aid,opponent,,,win,9,pass
Contessa,Assassin,5,3,LOSE_INFLUENCE,Assassinate,opponent,,,loss,1,reveal Contessa
Contessa,Assassin,5,3,LOSE_INFLUENCE,Coup,opponent,,,loss,1,reveal Contessa
Contessa,Assassin,5,4,ACTION,,,,,win,8,Foreign Aid
Contessa,Assassin,5,4,ACTION_CHALLENGE,Assassinate,opponent,,,win,11,pass
Contessa,Assassin,5,4,BLOCK,Assassinate,opponent,,,win,10,block Contessa
Contessa,Assassin,5,4,BLOCK,Foreign Aid,opponent,,,win,9,pass
Contessa,Assassin,5,4,LOSE_INFLUENCE,Assassinate,opponent,,,loss,1,reveal Contessa
Contessa,Assassin,5,5,ACTION,,,,,win,8,Foreign Aid
Contessa,Assassin,5,5,ACTION_CHALLENGE,Assassinate,opponent,,,win,11,pass
Contessa,Assassin,5,5,BLOCK,Assassinate,opponent,,,win,10,block Contessa
Contessa,Assassin,5,5,BLOCK,Foreign Aid,opponent,,,loss,5,pass
Contessa,Assassin,5,5,LOSE_INFLUENCE,Assassinate,opponent,,,loss,1,reveal Contessa
Contessa,Assassin,5,6,ACTION,,,,,win,8,Foreign Aid
Contessa,Assassin,5,6,ACTION_CHALLENGE,Assassinate,opponent,,,win,11,pass
Contessa,Assassin,5,6,BLOCK,Assassinate,opponent,,,win,10,block Contessa
Contessa,Assassin,5,6,BLOCK,Foreign Aid,opponent,,,loss,5,pass
Contessa,Assassin,5,6,LOSE_INFLUENCE,Assassinate,opponent,,,loss,1,reveal Contessa
Contessa,Assassin,5,7,ACTION,,,,,loss,4,Foreign Aid
Contessa,Assassin,5,7,BLOCK,Foreign Aid,opponent,,,loss,5,pass
Contessa,Assassin,5,8,ACTION,,,,,loss,4,Foreign Aid
Contessa,Assassin,5,8,BLOCK,Foreign Aid,opponent,,,loss,5,pass
Contessa,Assassin,5,9,ACTION,,,,,loss,4,Foreign Aid
Contessa,Assassin,5,9,BLOCK,Foreign Aid,opponent,,,loss,5,pass
Contessa,Assassin,5,10,ACTION,,,,,loss,4,Foreign Aid
Contessa,Assassin,5,11,ACTION,,,,,loss,4,Foreign Aid
Contessa,Assassin,6,0,ACTION,,,,,win,5,Income
Contessa,Assassin,6,0,ACTION_CHALLENGE,Assassinate,opponent,,,win,8,pass
Contessa,Assassin,6,0,BLOCK,Assassinate,opponent,,,win,7,block Contessa
Contessa,Assassin,6,0,BLOCK,Foreign Aid,opponent,,,win,6,pass
Contessa,Assassin,6,0,LOSE_INFLUENCE,Assassinate,opponent,,,loss,1,reveal Contessa
Contessa,Assassin,6,0,LOSE_INFLUENCE,Coup,opponent,,,loss,1,reveal Contessa
Contessa,Assassin,6,1,ACTION,,,,,win,5,Income
Contessa,Assassin,6,1,ACTION_CHALLENGE,Assassinate,opponent,,,win,8,pass
Contessa,Assassin,6,1,BLOCK,Assassinate,opponent,,,win,7,block Contessa
Contessa,Assassin,6,1,BLOCK,Foreign Aid,opponent,,,win,8,pass
Contessa,Assassin,6,1,LOSE_INFLUENCE,Assassinate,opponent,,,loss,1,reveal Contessa
Contessa,Assassin,6,1,LOSE_INFLUENCE,Coup,opponent,,,loss,1,reveal Contessa
Contessa,Assassin,6,2,ACTION,,,,,win,5,Income
Contessa,Assassin,6,2,ACTION_CHALLENGE,Assassinate,opponent,,,win,8,pass
Contessa,Assassin,6,2,BLOCK,Assassinate,opponent,,,win,7,block Contessa
Contessa,Assassin,6,2,BLOCK,Foreign Aid,opponent,,,win,8,pass
Contessa,Assassin,6,2,LOSE_INFLUENCE,Assassinate,opponent,,,loss,1,reveal Contessa
Contessa,Assassin,6,2,LOSE_INFLUENCE,Coup,opponent,,,loss,1,reveal Contessa
Contessa,Assassin,6,3,ACTION,,,,,win,7,Income
Contessa,Assassin,6,3,ACTION_CHALLENGE,Assassinate,opponent,,,win,10,pass
Contessa,Assassin,6,3,BLOCK,Assassinate,opponent,,,win,9,block Contessa
Contessa,Assassin,6,3,BLOCK,Foreign Aid,opponent,,,win,8,pass
Contessa,Assassin,6,3,LOSE_INFLUENCE,Assassinate,opponent,,,loss,1,reveal Contessa
Contessa,Assassin,6,3,LOSE_INFLUENCE,Coup,opponent,,,loss,1,reveal Contessa
Contessa,Assassin,6,4,ACTION,,,,,win,7,Income
Contessa,Assassin,6,4,ACTION_CHALLENGE,Assassinate,opponent,,,win,10,pass
Contessa,Assassin,6,4,BLOCK,Assassinate,opponent,,,win,9,block Contessa
Contessa,Assassin,6,4,BLOCK,Foreign Aid,opponent,,,win,8,pass
Contessa,Assassin,6,4,LOSE_INFLUENCE,Assassinate,opponent,,,loss,1,reveal Contessa
Contessa,Assassin,6,4,LOSE_INFLUENCE,Coup,opponent,,,loss,1,reveal Contessa
Contessa,Assassin,6,5,ACTION,,,,,win,7,Income
Contessa,Assassin,6,5,ACTION_CHALLENGE,Assassinate,opponent,,,win,10,pass
Contessa,Assassin,6,5,BLOCK,Assassinate,opponent,,,win,9,block Contessa
Contessa,Assassin,6,5,BLOCK,Foreign Aid,opponent,,,loss,5,pass
Contessa,Assassin,6,5,LOSE_INFLUENCE,Assassinate,opponent,,,loss,1,reveal Contessa
Contessa,Assassin,6,6,ACTION,,,,,win,7,Income
Contessa,Assassin,6,6,ACTION_CHALLENGE,Assassinate,opponent,,,win,10,pass
Contessa,Assassin,6,6,BLOCK,Assassinate,opponent,,,win,9,block Contessa
Contessa,Assassin,6,6,BLOCK,Foreign Aid,opponent,,,loss,5,pass
Contessa,Assassin,6,6,LOSE_INFLUENCE,Assassinate,opponent,,,loss,1,reveal Contessa
Contessa,Assassin,6,7,ACTION,,,,,loss,4,Foreign Aid
Contessa,Assassin,6,7,BLOCK,Foreign Aid,opponent,,,loss,5,pass
Contessa,Assassin,6,8,ACTION,,,,,loss,4,Foreign Aid
Contessa,Assassin,6,8,BLOCK,Foreign Aid,opponent,,,loss,5,pass
Contessa,Assassin,6,9,ACTION,,,,,loss,4,Foreign Aid
Contessa,Assassin,6,9,BLOCK,Foreign Aid,opponent,,,loss,5,pass
Contessa,Assassin,6,10,ACTION,,,,,loss,4,Foreign Aid
Contessa,Assassin,6,11,ACTION,,,,,loss,4,Foreign Aid
Contessa,Assassin,7,0,ACTION,,,,,win,2,Coup
Contessa,Assassin,7,0,ACTION_CHALLENGE,Assassinate,opponent,,,win,5,pass
Contessa,Assassin,7,0,BLOCK,Assassinate,opponent,,,win,4,block Contessa
Contessa,Assassin,7,0,BLOCK,Foreign Aid,opponent,,,win,3,pass
Contessa,Assassin,7,0,LOSE_INFLUENCE,Assassinate,opponent,,,loss,1,reveal Contessa
Contessa,Assassin,7,0,LOSE_INFLUENCE,Coup,opponent,,,loss,1,reveal Contessa
Contessa,Assassin,7,1,ACTION,,,,,win,2,Coup
Contessa,Assassin,7,1,ACTION_CHALLENGE,Assassinate,opponent,,,win,5,pass
Contessa,Assassin,7,1,BLOCK,Assassinate,opponent,,,win,4,block Contessa
Contessa,Assassin,7,1,BLOCK,Foreign Aid,opponent,,,win,3,pass
Contessa,Assassin,7,1,LOSE_INFLUENCE,Assassinate,opponent,,,loss,1,reveal Contessa
Contessa,Assassin,7,1,LOSE_INFLUENCE,Coup,opponent,,,loss,1,reveal Contessa
Contessa,Assassin,7,2,ACTION,,,,,win,2,Coup
Contessa,Assassin,7,2,ACTION_CHALLENGE,Assassinate,opponent,,,win,5,pass
Contessa,Assassin,7,2,BLOCK,Assassinate,opponent,,,win,4,block Contessa
Contessa,Assassin,7,2,BLOCK,Foreign Aid,opponent,,,win,3,pass
Contessa,Assassin,7,2,LOSE_INFLUENCE,Assassinate,opponent,,,loss,1,reveal Contessa
Contessa,Assassin,7,2,LOSE_INFLUENCE,Coup,opponent,,,loss,1,reveal Contessa
Contessa,Assassin,7,3,ACTION,,,,,win,2,Coup
Contessa,Assassin,7,3,ACTION_CHALLENGE,Assassinate,opponent,,,win,5,pass
Contessa,Assassin,7,3,BLOCK,Assassinate,opponent,,,win,4,block Contessa
Contessa,Assassin,7,3,BLOCK,Foreign Aid,opponent,,,win,3,pass
Contessa,Assassin,7,3,LOSE_INFLUENCE,Assassinate,opponent,,,loss,1,reveal Contessa
Contessa,Assassin,7,3,LOSE_INFLUENCE,Coup,opponent,,,loss,1,reveal Contessa
Contessa,Assassin,7,4,ACTION,,,,,win,2,Coup
Contessa,Assassin,7,4,ACTION_CHALLENGE,Assassinate,opponent,,,win,5,pass
Contessa,Assassin,7,4,BLOCK,Assassinate,opponent,,,win,4,block Contessa
Contessa,Assassin,7,4,BLOCK,Foreign Aid,opponent,,,win,3,pass
Contessa,Assassin,7,4,LOSE_INFLUENCE,Assassinate,opponent,,,loss,1,reveal Contessa
Contessa,Assassin,7,4,LOSE_INFLUENCE,Coup,opponent,,,loss,1,reveal Contessa
Contessa,Assassin,7,5,ACTION,,,,,win,2,Coup
Contessa,Assassin,7,5,ACTION_CHALLENGE,Assassinate,opponent,,,win,5,pass
Contessa,Assassin,7,5,BLOCK,Assassinate,opponent,,,win,4,block Contessa
Contessa,Assassin,7,5,BLOCK,Foreign Aid,opponent,,,win,3,pass
Contessa,Assassin,7,5,LOSE_INFLUENCE,Assassinate,opponent,,,loss,1,reveal Contessa
Contessa,Assassin,7,6,ACTION,,,,,win,2,Coup
Contessa,Assassin,7,6,ACTION_CHALLENGE,Assassinate,opponent,,,win,5,pass
Contessa,Assassin,7,6,BLOCK,Assassinate,opponent,,,win,4,block Contessa
Contessa,Assassin,7,6,BLOCK,Foreign Aid,opponent,,,win,3,pass
Contessa,Assassin,7,6,LOSE_INFLUENCE,Assassinate,opponent,,,loss,1,reveal Contessa
Contessa,Assassin,7,7,ACTION,,,,,win,2,Coup
Contessa,Assassin,7,7,BLOCK,Foreign Aid,opponent,,,win,3,pass
Contessa,Assassin,7,8,ACTION,,,,,win,2,Coup
Contessa,Assassin,7,8,BLOCK,Foreign Aid,opponent,,,win,3,pass
Contessa,Assassin,7,9,ACTION,,,,,win,2,Coup
Contessa,Assassin,7,9,BLOCK,Foreign Aid,opponent,,,win,3,pass
Contessa,Assassin,7,10,ACTION,,,,,win,2,Coup
Contessa,Assassin,7,11,ACTION,,,,,win,2,Coup
Contessa,Assassin,8,0,ACTION,,,,,win,2,Coup
Contessa,Assassin,8,0,ACTION_CHALLENGE,Assassinate,opponent,,,win,5,pass
Contessa,Assassin,8,0,BLOCK,Assassinate,opponent,,,win,4,block Contessa
Contessa,Assassin,8,0,BLOCK,Foreign Aid,opponent,,,win,3,pass
Contessa,Assassin,8,0,LOSE_INFLUENCE,Assassinate,opponent,,,loss,1,reveal Contessa
Contessa,Assassin,8,0,LOSE_INFLUENCE,Coup,opponent,,,loss,1,reveal Contessa
Contessa,Assassin,8,1,ACTION,,,,,win,2,Coup
Contessa,Assassin,8,1,ACTION_CHALLENGE,Assassinate,opponent,,,win,5,pass
Contessa,Assassin,8,1,BLOCK,Assassinate,opponent,,,win,4,block Contessa
Contessa,Assassin,8,1,BLOCK,Foreign Aid,opponent,,,win,3,pass
Contessa,Assassin,8,1,LOSE_INFLUENCE,Assassinate,opponent,,,loss,1,reveal Contessa
Contessa,Assassin,8,1,LOSE_INFLUENCE,Coup,opponent,,,loss,1,reveal Contessa
Contessa,Assassin,8,2,ACTION,,,,,win,2,Coup
Contessa,Assassin,8,2,ACTION_CHALLENGE,Assassinate,opponent,,,win,5,pass
Contessa,Assassin,8,2,BLOCK,Assassinate,opponent,,,win,4,block Contessa
Contessa,Assassin,8,2,BLOCK,Foreign Aid,opponent,,,win,3,pass
Contessa,Assassin,8,2,LOSE_INFLUENCE,Assassinate,opponent,,,loss,1,reveal Contessa
Contessa,Assassin,8,2,LOSE_INFLUENCE,Coup,opponent,,,loss,1,reveal Contessa
Contessa,Assassin,8,3,ACTION,,,,,win,2,Coup
Contessa,Assassin,8,3,ACTION_CHALLENGE,Assassinate,opponent,,,win,5,pass
Contessa,Assassin,8,3,BLOCK,Assassinate,opponent,,,win,4,block Contessa
Contessa,Assassin,8,3,BLOCK,Foreign Aid,opponent,,,win,3,pass
Contessa,Assassin,8,3,LOSE_INFLUENCE,Assassinate,opponent,,,loss,1,reveal Contessa
Contessa,Assassin,8,3,LOSE_INFLUENCE,Coup,opponent,,,loss,1,reveal Contessa
Contessa,Assassin,8,4,ACTION,,,,,win,2,Coup
Contessa,Assassin,8,4,ACTION_CHALLENGE,Assassinate,opponent,,,win,5,pass
Contessa,Assassin,8,4,BLOCK,Assassinate,opponent,,,win,4,block Contessa
Contessa,Assassin,8,4,BLOCK,Foreign Aid,opponent,,,win,3,pass
Contessa,Assassin,8,4,LOSE_INFLUENCE,Assassinate,opponent,,,loss,1,reveal Contessa
Contessa,Assassin,8,4,LOSE_INFLUENCE,Coup,opponent,,,loss,1,reveal Contessa
Contessa,Assassin,8,5,ACTION,,,,,win,2,Coup
Contessa,Assassin,8,5,ACTION_CHALLENGE,Assassinate,opponent,,,win,5,pass
Contessa,Assassin,8,5,BLOCK,Assassinate,opponent,,,win,4,block Contessa
Contessa,Assassin,8,5,BLOCK,Foreign Aid,opponent,,,win,3,pass
Contessa,Assassin,8,5,LOSE_INFLUENCE,Assassinate,opponent,,,loss,1,reveal Contessa
Contessa,Assassin,8,6,ACTION,,,,,win,2,Coup
Contessa,Assassin,8,6,ACTION_CHALLENGE,Assassinate,opponent,,,win,5,pass
Contessa,Assassin,8,6,BLOCK,Assassinate,opponent,,,win,4,block Contessa
Contessa,Assassin,8,6,BLOCK,Foreign Aid,opponent,,,win,3,pass
Contessa,Assassin,8,6,LOSE_INFLUENCE,Assassinate,opponent,,,loss,1,reveal Contessa
Contessa,Assassin,8,7,ACTION,,,,,win,2,Coup
Contessa,Assassin,8,7,BLOCK,Foreign Aid,opponent,,,win,3,pass
Contessa,Assassin,8,8,ACTION,,,,,win,2,Coup
Contessa,Assassin,8,8,BLOCK,Foreign Aid,opponent,,,win,3,pass
Contessa,Assassin,8,9,ACTION,,,,,win,2,Coup
Contessa,Assassin,8,9,BLOCK,Foreign Aid,opponent,,,win,3,pass
Contessa,Assassin,8,10,ACTION,,,,,win,2,Coup
Contessa,Assassin,8,11,ACTION,,,,,win,2,Coup
Contessa,Assassin,9,0,ACTION,,,,,win,2,Coup
Contessa,Assassin,9,0,ACTION_CHALLENGE,Assassinate,opponent,,,win,5,pass
Contessa,Assassin,9,0,BLOCK,Assassinate,opponent,,,win,4,block Contessa
Contessa,Assassin,9,0,BLOCK,Foreign Aid,opponent,,,win,3,pass
Contessa,Assassin,9,0,LOSE_INFLUENCE,Assassinate,opponent,,,loss,1,reveal Contessa
Contessa,Assassin,9,0,LOSE_INFLUENCE,Coup,opponent,,,loss,1,reveal Contessa
Contessa,Assassin,9,1,ACTION,,,,,win,2,Coup
Contessa,Assassin,9,1,ACTION_CHALLENGE,Assassinate,opponent,,,win,5,pass
Contessa,Assassin,9,1,BLOCK,Assassinate,opponent,,,win,4,block Contessa
Contessa,Assassin,9,1,BLOCK,Foreign Aid,opponent,,,win,3,pass
Contessa,Assassin,9,1,LOSE_INFLUENCE,Assassinate,opponent,,,loss,1,reveal Contessa
Contessa,Assassin,9,1,LOSE_INFLUENCE,Coup,opponent,,,loss,1,reveal Contessa
Contessa,Assassin,9,2,ACTION,,,,,win,2,Coup
Contessa,Assassin,9,2,ACTION_CHALLENGE,Assassinate,opponent,,,win,5,pass
Contessa,Assassin,9,2,BLOCK,Assassinate,opponent,,,win,4,block Contessa
Contessa,Assassin,9,2,BLOCK,Foreign Aid,opponent,,,win,3,pass
Contessa,Assassin,9,2,LOSE_INFLUENCE,Assassinate,opponent,,,loss,1,reveal Contessa
Contessa,Assassin,9,2,LOSE_INFLUENCE,Coup,opponent,,,loss,1,reveal Contessa
Contessa,Assassin,9,3,ACTION,,,,,win,2,Coup
Contessa,Assassin,9,3,ACTION_CHALLENGE,Assassinate,opponent,,,win,5,pass
Contessa,Assassin,9,3,BLOCK,Assassinate,opponent,,,win,4,block Contessa
Contessa,Assassin,9,3,BLOCK,Foreign Aid,opponent,,,win,3,pass
Contessa,Assassin,9,3,LOSE_INFLUENCE,Assassinate,opponent,,,loss,1,reveal Contessa
Contessa,Assassin,9,3,LOSE_INFLUENCE,Coup,opponent,,,loss,1,reveal Contessa
Contessa,Assassin,9,4,ACTION,,,,,win,2,Coup
Contessa,Assassin,9,4,ACTION_CHALLENGE,Assassinate,opponent,,,win,5,pass
Contessa,Assassin,9,4,BLOCK,Assassinate,opponent,,,win,4,block Contessa
Contessa,Assassin,9,4,BLOCK,Foreign Aid,opponent,,,win,3,pass
Contessa,Assassin,9,4,LOSE_INFLUENCE,Assassinate,opponent,,,loss,1,reveal Contessa
Contessa,Assassin,9,4,LOSE_INFLUENCE,Coup,opponent,,,loss,1,reveal Contessa
Contessa,Assassin,9,5,ACTION,,,,,win,2,Coup
Contessa,Assassin,9,5,ACTION_CHALLENGE,Assassinate,opponent,,,win,5,pass
Contessa,Assassin,9,5,BLOCK,Assassinate,opponent,,,win,4,block Contessa
Contessa,Assassin,9,5,BLOCK,Foreign Aid,opponent,,,win,3,pass
Contessa,Assassin,9,5,LOSE_INFLUENCE,Assassinate,opponent,,,loss,1,reveal Contessa
Contessa,Assassin,9,6,ACTION,,,,,win,2,Coup
Contessa,Assassin,9,6,ACTION_CHALLENGE,Assassinate,opponent,,,win,5,pass
Contessa,Assassin,9,6,BLOCK,Assassinate,opponent,,,win,4,block Contessa
Contessa,Assassin,9,6,BLOCK,Foreign Aid,opponent,,,win,3,pass
Contessa,Assassin,9,6,LOSE_INFLUENCE,Assassinate,opponent,,,loss,1,reveal Contessa
Contessa,Assassin,9,7,ACTION,,,,,win,2,Coup
Contessa,Assassin,9,7,BLOCK,Foreign Aid,opponent,,,win,3,pass
Contessa,Assassin,9,8,ACTION,,,,,win,2,Coup
Contessa,Assassin,9,8,BLOCK,Foreign Aid,opponent,,,win,3,pass
Contessa,Assassin,9,9,ACTION,,,,,win,2,Coup
Contessa,Assassin,9,9,BLOCK,Foreign Aid,opponent,,,win,3,pass
Contessa,Assassin,9,10,ACTION,,,,,win,2,Coup
Contessa,Assassin,9,11,ACTION,,,,,win,2,Coup
Contessa,Assassin,10,0,ACTION,,,,,win,2,Coup
Contessa,Assassin,10,0,ACTION_CHALLENGE,Assassinate,opponent,,,win,5,pass
Contessa,Assassin,10,0,BLOCK,Assassinate,opponent,,,win,4,block Contessa
Contessa,Assassin,10,0,BLOCK,Foreign Aid,opponent,,,win,3,pass
Contessa,Assassin,10,0,LOSE_INFLUENCE,Assassinate,opponent,,,loss,1,reveal Contessa
Contessa,Assassin,10,0,LOSE_INFLUENCE,Coup,opponent,,,loss,1,reveal Contessa
Contessa,Assassin,10,1,ACTION,,,,,win,2,Coup
Contessa,Assassin,10,1,ACTION_CHALLENGE,Assassinate,opponent,,,win,5,pass
Contessa,Assassin,10,1,BLOCK,Assassinate,opponent,,,win,4,block Contessa
Contessa,Assassin,10,1,BLOCK,Foreign Aid,opponent,,,win,3,pass
Contessa,Assassin,10,1,LOSE_INFLUENCE,Assassinate,opponent,,,loss,1,reveal Contessa
Contessa,Assassin,10,1,LOSE_INFLUENCE,Coup,opponent,,,loss,1,reveal Contessa
Contessa,Assassin,10,2,ACTION,,,,,win,2,Coup
Contessa,Assassin,10,2,ACTION_CHALLENGE,Assassinate,opponent,,,win,5,pass
Contessa,Assassin,10,2,BLOCK,Assassinate,opponent,,,win,4,block Contessa
Contessa,Assassin,10,2,BLOCK,Foreign Aid,opponent,,,win,3,pass
Contessa,Assassin,10,2,LOSE_INFLUENCE,Assassinate,opponent,,,loss,1,reveal Contessa
Contessa,Assassin,10,2,LOSE_INFLUENCE,Coup,opponent,,,loss,1,reveal Contessa
Contessa,Assassin,10,3,ACTION,,,,,win,2,Coup
Contessa,Assassin,10,3,ACTION_CHALLENGE,Assassinate,opponent,,,win,5,pass
Contessa,Assassin,10,3,BLOCK,Assassinate,opponent,,,win,4,block Contessa
Contessa,Assassin,10,3,BLOCK,Foreign Aid,opponent,,,win,3,pass
Contessa,Assassin,10,3,LOSE_INFLUENCE,Assassinate,opponent,,,loss,1,reveal Contessa
Contessa,Assassin,10,3,LOSE_INFLUENCE,Coup,opponent,,,loss,1,reveal Contessa
Contessa,Assassin,10,4,ACTION,,,,,win,2,Coup
Contessa,Assassin,10,4,ACTION_CHALLENGE,Assassinate,opponent,,,win,5,pass
Contessa,Assassin,10,4,BLOCK,Assassinate,opponent,,,win,4,block Contessa
Contessa,Assassin,10,4,BLOCK,Foreign Aid,opponent,,,win,3,pass
Contessa,Assassin,10,4,LOSE_INFLUENCE,Assassinate,opponent,,,loss,1,reveal Contessa
Contessa,Assassin,10,4,LOSE_INFLUENCE,Coup,opponent,,,loss,1,reveal Contessa
Contessa,Assassin,10,5,ACTION,,,,,win,2,Coup
Contessa,Assassin,10,5,ACTION_CHALLENGE,Assassinate,opponent,,,win,5,pass
Contessa,Assassin,10,5,BLOCK,Assassinate,opponent,,,win,4,block Contessa
Contessa,Assassin,10,5,BLOCK,Foreign Aid,opponent,,,win,3,pass
Contessa,Assassin,10,5,LOSE_INFLUENCE,Assassinate,opponent,,,loss,1,reveal Contessa
Contessa,Assassin,10,6,ACTION,,,,,win,2,Coup
Contessa,Assassin,10,6,ACTION_CHALLENGE,Assassinate,opponent,,,win,5,pass
Contessa,Assassin,10,6,BLOCK,Assassinate,opponent,,,win,4,block Contessa
Contessa,Assassin,10,6,BLOCK,Foreign Aid,opponent,,,win,3,pass
Contessa,Assassin,10,6,LOSE_INFLUENCE,Assassinate,opponent,,,loss,1,reveal Contessa
Contessa,Assassin,10,7,ACTION,,,,,win,2,Coup
Contessa,Assassin,10,7,BLOCK,Foreign Aid,opponent,,,win,3,pass
Contessa,Assassin,10,8,ACTION,,,,,win,2,Coup
Contessa,Assassin,10,8,BLOCK,Foreign Aid,opponent,,,win,3,pass
Contessa,Assassin,10,9,ACTION,,,,,win,2,Coup
Contessa,Assassin,10,9,BLOCK,Foreign Aid,opponent,,,win,3,pass
Contessa,Assassin,10,10,ACTION,,,,,win,2,Coup
Contessa,Assassin,10,11,ACTION,,,,,win,2,Coup
Contessa,Assassin,11,0,ACTION,,,,,win,2,Coup
Contessa,Assassin,11,0,ACTION_CHALLENGE,Assassinate,opponent,,,win,5,pass
Contessa,Assassin,11,0,BLOCK,Assassinate,opponent,,,win,4,block Contessa
Contessa,Assassin,11,0,BLOCK,Foreign Aid,opponent,,,win,3,pass
Contessa,Assassin,11,0,LOSE_INFLUENCE,Assassinate,opponent,,,loss,1,reveal Contessa
Contessa,Assassin,11,0,LOSE_INFLUENCE,Coup,opponent,,,loss,1,reveal Contessa
Contessa,Assassin,11,1,ACTION,,,,,win,2,Coup
Contessa,Assassin,11,1,ACTION_CHALLENGE,Assassinate,opponent,,,win,5,pass
Contessa,Assassin,11,1,BLOCK,Assassinate,opponent,,,win,4,block Contessa
Contessa,Assassin,11,1,BLOCK,Foreign Aid,opponent,,,win,3,pass
Contessa,Assassin,11,1,LOSE_INFLUENCE,Assassinate,opponent,,,loss,1,reveal Contessa
Contessa,Assassin,11,1,LOSE_INFLUENCE,Coup,opponent,,,loss,1,reveal Contessa
Contessa,Assassin,11,2,ACTION,,,,,win,2,Coup
Contessa,Assassin,11,2,ACTION_CHALLENGE,Assassinate,opponent,,,win,5,pass
Contessa,Assassin,11,2,BLOCK,Assassinate,opponent,,,win,4,block Contessa
Contessa,Assassin,11,2,BLOCK,Foreign Aid,opponent,,,win,3,pass
Contessa,Assassin,11,2,LOSE_INFLUENCE,Assassinate,opponent,,,loss,1,reveal Contessa
Contessa,Assassin,11,2,LOSE_INFLUENCE,Coup,opponent,,,loss,1,reveal Contessa
Contessa,Assassin,11,3,ACTION,,,,,win,2,Coup
Contessa,Assassin,11,3,ACTION_CHALLENGE,Assassinate,opponent,,,win,5,pass
Contessa,Assassin,11,3,BLOCK,Assassinate,opponent,,,win,4,block Contessa
Contessa,Assassin,11,3,BLOCK,Foreign Aid,opponent,,,win,3,pass
Contessa,Assassin,11,3,LOSE_INFLUENCE,Assassinate,opponent,,,loss,1,reveal Contessa
Contessa,Assassin,11,3,LOSE_INFLUENCE,Coup,opponent,,,loss,1,reveal Contessa
Contessa,Assassin,11,4,ACTION,,,,,win,2,Coup
Contessa,Assassin,11,4,ACTION_CHALLENGE,Assassinate,opponent,,,win,5,pass
Contessa,Assassin,11,4,BLOCK,Assassinate,opponent,,,win,4,block Contessa
Contessa,Assassin,11,4,BLOCK,Foreign Aid,opponent,,,win,3,pass
Contessa,Assassin,11,4,LOSE_INFLUENCE,Assassinate,opponent,,,loss,1,reveal Contessa
Contessa,Assassin,11,4,LOSE_INFLUENCE,Coup,opponent,,,loss,1,reveal Contessa
Contessa,Assassin,11,5,ACTION,,,,,win,2,Coup
Contessa,Assassin,11,5,ACTION_CHALLENGE,Assassinate,opponent,,,win,5,pass
Contessa,Assassin,11,5,BLOCK,Assassinate,opponent,,,win,4,block Contessa
Contessa,Assassin,11,5,BLOCK,Foreign Aid,opponent,,,win,3,pass
Contessa,Assassin,11,5,LOSE_INFLUENCE,Assassinate,opponent,,,loss,1,reveal Contessa
Contessa,Assassin,11,6,ACTION,,,,,win,2,Coup
Contessa,Assassin,11,6,ACTION_CHALLENGE,Assassinate,opponent,,,win,5,pass
Contessa,Assassin,11,6,BLOCK,Assassinate,opponent,,,win,4,block Contessa
Contessa,Assassin,11,6,BLOCK,Foreign Aid,opponent,,,win,3,pass
Contessa,Assassin,11,6,LOSE_INFLUENCE,Assassinate,opponent,,,loss,1,reveal Contessa
Contessa,Assassin,11,7,ACTION,,,,,win,2,Coup
Contessa,Assassin,11,7,BLOCK,Foreign Aid,opponent,,,win,3,pass
Contessa,Assassin,11,8,ACTION,,,,,win,2,Coup
Contessa,Assassin,11,8,BLOCK,Foreign Aid,opponent,,,win,3,pass
Contessa,Assassin,11,9,ACTION,,,,,win,2,Coup
Contessa,Assassin,11,9,BLOCK,Foreign Aid,opponent,,,win,3,pass
Contessa,Assassin,11,10,ACTION,,,,,win,2,Coup
Contessa,Assassin,11,11,ACTION,,,,,win,2,Coup
Contessa,Captain,0,0,ACTION,,,,,loss,20,Foreign Aid
Contessa,Captain,0,0,BLOCK,Foreign Aid,opponent,,,loss,16,pass
Contessa,Captain,0,1,ACTION,,,,,loss,16,Foreign Aid
Contessa,Captain,0,2,ACTION,,,,,loss,15,Foreign Aid
Contessa,Captain,0,3,ACTION,,,,,loss,12,Foreign Aid
Contessa,Captain,0,4,ACTION,,,,,loss,11,Foreign Aid
Contessa,Captain,0,5,ACTION,,,,,loss,8,Foreign Aid
Contessa,Captain,0,6,ACTION,,,,,loss,7,Foreign Aid
Contessa,Captain,0,7,ACTION,,,,,loss,4,Foreign Aid
Contessa,Captain,0,8,ACTION,,,,,loss,4,Foreign Aid
Contessa,Captain,0,9,ACTION,,,,,loss,4,Foreign Aid
Contessa,Captain,0,10,ACTION,,,,,loss,4,Foreign Aid
Contessa,Captain,0,11,ACTION,,,,,loss,4,Foreign Aid
Contessa,Captain,1,0,ACTION_CHALLENGE,Steal,opponent,,,loss,18,pass
Contessa,Captain,1,0,BLOCK,Foreign Aid,opponent,,,loss,17,pass
Contessa,Captain,1,0,BLOCK,Steal,opponent,,,loss,17,pass
Contessa,Captain,1,0,LOSE_INFLUENCE,Coup,opponent,,,loss,1,reveal Contessa
Contessa,Captain,1,1,ACTION,,,,,loss,17,Foreign Aid
Contessa,Captain,1,1,ACTION_CHALLENGE,Steal,opponent,,,loss,17,pass
Contessa,Captain,1,1,BLOCK,Foreign Aid,opponent,,,loss,13,pass
Contessa,Captain,1,1,BLOCK,Steal,opponent,,,loss,16,pass
Contessa,Captain,1,1,LOSE_INFLUENCE,Coup,opponent,,,loss,1,reveal Contessa
Contessa,Captain,1,2,ACTION,,,,,loss,16,Foreign Aid
Contessa,Captain,1,2,ACTION_CHALLENGE,Steal,opponent,,,loss,14,pass
Contessa,Captain,1,2,BLOCK,Foreign Aid,opponent,,,loss,12,pass
Contessa,Captain,1,2,BLOCK,Steal,opponent,,,loss,13,pass
Contessa,Captain,1,2,LOSE_INFLUENCE,Coup,opponent,,,loss,1,reveal Contessa
Contessa,Captain,1,3,ACTION,,,,,loss,12,Foreign Aid
Contessa,Captain,1,3,ACTION_CHALLENGE,Steal,opponent,,,loss,13,pass
Contessa,Captain,1,3,BLOCK,Foreign Aid,opponent,,,loss,9,pass
Contessa,Captain,1,3,BLOCK,Steal,opponent,,,loss,12,pass
Contessa,Captain,1,3,LOSE_INFLUENCE,Coup,opponent,,,loss,1,reveal Contessa
Contessa,Captain,1,4,ACTION,,,,,loss,11,Foreign Aid
Contessa,Captain,1,4,ACTION_CHALLENGE,Steal,opponent,,,loss,10,pass
Contessa,Captain,1,4,BLOCK,Foreign Aid,opponent,,,loss,8,pass
Contessa,Captain,1,4,BLOCK,Steal,opponent,,,loss,9,pass
Contessa,Captain,1,4,LOSE_INFLUENCE,Coup,opponent,,,loss,1,reveal Contessa
Contessa,Captain,1,5,ACTION,,,,,loss,8,Foreign Aid
Contessa,Captain,1,5,ACTION_CHALLENGE,Steal,opponent,,,loss,9,pass
Contessa,Captain,1,5,BLOCK,Foreign Aid,opponent,,,loss,5,pass
Contessa,Captain,1,5,BLOCK,Steal,opponent,,,loss,8,pass
Contessa,Captain,1,6,ACTION,,,,,loss,7,Foreign Aid
Contessa,Captain,1,6,ACTION_CHALLENGE,Steal,opponent,,,loss,6,pass
Contessa,Captain,1,6,BLOCK,Foreign Aid,opponent,,,loss,5,pass
Contessa,Captain,1,6,BLOCK,Steal,opponent,,,loss,5,pass
Contessa,Captain,1,7,ACTION,,,,,loss,4,Foreign Aid
Contessa,Captain,1,7,ACTION_CHALLENGE,Steal,opponent,,,loss,6,pass
Contessa,Captain,1,7,BLOCK,Foreign Aid,opponent,,,loss,5,pass
Contessa,Captain,1,7,BLOCK,Steal,opponent,,,loss,5,pass
Contessa,Captain,1,8,ACTION,,,,,loss,4,Foreign Aid
Contessa,Captain,1,8,ACTION_CHALLENGE,Steal,opponent,,,loss,6,pass
Contessa,Captain,1,8,BLOCK,Foreign Aid,opponent,,,loss,5,pass
Contessa,Captain,1,8,BLOCK,Steal,opponent,,,loss,5,pass
Contessa,Captain,1,9,ACTION,,,,,loss,4,Foreign Aid
Contessa,Captain,1,9,ACTION_CHALLENGE,Steal,opponent,,,loss,6,pass
Contessa,Captain,1,9,BLOCK,Foreign Aid,opponent,,,loss,5,pass
Contessa,Captain,1,9,BLOCK,Steal,opponent,,,loss,5,pass
Contessa,Captain,1,10,ACTION,,,,,loss,4,Foreign Aid
Contessa,Captain,1,11,ACTION,,,,,loss,4,Foreign Aid
Contessa,Captain,2,0,ACTION_CHALLENGE,Steal,opponent,,,loss,17,pass
Contessa,Captain,2,0,BLOCK,Foreign Aid,opponent,,,loss,17,pass
Contessa,Captain,2,0,BLOCK,Steal,opponent,,,loss,16,pass
Contessa,Captain,2,0,LOSE_INFLUENCE,Coup,opponent,,,loss,1,reveal Contessa
Contessa,Captain,2,1,ACTION,,,,,loss,17,Foreign Aid
Contessa,Captain,2,1,ACTION_CHALLENGE,Steal,opponent,,,loss,14,pass
Contessa,Captain,2,1,BLOCK,Foreign Aid,opponent,,,loss,13,pass
Contessa,Captain,2,1,BLOCK,Steal,opponent,,,loss,13,pass
Contessa,Captain,2,1,LOSE_INFLUENCE,Coup,opponent,,,loss,1,reveal Contessa
Contessa,Captain,2,2,ACTION,,,,,loss,16,Foreign Aid
Contessa,Captain,2,2,ACTION_CHALLENGE,Steal,opponent,,,loss,13,pass
Contessa,Captain,2,2,BLOCK,Foreign Aid,opponent,,,loss,12,pass
Contessa,Captain,2,2,BLOCK,Steal,opponent,,,loss,12,pass
Contessa,Captain,2,2,LOSE_INFLUENCE,Coup,opponent,,,loss,1,reveal Contessa
Contessa,Captain,2,3,ACTION,,,,,loss,12,Foreign Aid
Contessa,Captain,2,3,ACTION_CHALLENGE,Steal,opponent,,,loss,10,pass
Contessa,Captain,2,3,BLOCK,Foreign Aid,opponent,,,loss,9,pass
Contessa,Captain,2,3,BLOCK,Steal,opponent,,,loss,9,pass
Contessa,Captain,2,3,LOSE_INFLUENCE,Coup,opponent,,,loss,1,reveal Contessa
Contessa,Captain,2,4,ACTION,,,,,loss,11,Foreign Aid
Contessa,Captain,2,4,ACTION_CHALLENGE,Steal,opponent,,,loss,9,pass
Contessa,Captain,2,4,BLOCK,Foreign Aid,opponent,,,loss,8,pass
Contessa,Captain,2,4,BLOCK,Steal,opponent,,,loss,8,pass
Contessa,Captain,2,4,LOSE_INFLUENCE,Coup,opponent,,,loss,1,reveal Contessa
Contessa,Captain,2,5,ACTION,,,,,loss,8,Foreign Aid
Contessa,Captain,2,5,ACTION_CHALLENGE,Steal,opponent,,,loss,6,pass
Contessa,Captain,2,5,BLOCK,Foreign Aid,opponent,,,loss,5,pass
Contessa,Captain,2,5,BLOCK,Steal,opponent,,,loss,5,pass
Contessa,Captain,2,6,ACTION,,,,,loss,7,Foreign Aid
Contessa,Captain,2,6,ACTION_CHALLENGE,Steal,opponent,,,loss,6,pass
Contessa,Captain,2,6,BLOCK,Foreign Aid,opponent,,,loss,5,pass
Contessa,Captain,2,6,BLOCK,Steal,opponent,,,loss,5,pass
Contessa,Captain,2,7,ACTION,,,,,loss,4,Foreign Aid
Contessa,Captain,2,7,ACTION_CHALLENGE,Steal,opponent,,,loss,6,pass
Contessa,Captain,2,7,BLOCK,Foreign Aid,opponent,,,loss,5,pass
Contessa,Captain,2,7,BLOCK,Steal,opponent,,,loss,5,pass
Contessa,Captain,2,8,ACTION,,,,,loss,4,Foreign Aid
Contessa,Captain,2,8,ACTION_CHALLENGE,Steal,opponent,,,loss,6,pass
Contessa,Captain,2,8,BLOCK,Foreign Aid,opponent,,,loss,5,pass
Contessa,Captain,2,8,BLOCK,Steal,opponent,,,loss,5,pass
Contessa,Captain,2,9,ACTION,,,,,loss,4,Foreign Aid
Contessa,Captain,2,9,ACTION_CHALLENGE,Steal,opponent,,,loss,6,pass
Contessa,Captain,2,9,BLOCK,Foreign Aid,opponent,,,loss,5,pass
Contessa,Captain,2,9,BLOCK,Steal,opponent,,,loss,5,pass
Contessa,Captain,2,10,ACTION,,,,,loss,4,Foreign Aid
Contessa,Captain,2,11,ACTION,,,,,loss,4,Foreign Aid
Contessa,Captain,3,0,LOSE_INFLUENCE,Coup,opponent,,,loss,1,reveal Contessa
Contessa,Captain,3,1,ACTION_CHALLENGE,Steal,opponent,,,loss,14,pass
Contessa,Captain,3,1,BLOCK,Foreign Aid,opponent,,,loss,14,pass
Contessa,Captain,3,1,BLOCK,Steal,opponent,,,loss,13,pass
Contessa,Captain,3,1,LOSE_INFLUENCE,Coup,opponent,,,loss,1,reveal Contessa
Contessa,Captain,3,2,ACTION,,,,,loss,17,Foreign Aid
Contessa,Captain,3,2,ACTION_CHALLENGE,Steal,opponent,,,loss,13,pass
Contessa,Captain,3,2,BLOCK,Foreign Aid,opponent,,,loss,13,pass
Contessa,Captain,3,2,BLOCK,Steal,opponent,,,loss,12,pass
Contessa,Captain,3,2,LOSE_INFLUENCE,Coup,opponent,,,loss,1,reveal Contessa
Contessa,Captain,3,3,ACTION,,,,,loss,13,Foreign Aid
Contessa,Captain,3,3,ACTION_CHALLENGE,Steal,opponent,,,loss,10,pass
Contessa,Captain,3,3,BLOCK,Foreign Aid,opponent,,,loss,9,pass
Contessa,Captain,3,3,BLOCK,Steal,opponent,,,loss,9,pass
Contessa,Captain,3,3,LOSE_INFLUENCE,Coup,opponent,,,loss,1,reveal Contessa
Contessa,Captain,3,4,ACTION,,,,,loss,12,Foreign Aid
Contessa,Captain,3,4,ACTION_CHALLENGE,Steal,opponent,,,loss,9,pass
Contessa,Captain,3,4,BLOCK,Foreign Aid,opponent,,,loss,8,pass
Contessa,Captain,3,4,BLOCK,Steal,opponent,,,loss,8,pass
Contessa,Captain,3,4,LOSE_INFLUENCE,Coup,opponent,,,loss,1,reveal Contessa
Contessa,Captain,3,5,ACTION,,,,,loss,8,Foreign Aid
Contessa,Captain,3,5,ACTION_CHALLENGE,Steal,opponent,,,loss,6,pass
Contessa,Captain,3,5,BLOCK,Foreign Aid,opponent,,,loss,5,pass
Contessa,Captain,3,5,BLOCK,Steal,opponent,,,loss,5,pass
Contessa,Captain,3,6,ACTION,,,,,loss,7,Foreign Aid
Contessa,Captain,3,6,ACTION_CHALLENGE,Steal,opponent,,,loss,6,pass
Contessa,Captain,3,6,BLOCK,Foreign Aid,opponent,,,loss,5,pass
Contessa,Captain,3,6,BLOCK,Steal,opponent,,,loss,5,pass
Contessa,Captain,3,7,ACTION,,,,,loss,4,Foreign Aid
Contessa,Captain,3,7,ACTION_CHALLENGE,Steal,opponent,,,loss,6,pass
Contessa,Captain,3,7,BLOCK,Foreign Aid,opponent,,,loss,5,pass
Contessa,Captain,3,7,BLOCK,Steal,opponent,,,loss,5,pass
Contessa,Captain,3,8,ACTION,,,,,loss,4,Foreign Aid
Contessa,Captain,3,8,ACTION_CHALLENGE,Steal,opponent,,,loss,6,pass
Contessa,Captain,3,8,BLOCK,Foreign Aid,opponent,,,loss,5,pass
Contessa,Captain,3,8,BLOCK,Steal,opponent,,,loss,5,pass
Contessa,Captain,3,9,ACTION,,,,,loss,4,Foreign Aid
Contessa,Captain,3,9,ACTION_CHALLENGE,Steal,opponent,,,loss,6,pass
Contessa,Captain,3,9,BLOCK,Foreign Aid,opponent,,,loss,5,pass
Contessa,Captain,3,9,BLOCK,Steal,opponent,,,loss,5,pass
Contessa,Captain,3,10,ACTION,,,,,loss,4,Foreign Aid
Contessa,Captain,3,11,ACTION,,,,,loss,4,Foreign Aid
Contessa,Captain,4,0,LOSE_INFLUENCE,Coup,opponent,,,loss,1,reveal Contessa
Contessa,Captain,4,1,ACTION_CHALLENGE,Steal,opponent,,,loss,14,pass
Contessa,Captain,4,1,BLOCK,Foreign Aid,opponent,,,loss,14,pass
Contessa,Captain,4,1,BLOCK,Steal,opponent,,,loss,13,pass
Contessa,Captain,4,1,LOSE_INFLUENCE,Coup,opponent,,,loss,1,reveal Contessa
Contessa,Captain,4,2,ACTION,,,,,loss,17,Foreign Aid
Contessa,Captain,4,2,ACTION_CHALLENGE,Steal,opponent,,,loss,13,pass
Contessa,Captain,4,2,BLOCK,Foreign Aid,opponent,,,loss,13,pass
Contessa,Captain,4,2,BLOCK,Steal,opponent,,,loss,12,pass
Contessa,Captain,4,2,LOSE_INFLUENCE,Coup,opponent,,,loss,1,reveal Contessa
Contessa,Captain,4,3,ACTION,,,,,loss,13,Foreign Aid
Contessa,Captain,4,3,ACTION_CHALLENGE,Steal,opponent,,,loss,10,pass
Contessa,Captain,4,3,BLOCK,Foreign Aid,opponent,,,loss,9,pass
Contessa,Captain,4,3,BLOCK,Steal,opponent,,,loss,9,pass
Contessa,Captain,4,3,LOSE_INFLUENCE,Coup,opponent,,,loss,1,reveal Contessa
Contessa,Captain,4,4,ACTION,,,,,loss,12,Foreign Aid
Contessa,Captain,4,4,ACTION_CHALLENGE,Steal,opponent,,,loss,9,pass
Contessa,Captain,4,4,BLOCK,Foreign Aid,opponent,,,loss,8,pass
Contessa,Captain,4,4,BLOCK,Steal,opponent,,,loss,8,pass
Contessa,Captain,4,4,LOSE_INFLUENCE,Coup,opponent,,,loss,1,reveal Contessa
Contessa,Captain,4,5,ACTION,,,,,loss,8,Foreign Aid
Contessa,Captain,4,5,ACTION_CHALLENGE,Steal,opponent,,,loss,6,pass
Contessa,Captain,4,5,BLOCK,Foreign Aid,opponent,,,loss,5,pass
Contessa,Captain,4,5,BLOCK,Steal,opponent,,,loss,5,pass
Contessa,Captain,4,6,ACTION,,,,,loss,7,Foreign Aid
Contessa,Captain,4,6,ACTION_CHALLENGE,Steal,opponent,,,loss,6,pass
Contessa,Captain,4,6,BLOCK,Foreign Aid,opponent,,,loss,5,pass
Contessa,Captain,4,6,BLOCK,Steal,opponent,,,loss,5,pass
Contessa,Captain,4,7,ACTION,,,,,loss,4,Foreign Aid
Contessa,Captain,4,7,ACTION_CHALLENGE,Steal,opponent,,,loss,6,pass
Contessa,Captain,4,7,BLOCK,Foreign Aid,opponent,,,loss,5,pass
Contessa,Captain,4,7,BLOCK,Steal,opponent,,,loss,5,pass
Contessa,Captain,4,8,ACTION,,,,,loss,4,Foreign Aid
Contessa,Captain,4,8,ACTION_CHALLENGE,Steal,opponent,,,loss,6,pass
Contessa,Captain,4,8,BLOCK,Foreign Aid,opponent,,,loss,5,pass
Contessa,Captain,4,8,BLOCK,Steal,opponent,,,loss,5,pass
Contessa,Captain,4,9,ACTION,,,,,loss,4,Foreign Aid
Contessa,Captain,4,9,ACTION_CHALLENGE,Steal,opponent,,,loss,6,pass
Contessa,Captain,4,9,BLOCK,Foreign Aid,opponent,,,loss,5,pass
Contessa,Captain,4,9,BLOCK,Steal,opponent,,,loss,5,pass
Contessa,Captain,4,10,ACTION,,,,,loss,4,Foreign Aid
Contessa,Captain,4,11,ACTION,,,,,loss,4,Foreign Aid
Contessa,Captain,5,0,LOSE_INFLUENCE,Coup,opponent,,,loss,1,reveal Contessa
Contessa,Captain,5,1,LOSE_INFLUENCE,Coup,opponent,,,loss,1,reveal Contessa
Contessa,Captain,5,2,ACTION_CHALLENGE,Steal,opponent,,,loss,14,pass
Contessa,Captain,5,2,BLOCK,Foreign Aid,opponent,,,loss,15,pass
Contessa,Captain,5,2,BLOCK,Steal,opponent,,,loss,13,pass
Contessa,Captain,5,2,LOSE_INFLUENCE,Coup,opponent,,,loss,1,reveal Contessa
Contessa,Captain,5,3,ACTION,,,,,loss,14,Foreign Aid
Contessa,Captain,5,3,ACTION_CHALLENGE,Steal,opponent,,,loss,10,pass
Contessa,Captain,5,3,BLOCK,Foreign Aid,opponent,,,loss,10,pass
Contessa,Captain,5,3,BLOCK,Steal,opponent,,,loss,9,pass
Contessa,Captain,5,3,LOSE_INFLUENCE,Coup,opponent,,,loss,1,reveal Contessa
Contessa,Captain,5,4,ACTION,,,,,loss,14,Foreign Aid
Contessa,Captain,5,4,ACTION_CHALLENGE,Steal,opponent,,,loss,9,pass
Contessa,Captain,5,4,BLOCK,Foreign Aid,opponent,,,loss,10,pass
Contessa,Captain,5,4,BLOCK,Steal,opponent,,,loss,8,pass
Contessa,Captain,5,4,LOSE_INFLUENCE,Coup,opponent,,,loss,1,reveal Contessa
Contessa,Captain,5,5,ACTION,,,,,loss,9,Foreign Aid
Contessa,Captain,5,5,ACTION_CHALLENGE,Steal,opponent,,,loss,6,pass
Contessa,Captain,5,5,BLOCK,Foreign Aid,opponent,,,loss,5,pass
Contessa,Captain,5,5,BLOCK,Steal,opponent,,,loss,5,pass
Contessa,Captain,5,6,ACTION,,,,,loss,9,Foreign Aid
Contessa,Captain,5,6,ACTION_CHALLENGE,Steal,opponent,,,loss,6,pass
Contessa,Captain,5,6,BLOCK,Foreign Aid,opponent,,,loss,5,pass
Contessa,Captain,5,6,BLOCK,Steal,opponent,,,loss,5,pass
Contessa,Captain,5,7,ACTION,,,,,loss,4,Foreign Aid
Contessa,Captain,5,7,ACTION_CHALLENGE,Steal,opponent,,,loss,6,pass
Contessa,Captain,5,7,BLOCK,Foreign Aid,opponent,,,loss,5,pass
Contessa,Captain,5,7,BLOCK,Steal,opponent,,,loss,5,pass
Contessa,Captain,5,8,ACTION,,,,,loss,4,Foreign Aid
Contessa,Captain,5,8,ACTION_CHALLENGE,Steal,opponent,,,loss,6,pass
Contessa,Captain,5,8,BLOCK,Foreign Aid,opponent,,,loss,5,pass
Contessa,Captain,5,8,BLOCK,Steal,opponent,,,loss,5,pass
Contessa,Captain,5,9,ACTION,,,,,loss,4,Foreign Aid
Contessa,Captain,5,9,ACTION_CHALLENGE,Steal,opponent,,,loss,6,pass
Contessa,Captain,5,9,BLOCK,Foreign Aid,opponent,,,loss,5,pass
Contessa,Captain,5,9,BLOCK,Steal,opponent,,,loss,5,pass
Contessa,Captain,5,10,ACTION,,,,,loss,4,Foreign Aid
Contessa,Captain,5,11,ACTION,,,,,loss,4,Foreign Aid
Contessa,Captain,6,0,LOSE_INFLUENCE,Coup,opponent,,,loss,1,reveal Contessa
Contessa,Captain,6,1,LOSE_INFLUENCE,Coup,opponent,,,loss,1,reveal Contessa
Contessa,Captain,6,2,ACTION_CHALLENGE,Steal,opponent,,,loss,14,pass
Contessa,Captain,6,2,BLOCK,Foreign Aid,opponent,,,loss,15,pass
Contessa,Captain,6,2,BLOCK,Steal,opponent,,,loss,13,pass
Contessa,Captain,6,2,LOSE_INFLUENCE,Coup,opponent,,,loss,1,reveal Contessa
Contessa,Captain,6,3,ACTION,,,,,loss,14,Foreign Aid
Contessa,Captain,6,3,ACTION_CHALLENGE,Steal,opponent,,,loss,10,pass
Contessa,Captain,6,3,BLOCK,Foreign Aid,opponent,,,loss,10,pass
Contessa,Captain,6,3,BLOCK,Steal,opponent,,,loss,9,pass
Contessa,Captain,6,3,LOSE_INFLUENCE,Coup,opponent,,,loss,1,reveal Contessa
Contessa,Captain,6,4,ACTION,,,,,loss,14,Foreign Aid
Contessa,Captain,6,4,ACTION_CHALLENGE,Steal,opponent,,,loss,9,pass
Contessa,Captain,6,4,BLOCK,Foreign Aid,opponent,,,loss,10,pass
Contessa,Captain,6,4,BLOCK,Steal,opponent,,,loss,8,pass
Contessa,Captain,6,4,LOSE_INFLUENCE,Coup,opponent,,,loss,1,reveal Contessa
Contessa,Captain,6,5,ACTION,,,,,loss,9,Foreign Aid
Contessa,Captain,6,5,ACTION_CHALLENGE,Steal,opponent,,,loss,6,pass
Contessa,Captain,6,5,BLOCK,Foreign Aid,opponent,,,loss,5,pass
Contessa,Captain,6,5,BLOCK,Steal,opponent,,,loss,5,pass
Contessa,Captain,6,6,ACTION,,,,,loss,9,Foreign Aid
Contessa,Captain,6,6,ACTION_CHALLENGE,Steal,opponent,,,loss,6,pass
Contessa,Captain,6,6,BLOCK,Foreign Aid,opponent,,,loss,5,pass
Contessa,Captain,6,6,BLOCK,Steal,opponent,,,loss,5,pass
Contessa,Captain,6,7,ACTION,,,,,loss,4,Foreign Aid
Contessa,Captain,6,7,ACTION_CHALLENGE,Steal,opponent,,,loss,6,pass
Contessa,Captain,6,7,BLOCK,Foreign Aid,opponent,,,loss,5,pass
Contessa,Captain,6,7,BLOCK,Steal,opponent,,,loss,5,pass
Contessa,Captain,6,8,ACTION,,,,,loss,4,Foreign Aid
Contessa,Captain,6,8,ACTION_CHALLENGE,Steal,opponent,,,loss,6,pass
Contessa,Captain,6,8,BLOCK,Foreign Aid,opponent,,,loss,5,pass
Contessa,Captain,6,8,BLOCK,Steal,opponent,,,loss,5,pass
Contessa,Captain,6,9,ACTION,,,,,loss,4,Foreign Aid
Contessa,Captain,6,9,ACTION_CHALLENGE,Steal,opponent,,,loss,6,pass
Contessa,Captain,6,9,BLOCK,Foreign Aid,opponent,,,loss,5,pass
Contessa,Captain,6,9,BLOCK,Steal,opponent,,,loss,5,pass
Contessa,Captain,6,10,ACTION,,,,,loss,4,Foreign Aid
Contessa,Captain,6,11,ACTION,,,,,loss,4,Foreign Aid
Contessa,Captain,7,0,LOSE_INFLUENCE,Coup,opponent,,,loss,1,reveal Contessa
Contessa,Captain,7,1,LOSE_INFLUENCE,Coup,opponent,,,loss,1,reveal Contessa
Contessa,Captain,7,2,LOSE_INFLUENCE,Coup,opponent,,,loss,1,reveal Contessa
Contessa,Captain,7,3,ACTION_CHALLENGE,Steal,opponent,,,loss,11,pass
Contessa,Captain,7,3,BLOCK,Foreign Aid,opponent,,,win,3,pass
Contessa,Captain,7,3,BLOCK,Steal,opponent,,,loss,10,pass
Contessa,Captain,7,3,LOSE_INFLUENCE,Coup,opponent,,,loss,1,reveal Contessa
Contessa,Captain,7,4,ACTION,,,,,win,2,Coup
Contessa,Captain,7,4,ACTION_CHALLENGE,Steal,opponent,,,loss,11,pass
Contessa,Captain,7,4,BLOCK,Foreign Aid,opponent,,,win,3,pass
Contessa,Captain,7,4,BLOCK,Steal,opponent,,,loss,10,pass
Contessa,Captain,7,4,LOSE_INFLUENCE,Coup,opponent,,,loss,1,reveal Contessa
Contessa,Captain,7,5,ACTION,,,,,win,2,Coup
Contessa,Captain,7,5,ACTION_CHALLENGE,Steal,opponent,,,loss,6,pass
Contessa,Captain,7,5,BLOCK,Foreign Aid,opponent,,,win,3,pass
Contessa,Captain,7,5,BLOCK,Steal,opponent,,,loss,5,pass
Contessa,Captain,7,6,ACTION,,,,,win,2,Coup
Contessa,Captain,7,6,ACTION_CHALLENGE,Steal,opponent,,,loss,6,pass
Contessa,Captain,7,6,BLOCK,Foreign Aid,opponent,,,win,3,pass
Contessa,Captain,7,6,BLOCK,Steal,opponent,,,loss,5,pass
Contessa,Captain,7,7,ACTION,,,,,win,2,Coup
Contessa,Captain,7,7,ACTION_CHALLENGE,Steal,opponent,,,loss,6,pass
Contessa,Captain,7,7,BLOCK,Foreign Aid,opponent,,,win,3,pass
Contessa,Captain,7,7,BLOCK,Steal,opponent,,,loss,5,pass
Contessa,Captain,7,8,ACTION,,,,,win,2,Coup
Contessa,Captain,7,8,ACTION_CHALLENGE,Steal,opponent,,,loss,6,pass
Contessa,Captain,7,8,BLOCK,Foreign Aid,opponent,,,win,3,pass
Contessa,Captain,7,8,BLOCK,Steal,opponent,,,loss,5,pass
Contessa,Captain,7,9,ACTION,,,,,win,2,Coup
Contessa,Captain,7,9,ACTION_CHALLENGE,Steal,opponent,,,loss,6,pass
Contessa,Captain,7,9,BLOCK,Foreign Aid,opponent,,,win,3,pass
Contessa,Captain,7,9,BLOCK,Steal,opponent,,,loss,5,pass
Contessa,Captain,7,10,ACTION,,,,,win,2,Coup
Contessa,Captain,7,11,ACTION,,,,,win,2,Coup
Contessa,Captain,8,0,LOSE_INFLUENCE,Coup,opponent,,,loss,1,reveal Contessa
Contessa,Captain,8,1,LOSE_INFLUENCE,Coup,opponent,,,loss,1,reveal Contessa
Contessa,Captain,8,2,LOSE_INFLUENCE,Coup,opponent,,,loss,1,reveal Contessa
Contessa,Captain,8,3,ACTION_CHALLENGE,Steal,opponent,,,loss,11,pass
Contessa,Captain,8,3,BLOCK,Foreign Aid,opponent,,,win,3,pass
Contessa,Captain,8,3,BLOCK,Steal,opponent,,,loss,10,pass
Contessa,Captain,8,3,LOSE_INFLUENCE,Coup,opponent,,,loss,1,reveal Contessa
Contessa,Captain,8,4,ACTION,,,,,win,2,Coup
Contessa,Captain,8,4,ACTION_CHALLENGE,Steal,opponent,,,loss,11,pass
Contessa,Captain,8,4,BLOCK,Foreign Aid,opponent,,,win,3,pass
Contessa,Captain,8,4,BLOCK,Steal,opponent,,,loss,10,pass
Contessa,Captain,8,4,LOSE_INFLUENCE,Coup,opponent,,,loss,1,reveal Contessa
Contessa,Captain,8,5,ACTION,,,,,win,2,Coup
Contessa,Captain,8,5,ACTION_CHALLENGE,Steal,opponent,,,loss,6,pass
Contessa,Captain,8,5,BLOCK,Foreign Aid,opponent,,,win,3,pass
Contessa,Captain,8,5,BLOCK,Steal,opponent,,,loss,5,pass
Contessa,Captain,8,6,ACTION,,,,,win,2,Coup
Contessa,Captain,8,6,ACTION_CHALLENGE,Steal,opponent,,,loss,6,pass
Contessa,Captain,8,6,BLOCK,Foreign Aid,opponent,,,win,3,pass
Contessa,Captain,8,6,BLOCK,Steal,opponent,,,loss,5,pass
Contessa,Captain,8,7,ACTION,,,,,win,2,Coup
Contessa,Captain,8,7,ACTION_CHALLENGE,Steal,opponent,,,loss,6,pass
Contessa,Captain,8,7,BLOCK,Foreign Aid,opponent,,,win,3,pass
Contessa,Captain,8,7,BLOCK,Steal,opponent,,,loss,5,pass
Contessa,Captain,8,8,ACTION,,,,,win,2,Coup
Contessa,Captain,8,8,ACTION_CHALLENGE,Steal,opponent,,,loss,6,pass
Contessa,Captain,8,8,BLOCK,Foreign Aid,opponent,,,win,3,pass
Contessa,Captain,8,8,BLOCK,Steal,opponent,,,loss,5,pass
Contessa,Captain,8,9,ACTION,,,,,win,2,Coup
Contessa,Captain,8,9,ACTION_CHALLENGE,Steal,opponent,,,loss,6,pass
Contessa,Captain,8,9,BLOCK,Foreign Aid,opponent,,,win,3,pass
Contessa,Captain,8,9,BLOCK,Steal,opponent,,,loss,5,pass
Contessa,Captain,8,10,ACTION,,,,,win,2,Coup
Contessa,Captain,8,11,ACTION,,,,,win,2,Coup
Contessa,Captain,9,0,LOSE_INFLUENCE,Coup,opponent,,,loss,1,reveal Contessa
Contessa,Captain,9,1,LOSE_INFLUENCE,Coup,opponent,,,loss,1,reveal Contessa
Contessa,Captain,9,2,LOSE_INFLUENCE,Coup,opponent,,,loss,1,reveal Contessa
Contessa,Captain,9,3,LOSE_INFLUENCE,Coup,opponent,,,loss,1,reveal Contessa
Contessa,Captain,9,4,ACTION_CHALLENGE,Steal,opponent,,,win,4,pass
Contessa,Captain,9,4,BLOCK,Foreign Aid,opponent,,,win,3,pass
Contessa,Captain,9,4,BLOCK,Steal,opponent,,,win,3,pass
Contessa,Captain,9,4,LOSE_INFLUENCE,Coup,opponent,,,loss,1,reveal Contessa
Contessa,Captain,9,5,ACTION,,,,,win,2,Coup
Contessa,Captain,9,5,ACTION_CHALLENGE,Steal,opponent,,,win,4,pass
Contessa,Captain,9,5,BLOCK,Foreign Aid,opponent,,,win,3,pass
Contessa,Captain,9,5,BLOCK,Steal,opponent,,,win,3,pass
Contessa,Captain,9,6,ACTION,,,,,win,2,Coup
Contessa,Captain,9,6,ACTION_CHALLENGE,Steal,opponent,,,win,4,pass
Contessa,Captain,9,6,BLOCK,Foreign Aid,opponent,,,win,3,pass
Contessa,Captain,9,6,BLOCK,Steal,opponent,,,win,3,pass
Contessa,Captain,9,7,ACTION,,,,,win,2,Coup
Contessa,Captain,9,7,ACTION_CHALLENGE,Steal,opponent,,,win,4,pass
Contessa,Captain,9,7,BLOCK,Foreign Aid,opponent,,,win,3,pass
Contessa,Captain,9,7,BLOCK,Steal,opponent,,,win,3,pass
Contessa,Captain,9,8,ACTION,,,,,win,2,Coup
Contessa,Captain,9,8,ACTION_CHALLENGE,Steal,opponent,,,win,4,pass
Contessa,Captain,9,8,BLOCK,Foreign Aid,opponent,,,win,3,pass
Contessa,Captain,9,8,BLOCK,Steal,opponent,,,win,3,pass
Contessa,Captain,9,9,ACTION,,,,,win,2,Coup
Contessa,Captain,9,9,ACTION_CHALLENGE,Steal,opponent,,,win,4,pass
Contessa,Captain,9,9,BLOCK,Foreign Aid,opponent,,,win,3,pass
Contessa,Captain,9,9,BLOCK,Steal,opponent,,,win,3,pass
Contessa,Captain,9,10,ACTION,,,,,win,2,Coup
Contessa,Captain,9,11,ACTION,,,,,win,2,Coup
Contessa,Captain,10,0,LOSE_INFLUENCE,Coup,opponent,,,loss,1,reveal Contessa
Contessa,Captain,10,1,LOSE_INFLUENCE,Coup,opponent,,,loss,1,reveal Contessa
Contessa,Captain,10,2,LOSE_INFLUENCE,Coup,opponent,,,loss,1,reveal Contessa
Contessa,Captain,10,3,LOSE_INFLUENCE,Coup,opponent,,,loss,1,reveal Contessa
Contessa,Captain,10,4,ACTION_CHALLENGE,Steal,opponent,,,win,4,pass
Contessa,Captain,10,4,BLOCK,Foreign Aid,opponent,,,win,3,pass
Contessa,Captain,10,4,BLOCK,Steal,opponent,,,win,3,pass
Contessa,Captain,10,4,LOSE_INFLUENCE,Coup,opponent,,,loss,1,reveal Contessa
Contessa,Captain,10,5,ACTION,,,,,win,2,Coup
Contessa,Captain,10,5,ACTION_CHALLENGE,Steal,opponent,,,win,4,pass
Contessa,Captain,10,5,BLOCK,Foreign Aid,opponent,,,win,3,pass
Contessa,Captain,10,5,BLOCK,Steal,opponent,,,win,3,pass
Contessa,Captain,10,6,ACTION,,,,,win,2,Coup
Contessa,Captain,10,6,ACTION_CHALLENGE,Steal,opponent,,,win,4,pass
Contessa,Captain,10,6,BLOCK,Foreign Aid,opponent,,,win,3,pass
Contessa,Captain,10,6,BLOCK,Steal,opponent,,,win,3,pass
Contessa,Captain,10,7,ACTION,,,,,win,2,Coup
Contessa,Captain,10,7,ACTION_CHALLENGE,Steal,opponent,,,win,4,pass
Contessa,Captain,10,7,BLOCK,Foreign Aid,opponent,,,win,3,pass
Contessa,Captain,10,7,BLOCK,Steal,opponent,,,win,3,pass
Contessa,Captain,10,8,ACTION,,,,,win,2,Coup
Contessa,Captain,10,8,ACTION_CHALLENGE,Steal,opponent,,,win,4,pass
Contessa,Captain,10,8,BLOCK,Foreign Aid,opponent,,,win,3,pass
Contessa,Captain,10,8,BLOCK,Steal,opponent,,,win,3,pass
Contessa,Captain,10,9,ACTION,,,,,win,2,Coup
Contessa,Captain,10,9,ACTION_CHALLENGE,Steal,opponent,,,win,4,pass
Contessa,Captain,10,9,BLOCK,Foreign Aid,opponent,,,win,3,pass
Contessa,Captain,10,9,BLOCK,Steal,opponent,,,win,3,pass
Contessa,Captain,10,10,ACTION,,,,,win,2,Coup
Contessa,Captain,10,11,ACTION,,,,,win,2,Coup
Contessa,Captain,11,0,LOSE_INFLUENCE,Coup,opponent,,,loss,1,reveal Contessa
Contessa,Captain,11,1,LOSE_INFLUENCE,Coup,opponent,,,loss,1,reveal Contessa
Contessa,Captain,11,2,LOSE_INFLUENCE,Coup,opponent,,,loss,1,reveal Contessa
Contessa,Captain,11,3,LOSE_INFLUENCE,Coup,opponent,,,loss,1,reveal Contessa
Contessa,Captain,11,4,LOSE_INFLUENCE,Coup,opponent,,,loss,1,reveal Contessa
Contessa,Captain,11,5,ACTION_CHALLENGE,Steal,opponent,,,win,4,pass
Contessa,Captain,11,5,BLOCK,Foreign Aid,opponent,,,win,3,pass
Contessa,Captain,11,5,BLOCK,Steal,opponent,,,win,3,pass
Contessa,Captain,11,6,ACTION,,,,,win,2,Coup
Contessa,Captain,11,6,ACTION_CHALLENGE,Steal,opponent,,,win,4,pass
Contessa,Captain,11,6,BLOCK,Foreign Aid,opponent,,,win,3,pass
Contessa,Captain,11,6,BLOCK,Steal,opponent,,,win,3,pass
Contessa,Captain,11,7,ACTION,,,,,win,2,Coup
Contessa,Captain,11,7,ACTION_CHALLENGE,Steal,opponent,,,win,4,pass
Contessa,Captain,11,7,BLOCK,Foreign Aid,opponent,,,win,3,pass
Contessa,Captain,11,7,BLOCK,Steal,opponent,,,win,3,pass
Contessa,Captain,11,8,ACTION,,,,,win,2,Coup
Contessa,Captain,11,8,ACTION_CHALLENGE,Steal,opponent,,,win,4,pass
Contessa,Captain,11,8,BLOCK,Foreign Aid,opponent,,,win,3,pass
Contessa,Captain,11,8,BLOCK,Steal,opponent,,,win,3,pass
Contessa,Captain,11,9,ACTION,,,,,win,2,Coup
Contessa,Captain,11,9,ACTION_CHALLENGE,Steal,opponent,,,win,4,pass
Contessa,Captain,11,9,BLOCK,Foreign Aid,opponent,,,win,3,pass
Contessa,Captain,11,9,BLOCK,Steal,opponent,,,win,3,pass
Contessa,Captain,11,10,ACTION,,,,,win,2,Coup
Contessa,Captain,11,11,ACTION,,,,,win,2,Coup
Contessa,Contessa,0,0,ACTION,,,,,win,17,Income|Foreign Aid
Contessa,Contessa,0,0,BLOCK,Foreign Aid,opponent,,,loss,16,pass
Contessa,Contessa,0,1,ACTION,,,,,loss,16,Foreign Aid
Contessa,Contessa,0,2,ACTION,,,,,loss,15,Foreign Aid
Contessa,Contessa,1,0,BLOCK,Foreign Aid,opponent,,,win,15,pass
Contessa,Contessa,1,1,ACTION,,,,,win,14,Foreign Aid
Contessa,Contessa,1,1,BLOCK,Foreign Aid,opponent,,,loss,13,pass
Contessa,Contessa,1,2,ACTION,,,,,win,14,Foreign Aid
Contessa,Contessa,1,2,BLOCK,Foreign Aid,opponent,,,loss,12,pass
Contessa,Contessa,1,3,ACTION,,,,,loss,12,Foreign Aid
Contessa,Contessa,1,4,ACTION,,,,,loss,11,Foreign Aid
Contessa,Contessa,2,0,BLOCK,Foreign Aid,opponent,,,win,14,pass
Contessa,Contessa,2,1,ACTION,,,,,win,13,Income|Foreign Aid
Contessa,Contessa,2,1,BLOCK,Foreign Aid,opponent,,,loss,13,pass
Contessa,Contessa,2,2,ACTION,,,,,win,13,Income|Foreign Aid
Contessa,Contessa,2,2,BLOCK,Foreign Aid,opponent,,,loss,12,pass
Contessa,Contessa,2,3,ACTION,,,,,loss,12,Foreign Aid
Contessa,Contessa,2,3,BLOCK,Foreign Aid,opponent,,,loss,9,pass
Contessa,Contessa,2,4,ACTION,,,,,loss,11,Foreign Aid
Contessa,Contessa,2,4,BLOCK,Foreign Aid,opponent,,,loss,8,pass
Contessa,Contessa,2,5,ACTION,,,,,loss,8,Foreign Aid
Contessa,Contessa,2,6,ACTION,,,,,loss,7,Foreign Aid
Contessa,Contessa,3,1,BLOCK,Foreign Aid,opponent,,,win,11,pass
Contessa,Contessa,3,2,ACTION,,,,,win,10,Foreign Aid
Contessa,Contessa,3,2,BLOCK,Foreign Aid,opponent,,,win,11,pass
Contessa,Contessa,3,3,ACTION,,,,,win,10,Foreign Aid
Contessa,Contessa,3,3,BLOCK,Foreign Aid,opponent,,,loss,9,pass
Contessa,Contessa,3,4,ACTION,,,,,win,10,Foreign Aid
Contessa,Contessa,3,4,BLOCK,Foreign Aid,opponent,,,loss,8,pass
Contessa,Contessa,3,5,ACTION,,,,,loss,8,Foreign Aid
Contessa,Contessa,3,5,BLOCK,Foreign Aid,opponent,,,loss,5,pass
Contessa,Contessa,3,6,ACTION,,,,,loss,7,Foreign Aid
Contessa,Contessa,3,6,BLOCK,Foreign Aid,opponent,,,loss,5,pass
Contessa,Contessa,3,7,ACTION,,,,,loss,4,Foreign Aid
Contessa,Contessa,3,8,ACTION,,,,,loss,4,Foreign Aid
Contessa,Contessa,4,0,LOSE_INFLUENCE,Coup,opponent,,,loss,1,reveal Contessa
Contessa,Contessa,4,1,BLOCK,Foreign Aid,opponent,,,win,10,pass
Contessa,Contessa,4,1,LOSE_INFLUENCE,Coup,opponent,,,loss,1,reveal Contessa
Contessa,Contessa,4,2,ACTION,,,,,win,9,Income|Foreign Aid
Contessa,Contessa,4,2,BLOCK,Foreign Aid,opponent,,,win,10,pass
Contessa,Contessa,4,3,ACTION,,,,,win,9,Income|Foreign Aid
Contessa,Contessa,4,3,BLOCK,Foreign Aid,opponent,,,loss,9,pass
Contessa,Contessa,4,4,ACTION,,,,,win,9,Income|Foreign Aid
Contessa,Contessa,4,4,BLOCK,Foreign Aid,opponent,,,loss,8,pass
Contessa,Contessa,4,5,ACTION,,,,,loss,8,Foreign Aid
Contessa,Contessa,4,5,BLOCK,Foreign Aid,opponent,,,loss,5,pass
Contessa,Contessa,4,6,ACTION,,,,,loss,7,Foreign Aid
Contessa,Contessa,4,6,BLOCK,Foreign Aid,opponent,,,loss,5,pass
Contessa,Contessa,4,7,ACTION,,,,,loss,4,Foreign Aid
Contessa,Contessa,4,7,BLOCK,Foreign Aid,opponent,,,loss,5,pass
Contessa,Contessa,4,8,ACTION,,,,,loss,4,Foreign Aid
Contessa,Contessa,4,8,BLOCK,Foreign Aid,opponent,,,loss,5,pass
Contessa,Contessa,4,9,ACTION,,,,,loss,4,Foreign Aid
Contessa,Contessa,4,10,ACTION,,,,,loss,4,Foreign Aid
Contessa,Contessa,5,0,LOSE_INFLUENCE,Coup,opponent,,,loss,1,reveal Contessa
Contessa,Contessa,5,1,LOSE_INFLUENCE,Coup,opponent,,,loss,1,reveal Contessa
Contessa,Contessa,5,2,BLOCK,Foreign Aid,opponent,,,win,7,pass
Contessa,Contessa,5,2,LOSE_INFLUENCE,Coup,opponent,,,loss,1,reveal Contessa
Contessa,Contessa,5,3,ACTION,,,,,win,6,Foreign Aid
Contessa,Contessa,5,3,BLOCK,Foreign Aid,opponent,,,win,7,pass
Contessa,Contessa,5,3,LOSE_INFLUENCE,Coup,opponent,,,loss,1,reveal Contessa
Contessa,Contessa,5,4,ACTION,,,,,win,6,Foreign Aid
Contessa,Contessa,5,4,BLOCK,Foreign Aid,opponent,,,win,7,pass
Contessa,Contessa,5,5,ACTION,,,,,win,6,Foreign Aid
Contessa,Contessa,5,5,BLOCK,Foreign Aid,opponent,,,loss,5,pass
Contessa,Contessa,5,6,ACTION,,,,,win,6,Foreign Aid
Contessa,Contessa,5,6,BLOCK,Foreign Aid,opponent,,,loss,5,pass
Contessa,Contessa,5,7,ACTION,,,,,loss,4,Foreign Aid
Contessa,Contessa,5,7,BLOCK,Foreign Aid,opponent,,,loss,5,pass
Contessa,Contessa,5,8,ACTION,,,,,loss,4,Foreign Aid
Contessa,Contessa,5,8,BLOCK,Foreign Aid,opponent,,,loss,5,pass
Contessa,Contessa,5,9,ACTION,,,,,loss,4,Foreign Aid
Contessa,Contessa,5,9,BLOCK,Foreign Aid,opponent,,,loss,5,pass
Contessa,Contessa,5,10,ACTION,,,,,loss,4,Foreign Aid
Contessa,Contessa,5,11,ACTION,,,,,loss,4,Foreign Aid
Contessa,Contessa,6,0,LOSE_INFLUENCE,Coup,opponent,,,loss,1,reveal Contessa
Contessa,Contessa,6,1,LOSE_INFLUENCE,Coup,opponent,,,loss,1,reveal Contessa
Contessa,Contessa,6,2,BLOCK,Foreign Aid,opponent,,,win,6,pass
Contessa,Contessa,6,2,LOSE_INFLUENCE,Coup,opponent,,,loss,1,reveal Contessa
Contessa,Contessa,6,3,ACTION,,,,,win,5,Income
Contessa,Contessa,6,3,BLOCK,Foreign Aid,opponent,,,win,6,pass
Contessa,Contessa,6,3,LOSE_INFLUENCE,Coup,opponent,,,loss,1,reveal Contessa
Contessa,Contessa,6,4,ACTION,,,,,win,5,Income
Contessa,Contessa,6,4,BLOCK,Foreign Aid,opponent,,,win,6,pass
Contessa,Contessa,6,4,LOSE_INFLUENCE,Coup,opponent,,,loss,1,reveal Contessa
Contessa,Contessa,6,5,ACTION,,,,,win,5,Income
Contessa,Contessa,6,5,BLOCK,Foreign Aid,opponent,,,loss,5,pass
Contessa,Contessa,6,6,ACTION,,,,,win,5,Income
Contessa,Contessa,6,6,BLOCK,Foreign Aid,opponent,,,loss,5,pass
Contessa,Contessa,6,7,ACTION,,,,,loss,4,Foreign Aid
Contessa,Contessa,6,7,BLOCK,Foreign Aid,opponent,,,loss,5,pass
Contessa,Contessa,6,8,ACTION,,,,,loss,4,Foreign Aid
Contessa,Contessa,6,8,BLOCK,Foreign Aid,opponent,,,loss,5,pass
Contessa,Contessa,6,9,ACTION,,,,,loss,4,Foreign Aid
Contessa,Contessa,6,9,BLOCK,Foreign Aid,opponent,,,loss,5,pass
Contessa,Contessa,6,10,ACTION,,,,,loss,4,Foreign Aid
Contessa,Contessa,6,11,ACTION,,,,,loss,4,Foreign Aid
Contessa,Contessa,7,0,LOSE_INFLUENCE,Coup,opponent,,,loss,1,reveal Contessa
Contessa,Contessa,7,1,LOSE_INFLUENCE,Coup,opponent,,,loss,1,reveal Contessa
Contessa,Contessa,7,2,LOSE_INFLUENCE,Coup,opponent,,,loss,1,reveal Contessa
Contessa,Contessa,7,3,BLOCK,Foreign Aid,opponent,,,win,3,pass
Contessa,Contessa,7,3,LOSE_INFLUENCE,Coup,opponent,,,loss,1,reveal Contessa
Contessa,Contessa,7,4,ACTION,,,,,win,2,Coup
Contessa,Contessa,7,4,BLOCK,Foreign Aid,opponent,,,win,3,pass
Contessa,Contessa,7,4,LOSE_INFLUENCE,Coup,opponent,,,loss,1,reveal Contessa
Contessa,Contessa,7,5,ACTION,,,,,win,2,Coup
Contessa,Contessa,7,5,BLOCK,Foreign Aid,opponent,,,win,3,pass
Contessa,Contessa,7,6,ACTION,,,,,win,2,Coup
Contessa,Contessa,7,6,BLOCK,Foreign Aid,opponent,,,win,3,pass
Contessa,Contessa,7,7,ACTION,,,,,win,2,Coup
Contessa,Contessa,7,7,BLOCK,Foreign Aid,opponent,,,win,3,pass
Contessa,Contessa,7,8,ACTION,,,,,win,2,Coup
Contessa,Contessa,7,8,BLOCK,Foreign Aid,opponent,,,win,3,pass
Contessa,Contessa,7,9,ACTION,,,,,win,2,Coup
Contessa,Contessa,7,9,BLOCK,Foreign Aid,opponent,,,win,3,pass
Contessa,Contessa,7,10,ACTION,,,,,win,2,Coup
Contessa,Contessa,7,11,ACTION,,,,,win,2,Coup
Contessa,Contessa,8,0,LOSE_INFLUENCE,Coup,opponent,,,loss,1,reveal Contessa
Contessa,Contessa,8,1,LOSE_INFLUENCE,Coup,opponent,,,loss,1,reveal Contessa
Contessa,Contessa,8,2,LOSE_INFLUENCE,Coup,opponent,,,loss,1,reveal Contessa
Contessa,Contessa,8,3,BLOCK,Foreign Aid,opponent,,,win,3,pass
Contessa,Contessa,8,3,LOSE_INFLUENCE,Coup,opponent,,,loss,1,reveal Contessa
Contessa,Contessa,8,4,ACTION,,,,,win,2,Coup
Contessa,Contessa,8,4,BLOCK,Foreign Aid,opponent,,,win,3,pass
Contessa,Contessa,8,4,LOSE_INFLUENCE,Coup,opponent,,,loss,1,reveal Contessa
Contessa,Contessa,8,5,ACTION,,,,,win,2,Coup
Contessa,Contessa,8,5,BLOCK,Foreign Aid,opponent,,,win,3,pass
Contessa,Contessa,8,6,ACTION,,,,,win,2,Coup
Contessa,Contessa,8,6,BLOCK,Foreign Aid,opponent,,,win,3,pass
Contessa,Contessa,8,7,ACTION,,,,,win,2,Coup
Contessa,Contessa,8,7,BLOCK,Foreign Aid,opponent,,,win,3,pass
Contessa,Contessa,8,8,ACTION,,,,,win,2,Coup
Contessa,Contessa,8,8,BLOCK,Foreign Aid,opponent,,,win,3,pass
Contessa,Contessa,8,9,ACTION,,,,,win,2,Coup
Contessa,Contessa,8,9,BLOCK,Foreign Aid,opponent,,,win,3,pass
Contessa,Contessa,8,10,ACTION,,,,,win,2,Coup
Contessa,Contessa,8,11,ACTION,,,,,win,2,Coup
Contessa,Contessa,9,0,LOSE_INFLUENCE,Coup,opponent,,,loss,1,reveal Contessa
Contessa,Contessa,9,1,LOSE_INFLUENCE,Coup,opponent,,,loss,1,reveal Contessa
Contessa,Contessa,9,2,LOSE_INFLUENCE,Coup,opponent,,,loss,1,reveal Contessa
Contessa,Contessa,9,3,LOSE_INFLUENCE,Coup,opponent,,,loss,1,reveal Contessa
Contessa,Contessa,9,4,BLOCK,Foreign Aid,opponent,,,win,3,pass
Contessa,Contessa,9,4,LOSE_INFLUENCE,Coup,opponent,,,loss,1,reveal Contessa
Contessa,Contessa,9,5,ACTION,,,,,win,2,Coup
Contessa,Contessa,9,5,BLOCK,Foreign Aid,opponent,,,win,3,pass
Contessa,Contessa,9,6,ACTION,,,,,win,2,Coup
Contessa,Contessa,9,6,BLOCK,Foreign Aid,opponent,,,win,3,pass
Contessa,Contessa,9,7,ACTION,,,,,win,2,Coup
Contessa,Contessa,9,7,BLOCK,Foreign Aid,opponent,,,win,3,pass
Contessa,Contessa,9,8,ACTION,,,,,win,2,Coup
Contessa,Contessa,9,8,BLOCK,Foreign Aid,opponent,,,win,3,pass
Contessa,Contessa,9,9,ACTION,,,,,win,2,Coup
Contessa,Contessa,9,9,BLOCK,Foreign Aid,opponent,,,win,3,pass
Contessa,Contessa,9,10,ACTION,,,,,win,2,Coup
Contessa,Contessa,9,11,ACTION,,,,,win,2,Coup
Contessa,Contessa,10,0,LOSE_INFLUENCE,Coup,opponent,,,loss,1,reveal Contessa
Contessa,Contessa,10,1,LOSE_INFLUENCE,Coup,opponent,,,loss,1,reveal Contessa
Contessa,Contessa,10,2,LOSE_INFLUENCE,Coup,opponent,,,loss,1,reveal Contessa
Contessa,Contessa,10,3,LOSE_INFLUENCE,Coup,opponent,,,loss,1,reveal Contessa
Contessa,Contessa,10,4,BLOCK,Foreign Aid,opponent,,,win,3,pass
Contessa,Contessa,10,4,LOSE_INFLUENCE,Coup,opponent,,,loss,1,reveal Contessa
Contessa,Contessa,10,5,ACTION,,,,,win,2,Coup
Contessa,Contessa,10,5,BLOCK,Foreign Aid,opponent,,,win,3,pass
Contessa,Contessa,10,6,ACTION,,,,,win,2,Coup
Contessa,Contessa,10,6,BLOCK,Foreign Aid,opponent,,,win,3,pass
Contessa,Contessa,10,7,ACTION,,,,,win,2,Coup
Contessa,Contessa,10,7,BLOCK,Foreign Aid,opponent,,,win,3,pass
Contessa,Contessa,10,8,ACTION,,,,,win,2,Coup
Contessa,Contessa,10,8,BLOCK,Foreign Aid,opponent,,,win,3,pass
Contessa,Contessa,10,9,ACTION,,,,,win,2,Coup
Contessa,Contessa,10,9,BLOCK,Foreign Aid,opponent,,,win,3,pass
Contessa,Contessa,10,10,ACTION,,,,,win,2,Coup
Contessa,Contessa,10,11,ACTION,,,,,win,2,Coup
Contessa,Contessa,11,0,LOSE_INFLUENCE,Coup,opponent,,,loss,1,reveal Contessa
Contessa,Contessa,11,1,LOSE_INFLUENCE,Coup,opponent,,,loss,1,reveal Contessa
Contessa,Contessa,11,2,LOSE_INFLUENCE,Coup,opponent,,,loss,1,reveal Contessa
Contessa,Contessa,11,3,LOSE_INFLUENCE,Coup,opponent,,,loss,1,reveal Contessa
Contessa,Contessa,11,4,LOSE_INFLUENCE,Coup,opponent,,,loss,1,reveal Contessa
Contessa,Contessa,11,5,BLOCK,Foreign Aid,opponent,,,win,3,pass
Contessa,Contessa,11,6,ACTION,,,,,win,2,Coup
Contessa,Contessa,11,6,BLOCK,Foreign Aid,opponent,,,win,3,pass
Contessa,Contessa,11,7,ACTION,,,,,win,2,Coup
Contessa,Contessa,11,7,BLOCK,Foreign Aid,opponent,,,win,3,pass
Contessa,Contessa,11,8,ACTION,,,,,win,2,Coup
Contessa,Contessa,11,8,BLOCK,Foreign Aid,opponent,,,win,3,pass
Contessa,Contessa,11,9,ACTION,,,,,win,2,Coup
Contessa,Contessa,11,9,BLOCK,Foreign Aid,opponent,,,win,3,pass
Contessa,Contessa,11,10,ACTION,,,,,win,2,Coup
Contessa,Contessa,11,11,ACTION,,,,,win,2,Coup
Contessa,Duke,0,0,ACTION,,,,,loss,15,Foreign Aid
Contessa,Duke,0,0,ACTION_CHALLENGE,Tax,opponent,,,loss,12,pass
Contessa,Duke,0,0,BLOCK,Foreign Aid,opponent,,,loss,13,pass
Contessa,Duke,0,0,BLOCK_CHALLENGE,Foreign Aid,self,Duke,opponent,loss,14,pass
Contessa,Duke,0,0,LOSE_INFLUENCE,Coup,opponent,,,loss,1,reveal Contessa
Contessa,Duke,0,1,ACTION,,,,,loss,12,Foreign Aid
Contessa,Duke,0,1,ACTION_CHALLENGE,Tax,opponent,,,loss,9,pass
Contessa,Duke,0,1,BLOCK,Foreign Aid,opponent,,,loss,12,pass
Contessa,Duke,0,1,BLOCK_CHALLENGE,Foreign Aid,self,Duke,opponent,loss,11,pass
Contessa,Duke,0,1,LOSE_INFLUENCE,Coup,opponent,,,loss,1,reveal Contessa
Contessa,Duke,0,2,ACTION,,,,,loss,12,Foreign Aid
Contessa,Duke,0,2,ACTION_CHALLENGE,Tax,opponent,,,loss,9,pass
Contessa,Duke,0,2,BLOCK,Foreign Aid,opponent,,,loss,9,pass
Contessa,Duke,0,2,BLOCK_CHALLENGE,Foreign Aid,self,Duke,opponent,loss,11,pass
Contessa,Duke,0,2,LOSE_INFLUENCE,Coup,opponent,,,loss,1,reveal Contessa
Contessa,Duke,0,3,ACTION,,,,,loss,11,Foreign Aid
Contessa,Duke,0,3,ACTION_CHALLENGE,Tax,opponent,,,loss,8,pass
Contessa,Duke,0,3,BLOCK,Foreign Aid,opponent,,,loss,9,pass
Contessa,Duke,0,3,BLOCK_CHALLENGE,Foreign Aid,self,Duke,opponent,loss,10,pass
Contessa,Duke,0,3,LOSE_INFLUENCE,Coup,opponent,,,loss,1,reveal Contessa
Contessa,Duke,0,4,ACTION,,,,,loss,8,Foreign Aid
Contessa,Duke,0,4,ACTION_CHALLENGE,Tax,opponent,,,loss,5,pass
Contessa,Duke,0,4,BLOCK,Foreign Aid,opponent,,,loss,8,pass
Contessa,Duke,0,4,BLOCK_CHALLENGE,Foreign Aid,self,Duke,opponent,loss,7,pass
Contessa,Duke,0,4,LOSE_INFLUENCE,Coup,opponent,,,loss,1,reveal Contessa
Contessa,Duke,0,5,ACTION,,,,,loss,8,Foreign Aid
Contessa,Duke,0,5,ACTION_CHALLENGE,Tax,opponent,,,loss,5,pass
Contessa,Duke,0,5,BLOCK,Foreign Aid,opponent,,,loss,5,pass
Contessa,Duke,0,5,BLOCK_CHALLENGE,Foreign Aid,self,Duke,opponent,loss,7,pass
Contessa,Duke,0,5,LOSE_INFLUENCE,Coup,opponent,,,loss,1,reveal Contessa
Contessa,Duke,0,6,ACTION,,,,,loss,7,Foreign Aid
Contessa,Duke,0,6,ACTION_CHALLENGE,Tax,opponent,,,loss,5,pass
Contessa,Duke,0,6,BLOCK,Foreign Aid,opponent,,,loss,5,pass
Contessa,Duke,0,6,BLOCK_CHALLENGE,Foreign Aid,self,Duke,opponent,loss,6,pass
Contessa,Duke,0,7,ACTION,,,,,loss,4,Foreign Aid
Contessa,Duke,0,7,ACTION_CHALLENGE,Tax,opponent,,,loss,5,pass
Contessa,Duke,0,7,BLOCK,Foreign Aid,opponent,,,loss,5,pass
Contessa,Duke,0,7,BLOCK_CHALLENGE,Foreign Aid,self,Duke,opponent,loss,3,pass
Contessa,Duke,0,8,ACTION,,,,,loss,4,Foreign Aid
Contessa,Duke,0,8,ACTION_CHALLENGE,Tax,opponent,,,loss,5,pass
Contessa,Duke,0,8,BLOCK,Foreign Aid,opponent,,,loss,5,pass
Contessa,Duke,0,8,BLOCK_CHALLENGE,Foreign Aid,self,Duke,opponent,loss,3,pass
Contessa,Duke,0,9,ACTION,,,,,loss,4,Foreign Aid
Contessa,Duke,0,9,ACTION_CHALLENGE,Tax,opponent,,,loss,5,pass
Contessa,Duke,0,9,BLOCK,Foreign Aid,opponent,,,loss,5,pass
Contessa,Duke,0,9,BLOCK_CHALLENGE,Foreign Aid,self,Duke,opponent,loss,3,pass
Contessa,Duke,0,10,ACTION,,,,,loss,4,Foreign Aid
Contessa,Duke,0,10,BLOCK_CHALLENGE,Foreign Aid,self,Duke,opponent,loss,3,pass
Contessa,Duke,0,11,ACTION,,,,,loss,4,Foreign Aid
Contessa,Duke,0,11,BLOCK_CHALLENGE,Foreign Aid,self,Duke,opponent,loss,3,pass
Contessa,Duke,0,12,ACTION,,,,,loss,4,Foreign Aid
Contessa,Duke,0,12,BLOCK_CHALLENGE,Foreign Aid,self,Duke,opponent,loss,3,pass
Contessa,Duke,1,0,ACTION_CHALLENGE,Tax,opponent,,,loss,12,pass
Contessa,Duke,1,0,BLOCK,Foreign Aid,opponent,,,loss,13,pass
Contessa,Duke,1,0,LOSE_INFLUENCE,Coup,opponent,,,loss,1,reveal Contessa
Contessa,Duke,1,1,ACTION,,,,,loss,12,Foreign Aid
Contessa,Duke,1,1,ACTION_CHALLENGE,Tax,opponent,,,loss,9,pass
Contessa,Duke,1,1,BLOCK,Foreign Aid,opponent,,,loss,12,pass
Contessa,Duke,1,1,BLOCK_CHALLENGE,Foreign Aid,self,Duke,opponent,loss,11,pass
Contessa,Duke,1,1,LOSE_INFLUENCE,Coup,opponent,,,loss,1,reveal Contessa
Contessa,Duke,1,2,ACTION,,,,,loss,12,Foreign Aid
Contessa,Duke,1,2,ACTION_CHALLENGE,Tax,opponent,,,loss,9,pass
Contessa,Duke,1,2,BLOCK,Foreign Aid,opponent,,,loss,9,pass
Contessa,Duke,1,2,BLOCK_CHALLENGE,Foreign Aid,self,Duke,opponent,loss,11,pass
Contessa,Duke,1,2,LOSE_INFLUENCE,Coup,opponent,,,loss,1,reveal Contessa
Contessa,Duke,1,3,ACTION,,,,,loss,11,Foreign Aid
Contessa,Duke,1,3,ACTION_CHALLENGE,Tax,opponent,,,loss,8,pass
Contessa,Duke,1,3,BLOCK,Foreign Aid,opponent,,,loss,9,pass
Contessa,Duke,1,3,BLOCK_CHALLENGE,Foreign Aid,self,Duke,opponent,loss,10,pass
Contessa,Duke,1,3,LOSE_INFLUENCE,Coup,opponent,,,loss,1,reveal Contessa
Contessa,Duke,1,4,ACTION,,,,,loss,8,Foreign Aid
Contessa,Duke,1,4,ACTION_CHALLENGE,Tax,opponent,,,loss,5,pass
Contessa,Duke,1,4,BLOCK,Foreign Aid,opponent,,,loss,8,pass
Contessa,Duke,1,4,BLOCK_CHALLENGE,Foreign Aid,self,Duke,opponent,loss,7,pass
Contessa,Duke,1,4,LOSE_INFLUENCE,Coup,opponent,,,loss,1,reveal Contessa
Contessa,Duke,1,5,ACTION,,,,,loss,8,Foreign Aid
Contessa,Duke,1,5,ACTION_CHALLENGE,Tax,opponent,,,loss,5,pass
Contessa,Duke,1,5,BLOCK,Foreign Aid,opponent,,,loss,5,pass
Contessa,Duke,1,5,BLOCK_CHALLENGE,Foreign Aid,self,Duke,opponent,loss,7,pass
Contessa,Duke,1,5,LOSE_INFLUENCE,Coup,opponent,,,loss,1,reveal Contessa
Contessa,Duke,1,6,ACTION,,,,,loss,7,Foreign Aid
Contessa,Duke,1,6,ACTION_CHALLENGE,Tax,opponent,,,loss,5,pass
Contessa,Duke,1,6,BLOCK,Foreign Aid,opponent,,,loss,5,pass
Contessa,Duke,1,6,BLOCK_CHALLENGE,Foreign Aid,self,Duke,opponent,loss,6,pass
Contessa,Duke,1,7,ACTION,,,,,loss,4,Foreign Aid
Contessa,Duke,1,7,ACTION_CHALLENGE,Tax,opponent,,,loss,5,pass
Contessa,Duke,1,7,BLOCK,Foreign Aid,opponent,,,loss,5,pass
Contessa,Duke,1,7,BLOCK_CHALLENGE,Foreign Aid,self,Duke,opponent,loss,3,pass
Contessa,Duke,1,8,ACTION,,,,,loss,4,Foreign Aid
Contessa,Duke,1,8,ACTION_CHALLENGE,Tax,opponent,,,loss,5,pass
Contessa,Duke,1,8,BLOCK,Foreign Aid,opponent,,,loss,5,pass
Contessa,Duke,1,8,BLOCK_CHALLENGE,Foreign Aid,self,Duke,opponent,loss,3,pass
Contessa,Duke,1,9,ACTION,,,,,loss,4,Foreign Aid
Contessa,Duke,1,9,ACTION_CHALLENGE,Tax,opponent,,,loss,5,pass
Contessa,Duke,1,9,BLOCK,Foreign Aid,opponent,,,loss,5,pass
Contessa,Duke,1,9,BLOCK_CHALLENGE,Foreign Aid,self,Duke,opponent,loss,3,pass
Contessa,Duke,1,10,ACTION,,,,,loss,4,Foreign Aid
Contessa,Duke,1,10,BLOCK_CHALLENGE,Foreign Aid,self,Duke,opponent,loss,3,pass
Contessa,Duke,1,11,ACTION,,,,,loss,4,Foreign Aid
Contessa,Duke,1,11,BLOCK_CHALLENGE,Foreign Aid,self,Duke,opponent,loss,3,pass
Contessa,Duke,1,12,ACTION,,,,,loss,4,Foreign Aid
Contessa,Duke,1,12,BLOCK_CHALLENGE,Foreign Aid,self,Duke,opponent,loss,3,pass
Contessa,Duke,2,0,ACTION_CHALLENGE,Tax,opponent,,,loss,12,pass
Contessa,Duke,2,0,BLOCK,Foreign Aid,opponent,,,loss,13,pass
Contessa,Duke,2,0,LOSE_INFLUENCE,Coup,opponent,,,loss,1,reveal Contessa
Contessa,Duke,2,1,ACTION,,,,,loss,12,Foreign Aid
Contessa,Duke,2,1,ACTION_CHALLENGE,Tax,opponent,,,loss,9,pass
Contessa,Duke,2,1,BLOCK,Foreign Aid,opponent,,,loss,12,pass
Contessa,Duke,2,1,BLOCK_CHALLENGE,Foreign Aid,self,Duke,opponent,loss,11,pass
Contessa,Duke,2,1,LOSE_INFLUENCE,Coup,opponent,,,loss,1,reveal Contessa
Contessa,Duke,2,2,ACTION,,,,,loss,12,Foreign Aid
Contessa,Duke,2,2,ACTION_CHALLENGE,Tax,opponent,,,loss,9,pass
Contessa,Duke,2,2,BLOCK,Foreign Aid,opponent,,,loss,9,pass
Contessa,Duke,2,2,BLOCK_CHALLENGE,Foreign Aid,self,Duke,opponent,loss,11,pass
Contessa,Duke,2,2,LOSE_INFLUENCE,Coup,opponent,,,loss,1,reveal Contessa
Contessa,Duke,2,3,ACTION,,,,,loss,11,Foreign Aid
Contessa,Duke,2,3,ACTION_CHALLENGE,Tax,opponent,,,loss,8,pass
Contessa,Duke,2,3,BLOCK,Foreign Aid,opponent,,,loss,9,pass
Contessa,Duke,2,3,BLOCK_CHALLENGE,Foreign Aid,self,Duke,opponent,loss,10,pass
Contessa,Duke,2,3,LOSE_INFLUENCE,Coup,opponent,,,loss,1,reveal Contessa
Contessa,Duke,2,4,ACTION,,,,,loss,8,Foreign Aid
Contessa,Duke,2,4,ACTION_CHALLENGE,Tax,opponent,,,loss,5,pass
Contessa,Duke,2,4,BLOCK,Foreign Aid,opponent,,,loss,8,pass
Contessa,Duke,2,4,BLOCK_CHALLENGE,Foreign Aid,self,Duke,opponent,loss,7,pass
Contessa,Duke,2,4,LOSE_INFLUENCE,Coup,opponent,,,loss,1,reveal Contessa
Contessa,Duke,2,5,ACTION,,,,,loss,8,Foreign Aid
Contessa,Duke,2,5,ACTION_CHALLENGE,Tax,opponent,,,loss,5,pass
Contessa,Duke,2,5,BLOCK,Foreign Aid,opponent,,,loss,5,pass
Contessa,Duke,2,5,BLOCK_CHALLENGE,Foreign Aid,self,Duke,opponent,loss,7,pass
Contessa,Duke,2,5,LOSE_INFLUENCE,Coup,opponent,,,loss,1,reveal Contessa
Contessa,Duke,2,6,ACTION,,,,,loss,7,Foreign Aid
Contessa,Duke,2,6,ACTION_CHALLENGE,Tax,opponent,,,loss,5,pass
Contessa,Duke,2,6,BLOCK,Foreign Aid,opponent,,,loss,5,pass
Contessa,Duke,2,6,BLOCK_CHALLENGE,Foreign Aid,self,Duke,opponent,loss,6,pass
Contessa,Duke,2,7,ACTION,,,,,loss,4,Foreign Aid
Contessa,Duke,2,7,ACTION_CHALLENGE,Tax,opponent,,,loss,5,pass
Contessa,Duke,2,7,BLOCK,Foreign Aid,opponent,,,loss,5,pass
Contessa,Duke,2,7,BLOCK_CHALLENGE,Foreign Aid,self,Duke,opponent,loss,3,pass
Contessa,Duke,2,8,ACTION,,,,,loss,4,Foreign Aid
Contessa,Duke,2,8,ACTION_CHALLENGE,Tax,opponent,,,loss,5,pass
Contessa,Duke,2,8,BLOCK,Foreign Aid,opponent,,,loss,5,pass
Contessa,Duke,2,8,BLOCK_CHALLENGE,Foreign Aid,self,Duke,opponent,loss,3,pass
Contessa,Duke,2,9,ACTION,,,,,loss,4,Foreign Aid
Contessa,Duke,2,9,ACTION_CHALLENGE,Tax,opponent,,,loss,5,pass
Contessa,Duke,2,9,BLOCK,Foreign Aid,opponent,,,loss,5,pass
Contessa,Duke,2,9,BLOCK_CHALLENGE,Foreign Aid,self,Duke,opponent,loss,3,pass
Contessa,Duke,2,10,ACTION,,,,,loss,4,Foreign Aid
Contessa,Duke,2,10,BLOCK_CHALLENGE,Foreign Aid,self,Duke,opponent,loss,3,pass
Contessa,Duke,2,11,ACTION,,,,,loss,4,Foreign Aid
Contessa,Duke,2,11,BLOCK_CHALLENGE,Foreign Aid,self,Duke,opponent,loss,3,pass
Contessa,Duke,2,12,ACTION,,,,,loss,4,Foreign Aid
Contessa,Duke,2,12,BLOCK_CHALLENGE,Foreign Aid,self,Duke,opponent,loss,3,pass
Contessa,Duke,3,0,LOSE_INFLUENCE,Coup,opponent,,,loss,1,reveal Contessa
Contessa,Duke,3,1,ACTION_CHALLENGE,Tax,opponent,,,loss,9,pass
Contessa,Duke,3,1,BLOCK,Foreign Aid,opponent,,,loss,13,pass
Contessa,Duke,3,1,LOSE_INFLUENCE,Coup,opponent,,,loss,1,reveal Contessa
Contessa,Duke,3,2,ACTION,,,,,loss,13,Foreign Aid
Contessa,Duke,3,2,ACTION_CHALLENGE,Tax,opponent,,,loss,9,pass
Contessa,Duke,3,2,BLOCK,Foreign Aid,opponent,,,loss,9,pass
Contessa,Duke,3,2,BLOCK_CHALLENGE,Foreign Aid,self,Duke,opponent,loss,11,pass
Contessa,Duke,3,2,LOSE_INFLUENCE,Coup,opponent,,,loss,1,reveal Contessa
Contessa,Duke,3,3,ACTION,,,,,loss,12,Foreign Aid
Contessa,Duke,3,3,ACTION_CHALLENGE,Tax,opponent,,,loss,8,pass
Contessa,Duke,3,3,BLOCK,Foreign Aid,opponent,,,loss,9,pass
Contessa,Duke,3,3,BLOCK_CHALLENGE,Foreign Aid,self,Duke,opponent,loss,10,pass
Contessa,Duke,3,3,LOSE_INFLUENCE,Coup,opponent,,,loss,1,reveal Contessa
Contessa,Duke,3,4,ACTION,,,,,loss,8,Foreign Aid
Contessa,Duke,3,4,ACTION_CHALLENGE,Tax,opponent,,,loss,5,pass
Contessa,Duke,3,4,BLOCK,Foreign Aid,opponent,,,loss,8,pass
Contessa,Duke,3,4,BLOCK_CHALLENGE,Foreign Aid,self,Duke,opponent,loss,7,pass
Contessa,Duke,3,4,LOSE_INFLUENCE,Coup,opponent,,,loss,1,reveal Contessa
Contessa,Duke,3,5,ACTION,,,,,loss,8,Foreign Aid
Contessa,Duke,3,5,ACTION_CHALLENGE,Tax,opponent,,,loss,5,pass
Contessa,Duke,3,5,BLOCK,Foreign Aid,opponent,,,loss,5,pass
Contessa,Duke,3,5,BLOCK_CHALLENGE,Foreign Aid,self,Duke,opponent,loss,7,pass
Contessa,Duke,3,5,LOSE_INFLUENCE,Coup,opponent,,,loss,1,reveal Contessa
Contessa,Duke,3,6,ACTION,,,,,loss,7,Foreign Aid
Contessa,Duke,3,6,ACTION_CHALLENGE,Tax,opponent,,,loss,5,pass
Contessa,Duke,3,6,BLOCK,Foreign Aid,opponent,,,loss,5,pass
Contessa,Duke,3,6,BLOCK_CHALLENGE,Foreign Aid,self,Duke,opponent,loss,6,pass
Contessa,Duke,3,7,ACTION,,,,,loss,4,Foreign Aid
Contessa,Duke,3,7,ACTION_CHALLENGE,Tax,opponent,,,loss,5,pass
Contessa,Duke,3,7,BLOCK,Foreign Aid,opponent,,,loss,5,pass
Contessa,Duke,3,7,BLOCK_CHALLENGE,Foreign Aid,self,Duke,opponent,loss,3,pass
Contessa,Duke,3,8,ACTION,,,,,loss,4,Foreign Aid
Contessa,Duke,3,8,ACTION_CHALLENGE,Tax,opponent,,,loss,5,pass
Contessa,Duke,3,8,BLOCK,Foreign Aid,opponent,,,loss,5,pass
Contessa,Duke,3,8,BLOCK_CHALLENGE,Foreign Aid,self,Duke,opponent,loss,3,pass
Contessa,Duke,3,9,ACTION,,,,,loss,4,Foreign Aid
Contessa,Duke,3,9,ACTION_CHALLENGE,Tax,opponent,,,loss,5,pass
Contessa,Duke,3,9,BLOCK,Foreign Aid,opponent,,,loss,5,pass
Contessa,Duke,3,9,BLOCK_CHALLENGE,Foreign Aid,self,Duke,opponent,loss,3,pass
Contessa,Duke,3,10,ACTION,,,,,loss,4,Foreign Aid
Contessa,Duke,3,10,BLOCK_CHALLENGE,Foreign Aid,self,Duke,opponent,loss,3,pass
Contessa,Duke,3,11,ACTION,,,,,loss,4,Foreign Aid
Contessa,Duke,3,11,BLOCK_CHALLENGE,Foreign Aid,self,Duke,opponent,loss,3,pass
Contessa,Duke,3,12,ACTION,,,,,loss,4,Foreign Aid
Contessa,Duke,3,12,BLOCK_CHALLENGE,Foreign Aid,self,Duke,opponent,loss,3,pass
Contessa,Duke,4,0,LOSE_INFLUENCE,Coup,opponent,,,loss,1,reveal Contessa
Contessa,Duke,4,1,ACTION_CHALLENGE,Tax,opponent,,,loss,9,pass
Contessa,Duke,4,1,BLOCK,Foreign Aid,opponent,,,loss,13,pass
Contessa,Duke,4,1,LOSE_INFLUENCE,Coup,opponent,,,loss,1,reveal Contessa
Contessa,Duke,4,2,ACTION,,,,,loss,13,Foreign Aid
Contessa,Duke,4,2,ACTION_CHALLENGE,Tax,opponent,,,loss,9,pass
Contessa,Duke,4,2,BLOCK,Foreign Aid,opponent,,,loss,9,pass
Contessa,Duke,4,2,BLOCK_CHALLENGE,Foreign Aid,self,Duke,opponent,loss,11,pass
Contessa,Duke,4,2,LOSE_INFLUENCE,Coup,opponent,,,loss,1,reveal Contessa
Contessa,Duke,4,3,ACTION,,,,,loss,12,Foreign Aid
Contessa,Duke,4,3,ACTION_CHALLENGE,Tax,opponent,,,loss,8,pass
Contessa,Duke,4,3,BLOCK,Foreign Aid,opponent,,,loss,9,pass
Contessa,Duke,4,3,BLOCK_CHALLENGE,Foreign Aid,self,Duke,opponent,loss,10,pass
Contessa,Duke,4,3,LOSE_INFLUENCE,Coup,opponent,,,loss,1,reveal Contessa
Contessa,Duke,4,4,ACTION,,,,,loss,8,Foreign Aid
Contessa,Duke,4,4,ACTION_CHALLENGE,Tax,opponent,,,loss,5,pass
Contessa,Duke,4,4,BLOCK,Foreign Aid,opponent,,,loss,8,pass
Contessa,Duke,4,4,BLOCK_CHALLENGE,Foreign Aid,self,Duke,opponent,loss,7,pass
Contessa,Duke,4,4,LOSE_INFLUENCE,Coup,opponent,,,loss,1,reveal Contessa
Contessa,Duke,4,5,ACTION,,,,,loss,8,Foreign Aid
Contessa,Duke,4,5,ACTION_CHALLENGE,Tax,opponent,,,loss,5,pass
Contessa,Duke,4,5,BLOCK,Foreign Aid,opponent,,,loss,5,pass
Contessa,Duke,4,5,BLOCK_CHALLENGE,Foreign Aid,self,Duke,opponent,loss,7,pass
Contessa,Duke,4,5,LOSE_INFLUENCE,Coup,opponent,,,loss,1,reveal Contessa
Contessa,Duke,4,6,ACTION,,,,,loss,7,Foreign Aid
Contessa,Duke,4,6,ACTION_CHALLENGE,Tax,opponent,,,loss,5,pass
Contessa,Duke,4,6,BLOCK,Foreign Aid,opponent,,,loss,5,pass
Contessa,Duke,4,6,BLOCK_CHALLENGE,Foreign Aid,self,Duke,opponent,loss,6,pass
Contessa,Duke,4,7,ACTION,,,,,loss,4,Foreign Aid
Contessa,Duke,4,7,ACTION_CHALLENGE,Tax,opponent,,,loss,5,pass
Contessa,Duke,4,7,BLOCK,Foreign Aid,opponent,,,loss,5,pass
Contessa,Duke,4,7,BLOCK_CHALLENGE,Foreign Aid,self,Duke,opponent,loss,3,pass
Contessa,Duke,4,8,ACTION,,,,,loss,4,Foreign Aid
Contessa,Duke,4,8,ACTION_CHALLENGE,Tax,opponent,,,loss,5,pass
Contessa,Duke,4,8,BLOCK,Foreign Aid,opponent,,,loss,5,pass
Contessa,Duke,4,8,BLOCK_CHALLENGE,Foreign Aid,self,Duke,opponent,loss,3,pass
Contessa,Duke,4,9,ACTION,,,,,loss,4,Foreign Aid
Contessa,Duke,4,9,ACTION_CHALLENGE,Tax,opponent,,,loss,5,pass
Contessa,Duke,4,9,BLOCK,Foreign Aid,opponent,,,loss,5,pass
Contessa,Duke,4,9,BLOCK_CHALLENGE,Foreign Aid,self,Duke,opponent,loss,3,pass
Contessa,Duke,4,10,ACTION,,,,,loss,4,Foreign Aid
Contessa,Duke,4,10,BLOCK_CHALLENGE,Foreign Aid,self,Duke,opponent,loss,3,pass
Contessa,Duke,4,11,ACTION,,,,,loss,4,Foreign Aid
Contessa,Duke,4,11,BLOCK_CHALLENGE,Foreign Aid,self,Duke,opponent,loss,3,pass
Contessa,Duke,4,12,ACTION,,,,,loss,4,Foreign Aid
Contessa,Duke,4,12,BLOCK_CHALLENGE,Foreign Aid,self,Duke,opponent,loss,3,pass
Contessa,Duke,5,0,LOSE_INFLUENCE,Coup,opponent,,,loss,1,reveal Contessa
Contessa,Duke,5,1,LOSE_INFLUENCE,Coup,opponent,,,loss,1,reveal Contessa
Contessa,Duke,5,2,ACTION_CHALLENGE,Tax,opponent,,,loss,10,pass
Contessa,Duke,5,2,BLOCK,Foreign Aid,opponent,,,loss,10,pass
Contessa,Duke,5,2,LOSE_INFLUENCE,Coup,opponent,,,loss,1,reveal Contessa
Contessa,Duke,5,3,ACTION,,,,,win,8,Income
Contessa,Duke,5,3,ACTION_CHALLENGE,Tax,opponent,,,loss,9,pass
Contessa,Duke,5,3,BLOCK,Foreign Aid,opponent,,,loss,10,pass
Contessa,Duke,5,3,BLOCK_CHALLENGE,Foreign Aid,self,Duke,opponent,loss,11,pass
Contessa,Duke,5,3,LOSE_INFLUENCE,Coup,opponent,,,loss,1,reveal Contessa
Contessa,Duke,5,4,ACTION,,,,,loss,9,Foreign Aid
Contessa,Duke,5,4,ACTION_CHALLENGE,Tax,opponent,,,loss,5,pass
Contessa,Duke,5,4,BLOCK,Foreign Aid,opponent,,,loss,9,pass
Contessa,Duke,5,4,BLOCK_CHALLENGE,Foreign Aid,self,Duke,opponent,loss,7,pass
Contessa,Duke,5,4,LOSE_INFLUENCE,Coup,opponent,,,loss,1,reveal Contessa
Contessa,Duke,5,5,ACTION,,,,,loss,9,Foreign Aid
Contessa,Duke,5,5,ACTION_CHALLENGE,Tax,opponent,,,loss,5,pass
Contessa,Duke,5,5,BLOCK,Foreign Aid,opponent,,,loss,5,pass
Contessa,Duke,5,5,BLOCK_CHALLENGE,Foreign Aid,self,Duke,opponent,loss,7,pass
Contessa,Duke,5,5,LOSE_INFLUENCE,Coup,opponent,,,loss,1,reveal Contessa
Contessa,Duke,5,6,ACTION,,,,,loss,8,Foreign Aid
Contessa,Duke,5,6,ACTION_CHALLENGE,Tax,opponent,,,loss,5,pass
Contessa,Duke,5,6,BLOCK,Foreign Aid,opponent,,,loss,5,pass
Contessa,Duke,5,6,BLOCK_CHALLENGE,Foreign Aid,self,Duke,opponent,loss,6,pass
Contessa,Duke,5,7,ACTION,,,,,loss,4,Foreign Aid
Contessa,Duke,5,7,ACTION_CHALLENGE,Tax,opponent,,,loss,5,pass
Contessa,Duke,5,7,BLOCK,Foreign Aid,opponent,,,loss,5,pass
Contessa,Duke,5,7,BLOCK_CHALLENGE,Foreign Aid,self,Duke,opponent,loss,3,pass
Contessa,Duke,5,8,ACTION,,,,,loss,4,Foreign Aid
Contessa,Duke,5,8,ACTION_CHALLENGE,Tax,opponent,,,loss,5,pass
Contessa,Duke,5,8,BLOCK,Foreign Aid,opponent,,,loss,5,pass
Contessa,Duke,5,8,BLOCK_CHALLENGE,Foreign Aid,self,Duke,opponent,loss,3,pass
Contessa,Duke,5,9,ACTION,,,,,loss,4,Foreign Aid
Contessa,Duke,5,9,ACTION_CHALLENGE,Tax,opponent,,,loss,5,pass
Contessa,Duke,5,9,BLOCK,Foreign Aid,opponent,,,loss,5,pass
Contessa,Duke,5,9,BLOCK_CHALLENGE,Foreign Aid,self,Duke,opponent,loss,3,pass
Contessa,Duke,5,10,ACTION,,,,,loss,4,Foreign Aid
Contessa,Duke,5,10,BLOCK_CHALLENGE,Foreign Aid,self,Duke,opponent,loss,3,pass
Contessa,Duke,5,11,ACTION,,,,,loss,4,Foreign Aid
Contessa,Duke,5,11,BLOCK_CHALLENGE,Foreign Aid,self,Duke,opponent,loss,3,pass
Contessa,Duke,5,12,ACTION,,,,,loss,4,Foreign Aid
Contessa,Duke,5,12,BLOCK_CHALLENGE,Foreign Aid,self,Duke,opponent,loss,3,pass
Contessa,Duke,6,0,LOSE_INFLUENCE,Coup,opponent,,,loss,1,reveal Contessa
Contessa,Duke,6,1,LOSE_INFLUENCE,Coup,opponent,,,loss,1,reveal Contessa
Contessa,Duke,6,2,ACTION_CHALLENGE,Tax,opponent,,,win,6,pass
Contessa,Duke,6,2,BLOCK,Foreign Aid,opponent,,,win,6,pass
Contessa,Duke,6,2,LOSE_INFLUENCE,Coup,opponent,,,loss,1,reveal Contessa
Contessa,Duke,6,3,ACTION,,,,,win,5,Income
Contessa,Duke,6,3,ACTION_CHALLENGE,Tax,opponent,,,win,6,pass
Contessa,Duke,6,3,BLOCK,Foreign Aid,opponent,,,win,6,pass
Contessa,Duke,6,3,BLOCK_CHALLENGE,Foreign Aid,self,Duke,opponent,win,8,pass
Contessa,Duke,6,3,LOSE_INFLUENCE,Coup,opponent,,,loss,1,reveal Contessa
Contessa,Duke,6,4,ACTION,,,,,win,5,Income
Contessa,Duke,6,4,ACTION_CHALLENGE,Tax,opponent,,,loss,5,pass
Contessa,Duke,6,4,BLOCK,Foreign Aid,opponent,,,win,6,pass
Contessa,Duke,6,4,BLOCK_CHALLENGE,Foreign Aid,self,Duke,opponent,loss,7,pass
Contessa,Duke,6,4,LOSE_INFLUENCE,Coup,opponent,,,loss,1,reveal Contessa
Contessa,Duke,6,5,ACTION,,,,,win,5,Income
Contessa,Duke,6,5,ACTION_CHALLENGE,Tax,opponent,,,loss,5,pass
Contessa,Duke,6,5,BLOCK,Foreign Aid,opponent,,,loss,5,pass
Contessa,Duke,6,5,BLOCK_CHALLENGE,Foreign Aid,self,Duke,opponent,loss,7,pass
Contessa,Duke,6,5,LOSE_INFLUENCE,Coup,opponent,,,loss,1,reveal Contessa
Contessa,Duke,6,6,ACTION,,,,,win,5,Income
Contessa,Duke,6,6,ACTION_CHALLENGE,Tax,opponent,,,loss,5,pass
Contessa,Duke,6,6,BLOCK,Foreign Aid,opponent,,,loss,5,pass
Contessa,Duke,6,6,BLOCK_CHALLENGE,Foreign Aid,self,Duke,opponent,loss,6,pass
Contessa,Duke,6,7,ACTION,,,,,loss,4,Foreign Aid
Contessa,Duke,6,7,ACTION_CHALLENGE,Tax,opponent,,,loss,5,pass
Contessa,Duke,6,7,BLOCK,Foreign Aid,opponent,,,loss,5,pass
Contessa,Duke,6,7,BLOCK_CHALLENGE,Foreign Aid,self,Duke,opponent,loss,3,pass
Contessa,Duke,6,8,ACTION,,,,,loss,4,Foreign Aid
Contessa,Duke,6,8,ACTION_CHALLENGE,Tax,opponent,,,loss,5,pass
Contessa,Duke,6,8,BLOCK,Foreign Aid,opponent,,,loss,5,pass
Contessa,Duke,6,8,BLOCK_CHALLENGE,Foreign Aid,self,Duke,opponent,loss,3,pass
Contessa,Duke,6,9,ACTION,,,,,loss,4,Foreign Aid
Contessa,Duke,6,9,ACTION_CHALLENGE,Tax,opponent,,,loss,5,pass
Contessa,Duke,6,9,BLOCK,Foreign Aid,opponent,,,loss,5,pass
Contessa,Duke,6,9,BLOCK_CHALLENGE,Foreign Aid,self,Duke,opponent,loss,3,pass
Contessa,Duke,6,10,ACTION,,,,,loss,4,Foreign Aid
Contessa,Duke,6,10,BLOCK_CHALLENGE,Foreign Aid,self,Duke,opponent,loss,3,pass
Contessa,Duke,6,11,ACTION,,,,,loss,4,Foreign Aid
Contessa,Duke,6,11,BLOCK_CHALLENGE,Foreign Aid,self,Duke,opponent,loss,3,pass
Contessa,Duke,6,12,ACTION,,,,,loss,4,Foreign Aid
Contessa,Duke,6,12,BLOCK_CHALLENGE,Foreign Aid,self,Duke,opponent,loss,3,pass
Contessa,Duke,7,0,LOSE_INFLUENCE,Coup,opponent,,,loss,1,reveal Contessa
Contessa,Duke,7,1,LOSE_INFLUENCE,Coup,opponent,,,loss,1,reveal Contessa
Contessa,Duke,7,2,LOSE_INFLUENCE,Coup,opponent,,,loss,1,reveal Contessa
Contessa,Duke,7,3,ACTION_CHALLENGE,Tax,opponent,,,win,3,pass
Contessa,Duke,7,3,BLOCK,Foreign Aid,opponent,,,win,3,pass
Contessa,Duke,7,3,LOSE_INFLUENCE,Coup,opponent,,,loss,1,reveal Contessa
Contessa,Duke,7,4,ACTION,,,,,win,2,Coup
Contessa,Duke,7,4,ACTION_CHALLENGE,Tax,opponent,,,win,3,pass
Contessa,Duke,7,4,BLOCK,Foreign Aid,opponent,,,win,3,pass
Contessa,Duke,7,4,BLOCK_CHALLENGE,Foreign Aid,self,Duke,opponent,win,5,pass
Contessa,Duke,7,4,LOSE_INFLUENCE,Coup,opponent,,,loss,1,reveal Contessa
Contessa,Duke,7,5,ACTION,,,,,win,2,Coup
Contessa,Duke,7,5,ACTION_CHALLENGE,Tax,opponent,,,win,3,pass
Contessa,Duke,7,5,BLOCK,Foreign Aid,opponent,,,win,3,pass
Contessa,Duke,7,5,BLOCK_CHALLENGE,Foreign Aid,self,Duke,opponent,win,5,pass
Contessa,Duke,7,5,LOSE_INFLUENCE,Coup,opponent,,,loss,1,reveal Contessa
Contessa,Duke,7,6,ACTION,,,,,win,2,Coup
Contessa,Duke,7,6,ACTION_CHALLENGE,Tax,opponent,,,win,3,pass
Contessa,Duke,7,6,BLOCK,Foreign Aid,opponent,,,win,3,pass
Contessa,Duke,7,6,BLOCK_CHALLENGE,Foreign Aid,self,Duke,opponent,win,5,pass
Contessa,Duke,7,7,ACTION,,,,,win,2,Coup
Contessa,Duke,7,7,ACTION_CHALLENGE,Tax,opponent,,,win,3,pass
Contessa,Duke,7,7,BLOCK,Foreign Aid,opponent,,,win,3,pass
Contessa,Duke,7,7,BLOCK_CHALLENGE,Foreign Aid,self,Duke,opponent,loss,3,pass
Contessa,Duke,7,8,ACTION,,,,,win,2,Coup
Contessa,Duke,7,8,ACTION_CHALLENGE,Tax,opponent,,,win,3,pass
Contessa,Duke,7,8,BLOCK,Foreign Aid,opponent,,,win,3,pass
Contessa,Duke,7,8,BLOCK_CHALLENGE,Foreign Aid,self,Duke,opponent,loss,3,pass
Contessa,Duke,7,9,ACTION,,,,,win,2,Coup
Contessa,Duke,7,9,ACTION_CHALLENGE,Tax,opponent,,,win,3,pass
Contessa,Duke,7,9,BLOCK,Foreign Aid,opponent,,,win,3,pass
Contessa,Duke,7,9,BLOCK_CHALLENGE,Foreign Aid,self,Duke,opponent,loss,3,pass
Contessa,Duke,7,10,ACTION,,,,,win,2,Coup
Contessa,Duke,7,10,BLOCK_CHALLENGE,Foreign Aid,self,Duke,opponent,loss,3,pass
Contessa,Duke,7,11,ACTION,,,,,win,2,Coup
Contessa,Duke,7,11,BLOCK_CHALLENGE,Foreign Aid,self,Duke,opponent,loss,3,pass
Contessa,Duke,7,12,ACTION,,,,,win,2,Coup
Contessa,Duke,7,12,BLOCK_CHALLENGE,Foreign Aid,self,Duke,opponent,loss,3,pass
Contessa,Duke,8,0,LOSE_INFLUENCE,Coup,opponent,,,loss,1,reveal Contessa
Contessa,Duke,8,1,LOSE_INFLUENCE,Coup,opponent,,,loss,1,reveal Contessa
Contessa,Duke,8,2,LOSE_INFLUENCE,Coup,opponent,,,loss,1,reveal Contessa
Contessa,Duke,8,3,ACTION_CHALLENGE,Tax,opponent,,,win,3,pass
Contessa,Duke,8,3,BLOCK,Foreign Aid,opponent,,,win,3,pass
Contessa,Duke,8,3,LOSE_INFLUENCE,Coup,opponent,,,loss,1,reveal Contessa
Contessa,Duke,8,4,ACTION,,,,,win,2,Coup
Contessa,Duke,8,4,ACTION_CHALLENGE,Tax,opponent,,,win,3,pass
Contessa,Duke,8,4,BLOCK,Foreign Aid,opponent,,,win,3,pass
Contessa,Duke,8,4,BLOCK_CHALLENGE,Foreign Aid,self,Duke,opponent,win,5,pass
Contessa,Duke,8,4,LOSE_INFLUENCE,Coup,opponent,,,loss,1,reveal Contessa
Contessa,Duke,8,5,ACTION,,,,,win,2,Coup
Contessa,Duke,8,5,ACTION_CHALLENGE,Tax,opponent,,,win,3,pass
Contessa,Duke,8,5,BLOCK,Foreign Aid,opponent,,,win,3,pass
Contessa,Duke,8,5,BLOCK_CHALLENGE,Foreign Aid,self,Duke,opponent,win,5,pass
Contessa,Duke,8,5,LOSE_INFLUENCE,Coup,opponent,,,loss,1,reveal Contessa
Contessa,Duke,8,6,ACTION,,,,,win,2,Coup
Contessa,Duke,8,6,ACTION_CHALLENGE,Tax,opponent,,,win,3,pass
Contessa,Duke,8,6,BLOCK,Foreign Aid,opponent,,,win,3,pass
Contessa,Duke,8,6,BLOCK_CHALLENGE,Foreign Aid,self,Duke,opponent,win,5,pass
Contessa,Duke,8,7,ACTION,,,,,win,2,Coup
Contessa,Duke,8,7,ACTION_CHALLENGE,Tax,opponent,,,win,3,pass
Contessa,Duke,8,7,BLOCK,Foreign Aid,opponent,,,win,3,pass
Contessa,Duke,8,7,BLOCK_CHALLENGE,Foreign Aid,self,Duke,opponent,loss,3,pass
Contessa,Duke,8,8,ACTION,,,,,win,2,Coup
Contessa,Duke,8,8,ACTION_CHALLENGE,Tax,opponent,,,win,3,pass
Contessa,Duke,8,8,BLOCK,Foreign Aid,opponent,,,win,3,pass
Contessa,Duke,8,8,BLOCK_CHALLENGE,Foreign Aid,self,Duke,opponent,loss,3,pass
Contessa,Duke,8,9,ACTION,,,,,win,2,Coup
Contessa,Duke,8,9,ACTION_CHALLENGE,Tax,opponent,,,win,3,pass
Contessa,Duke,8,9,BLOCK,Foreign Aid,opponent,,,win,3,pass
Contessa,Duke,8,9,BLOCK_CHALLENGE,Foreign Aid,self,Duke,opponent,loss,3,pass
Contessa,Duke,8,10,ACTION,,,,,win,2,Coup
Contessa,Duke,8,10,BLOCK_CHALLENGE,Foreign Aid,self,Duke,opponent,loss,3,pass
Contessa,Duke,8,11,ACTION,,,,,win,2,Coup
Contessa,Duke,8,11,BLOCK_CHALLENGE,Foreign Aid,self,Duke,opponent,loss,3,pass
Contessa,Duke,8,12,ACTION,,,,,win,2,Coup
Contessa,Duke,8,12,BLOCK_CHALLENGE,Foreign Aid,self,Duke,opponent,loss,3,pass
Contessa,Duke,9,0,LOSE_INFLUENCE,Coup,opponent,,,loss,1,reveal Contessa
Contessa,Duke,9,1,LOSE_INFLUENCE,Coup,opponent,,,loss,1,reveal Contessa
Contessa,Duke,9,2,LOSE_INFLUENCE,Coup,opponent,,,loss,1,reveal Contessa
Contessa,Duke,9,3,LOSE_INFLUENCE,Coup,opponent,,,loss,1,reveal Contessa
Contessa,Duke,9,4,ACTION_CHALLENGE,Tax,opponent,,,win,3,pass
Contessa,Duke,9,4,BLOCK,Foreign Aid,opponent,,,win,3,pass
Contessa,Duke,9,4,LOSE_INFLUENCE,Coup,opponent,,,loss,1,reveal Contessa
Contessa,Duke,9,5,ACTION,,,,,win,2,Coup
Contessa,Duke,9,5,ACTION_CHALLENGE,Tax,opponent,,,win,3,pass
Contessa,Duke,9,5,BLOCK,Foreign Aid,opponent,,,win,3,pass
Contessa,Duke,9,5,BLOCK_CHALLENGE,Foreign Aid,self,Duke,opponent,win,5,pass
Contessa,Duke,9,5,LOSE_INFLUENCE,Coup,opponent,,,loss,1,reveal Contessa
Contessa,Duke,9,6,ACTION,,,,,win,2,Coup
Contessa,Duke,9,6,ACTION_CHALLENGE,Tax,opponent,,,win,3,pass
Contessa,Duke,9,6,BLOCK,Foreign Aid,opponent,,,win,3,pass
Contessa,Duke,9,6,BLOCK_CHALLENGE,Foreign Aid,self,Duke,opponent,win,5,pass
Contessa,Duke,9,7,ACTION,,,,,win,2,Coup
Contessa,Duke,9,7,ACTION_CHALLENGE,Tax,opponent,,,win,3,pass
Contessa,Duke,9,7,BLOCK,Foreign Aid,opponent,,,win,3,pass
Contessa,Duke,9,7,BLOCK_CHALLENGE,Foreign Aid,self,Duke,opponent,loss,3,pass
Contessa,Duke,9,8,ACTION,,,,,win,2,Coup
Contessa,Duke,9,8,ACTION_CHALLENGE,Tax,opponent,,,win,3,pass
Contessa,Duke,9,8,BLOCK,Foreign Aid,opponent,,,win,3,pass
Contessa,Duke,9,8,BLOCK_CHALLENGE,Foreign Aid,self,Duke,opponent,loss,3,pass
Contessa,Duke,9,9,ACTION,,,,,win,2,Coup
Contessa,Duke,9,9,ACTION_CHALLENGE,Tax,opponent,,,win,3,pass
Contessa,Duke,9,9,BLOCK,Foreign Aid,opponent,,,win,3,pass
Contessa,Duke,9,9,BLOCK_CHALLENGE,Foreign Aid,self,Duke,opponent,loss,3,pass
Contessa,Duke,9,10,ACTION,,,,,win,2,Coup
Contessa,Duke,9,10,BLOCK_CHALLENGE,Foreign Aid,self,Duke,opponent,loss,3,pass
Contessa,Duke,9,11,ACTION,,,,,win,2,Coup
Contessa,Duke,9,11,BLOCK_CHALLENGE,Foreign Aid,self,Duke,opponent,loss,3,pass
Contessa,Duke,9,12,ACTION,,,,,win,2,Coup
Contessa,Duke,9,12,BLOCK_CHALLENGE,Foreign Aid,self,Duke,opponent,loss,3,pass
Contessa,Duke,10,0,LOSE_INFLUENCE,Coup,opponent,,,loss,1,reveal Contessa
Contessa,Duke,10,1,LOSE_INFLUENCE,Coup,opponent,,,loss,1,reveal Contessa
Contessa,Duke,10,2,LOSE_INFLUENCE,Coup,opponent,,,loss,1,reveal Contessa
Contessa,Duke,10,3,LOSE_INFLUENCE,Coup,opponent,,,loss,1,reveal Contessa
Contessa,Duke,10,4,ACTION_CHALLENGE,Tax,opponent,,,win,3,pass
Contessa,Duke,10,4,BLOCK,Foreign Aid,opponent,,,win,3,pass
Contessa,Duke,10,4,LOSE_INFLUENCE,Coup,opponent,,,loss,1,reveal Contessa
Contessa,Duke,10,5,ACTION,,,,,win,2,Coup
Contessa,Duke,10,5,ACTION_CHALLENGE,Tax,opponent,,,win,3,pass
Contessa,Duke,10,5,BLOCK,Foreign Aid,opponent,,,win,3,pass
Contessa,Duke,10,5,LOSE_INFLUENCE,Coup,opponent,,,loss,1,reveal Contessa
Contessa,Duke,10,6,ACTION,,,,,win,2,Coup
Contessa,Duke,10,6,ACTION_CHALLENGE,Tax,opponent,,,win,3,pass
Contessa,Duke,10,6,BLOCK,Foreign Aid,opponent,,,win,3,pass
Contessa,Duke,10,7,ACTION,,,,,win,2,Coup
Contessa,Duke,10,7,ACTION_CHALLENGE,Tax,opponent,,,win,3,pass
Contessa,Duke,10,7,BLOCK,Foreign Aid,opponent,,,win,3,pass
Contessa,Duke,10,8,ACTION,,,,,win,2,Coup
Contessa,Duke,10,8,ACTION_CHALLENGE,Tax,opponent,,,win,3,pass
Contessa,Duke,10,8,BLOCK,Foreign Aid,opponent,,,win,3,pass
Contessa,Duke,10,9,ACTION,,,,,win,2,Coup
Contessa,Duke,10,9,ACTION_CHALLENGE,Tax,opponent,,,win,3,pass
Contessa,Duke,10,9,BLOCK,Foreign Aid,opponent,,,win,3,pass
Contessa,Duke,10,10,ACTION,,,,,win,2,Coup
Contessa,Duke,10,11,ACTION,,,,,win,2,Coup
Contessa,Duke,10,12,ACTION,,,,,win,2,Coup
Contessa,Duke,11,0,LOSE_INFLUENCE,Coup,opponent,,,loss,1,reveal Contessa
Contessa,Duke,11,1,LOSE_INFLUENCE,Coup,opponent,,,loss,1,reveal Contessa
Contessa,Duke,11,2,LOSE_INFLUENCE,Coup,opponent,,,loss,1,reveal Contessa
Contessa,Duke,11,3,LOSE_INFLUENCE,Coup,opponent,,,loss,1,reveal Contessa
Contessa,Duke,11,4,LOSE_INFLUENCE,Coup,opponent,,,loss,1,reveal Contessa
Contessa,Duke,11,5,ACTION_CHALLENGE,Tax,opponent,,,win,3,pass
Contessa,Duke,11,5,BLOCK,Foreign Aid,opponent,,,win,3,pass
Contessa,Duke,11,5,LOSE_INFLUENCE,Coup,opponent,,,loss,1,reveal Contessa
Contessa,Duke,11,6,ACTION,,,,,win,2,Coup
Contessa,Duke,11,6,ACTION_CHALLENGE,Tax,opponent,,,win,3,pass
Contessa,Duke,11,6,BLOCK,Foreign Aid,opponent,,,win,3,pass
Contessa,Duke,11,7,ACTION,,,,,win,2,Coup
Contessa,Duke,11,7,ACTION_CHALLENGE,Tax,opponent,,,win,3,pass
Contessa,Duke,11,7,BLOCK,Foreign Aid,opponent,,,win,3,pass
Contessa,Duke,11,8,ACTION,,,,,win,2,Coup
Contessa,Duke,11,8,ACTION_CHALLENGE,Tax,opponent,,,win,3,pass
Contessa,Duke,11,8,BLOCK,Foreign Aid,opponent,,,win,3,pass
Contessa,Duke,11,9,ACTION,,,,,win,2,Coup
Contessa,Duke,11,9,ACTION_CHALLENGE,Tax,opponent,,,win,3,pass
Contessa,Duke,11,9,BLOCK,Foreign Aid,opponent,,,win,3,pass
Contessa,Duke,11,10,ACTION,,,,,win,2,Coup
Contessa,Duke,11,11,ACTION,,,,,win,2,Coup
Contessa,Duke,11,12,ACTION,,,,,win,2,Coup
Duke,Assassin,0,0,ACTION,,,,,win,14,Income|Tax
Duke,Assassin,0,0,BLOCK,Foreign Aid,opponent,,,win,16,block Duke
Duke,Assassin,0,1,ACTION,,,,,loss,12,Foreign Aid|Tax
Duke,Assassin,0,2,ACTION,,,,,loss,9,Foreign Aid|Tax
Duke,Assassin,1,0,ACTION,,,,,win,10,Tax
Duke,Assassin,1,0,BLOCK,Foreign Aid,opponent,,,win,12,block Duke
Duke,Assassin,1,1,ACTION,,,,,win,11,Tax
Duke,Assassin,1,1,BLOCK,Foreign Aid,opponent,,,win,13,block Duke
Duke,Assassin,1,2,ACTION,,,,,loss,9,Foreign Aid|Tax
Duke,Assassin,1,2,BLOCK,Foreign Aid,opponent,,,loss,11,block Duke
Duke,Assassin,1,3,ACTION,,,,,loss,6,Foreign Aid|Tax
Duke,Assassin,1,4,ACTION,,,,,loss,6,Foreign Aid|Tax
Duke,Assassin,2,0,ACTION,,,,,win,10,Foreign Aid|Tax
Duke,Assassin,2,0,ACTION_CHALLENGE,Assassinate,opponent,,,loss,3,pass
Duke,Assassin,2,0,BLOCK,Assassinate,opponent,,,loss,2,pass
Duke,Assassin,2,0,BLOCK,Foreign Aid,opponent,,,win,12,block Duke
Duke,Assassin,2,0,LOSE_INFLUENCE,Assassinate,opponent,,,loss,1,reveal Duke
Duke,Assassin,2,1,ACTION,,,,,win,11,Foreign Aid|Tax
Duke,Assassin,2,1,ACTION_CHALLENGE,Assassinate,opponent,,,loss,3,pass
Duke,Assassin,2,1,BLOCK,Assassinate,opponent,,,loss,2,pass
Duke,Assassin,2,1,BLOCK,Foreign Aid,opponent,,,win,13,block Duke
Duke,Assassin,2,1,LOSE_INFLUENCE,Assassinate,opponent,,,loss,1,reveal Duke
Duke,Assassin,2,2,ACTION,,,,,loss,9,Foreign Aid|Tax
Duke,Assassin,2,2,BLOCK,Foreign Aid,opponent,,,loss,11,block Duke
Duke,Assassin,2,3,ACTION,,,,,loss,6,Foreign Aid|Tax
Duke,Assassin,2,3,BLOCK,Foreign Aid,opponent,,,loss,8,block Duke
Duke,Assassin,2,4,ACTION,,,,,loss,6,Foreign Aid|Tax
Duke,Assassin,2,4,BLOCK,Foreign Aid,opponent,,,loss,8,block Duke
Duke,Assassin,2,5,ACTION,,,,,loss,6,Foreign Aid|Tax
Duke,Assassin,2,6,ACTION,,,,,loss,6,Foreign Aid|Tax
Duke,Assassin,3,0,ACTION,,,,,win,9,Income|Tax
Duke,Assassin,3,0,ACTION_CHALLENGE,Assassinate,opponent,,,loss,3,pass
Duke,Assassin,3,0,BLOCK,Assassinate,opponent,,,loss,2,pass
Duke,Assassin,3,0,BLOCK,Foreign Aid,opponent,,,win,11,block Duke
Duke,Assassin,3,0,LOSE_INFLUENCE,Assassinate,opponent,,,loss,1,reveal Duke
Duke,Assassin,3,1,ACTION,,,,,win,10,Income|Tax
Duke,Assassin,3,1,ACTION_CHALLENGE,Assassinate,opponent,,,loss,3,pass
Duke,Assassin,3,1,BLOCK,Assassinate,opponent,,,loss,2,pass
Duke,Assassin,3,1,BLOCK,Foreign Aid,opponent,,,win,12,block Duke
Duke,Assassin,3,1,LOSE_INFLUENCE,Assassinate,opponent,,,loss,1,reveal Duke
Duke,Assassin,3,2,ACTION,,,,,loss,9,Foreign Aid|Tax
Duke,Assassin,3,2,ACTION_CHALLENGE,Assassinate,opponent,,,loss,3,pass
Duke,Assassin,3,2,BLOCK,Assassinate,opponent,,,loss,2,pass
Duke,Assassin,3,2,BLOCK,Foreign Aid,opponent,,,loss,11,block Duke
Duke,Assassin,3,2,LOSE_INFLUENCE,Assassinate,opponent,,,loss,1,reveal Duke
Duke,Assassin,3,3,ACTION,,,,,loss,6,Foreign Aid|Tax
Duke,Assassin,3,3,ACTION_CHALLENGE,Assassinate,opponent,,,loss,3,pass
Duke,Assassin,3,3,BLOCK,Assassinate,opponent,,,loss,2,pass
Duke,Assassin,3,3,BLOCK,Foreign Aid,opponent,,,loss,8,block Duke
Duke,Assassin,3,3,LOSE_INFLUENCE,Assassinate,opponent,,,loss,1,reveal Duke
Duke,Assassin,3,4,ACTION,,,,,loss,6,Foreign Aid|Tax
Duke,Assassin,3,4,BLOCK,Foreign Aid,opponent,,,loss,8,block Duke
Duke,Assassin,3,5,ACTION,,,,,loss,6,Foreign Aid|Tax
Duke,Assassin,3,5,BLOCK,Foreign Aid,opponent,,,loss,8,block Duke
Duke,Assassin,3,6,ACTION,,,,,loss,6,Foreign Aid|Tax
Duke,Assassin,3,6,BLOCK,Foreign Aid,opponent,,,loss,8,block Duke
Duke,Assassin,3,7,ACTION,,,,,loss,4,Foreign Aid|Tax
Duke,Assassin,3,8,ACTION,,,,,loss,4,Foreign Aid|Tax
Duke,Assassin,4,0,ACTION,,,,,win,6,Tax
Duke,Assassin,4,0,ACTION_CHALLENGE,Assassinate,opponent,,,loss,3,pass
Duke,Assassin,4,0,BLOCK,Assassinate,opponent,,,loss,2,pass
Duke,Assassin,4,0,BLOCK,Foreign Aid,opponent,,,win,7,pass
Duke,Assassin,4,0,LOSE_INFLUENCE,Assassinate,opponent,,,loss,1,reveal Duke
Duke,Assassin,4,0,LOSE_INFLUENCE,Coup,opponent,,,loss,1,reveal Duke
Duke,Assassin,4,1,ACTION,,,,,win,6,Tax
Duke,Assassin,4,1,ACTION_CHALLENGE,Assassinate,opponent,,,loss,3,pass
Duke,Assassin,4,1,BLOCK,Assassinate,opponent,,,loss,2,pass
Duke,Assassin,4,1,BLOCK,Foreign Aid,opponent,,,win,8,block Duke
Duke,Assassin,4,1,LOSE_INFLUENCE,Assassinate,opponent,,,loss,1,reveal Duke
Duke,Assassin,4,1,LOSE_INFLUENCE,Coup,opponent,,,loss,1,reveal Duke
Duke,Assassin,4,2,ACTION,,,,,win,6,Tax
Duke,Assassin,4,2,ACTION_CHALLENGE,Assassinate,opponent,,,loss,3,pass
Duke,Assassin,4,2,BLOCK,Assassinate,opponent,,,loss,2,pass
Duke,Assassin,4,2,BLOCK,Foreign Aid,opponent,,,win,8,block Duke
Duke,Assassin,4,2,LOSE_INFLUENCE,Assassinate,opponent,,,loss,1,reveal Duke
Duke,Assassin,4,3,ACTION,,,,,loss,6,Foreign Aid|Tax
Duke,Assassin,4,3,ACTION_CHALLENGE,Assassinate,opponent,,,loss,3,pass
Duke,Assassin,4,3,BLOCK,Assassinate,opponent,,,loss,2,pass
Duke,Assassin,4,3,BLOCK,Foreign Aid,opponent,,,loss,8,block Duke
Duke,Assassin,4,3,LOSE_INFLUENCE,Assassinate,opponent,,,loss,1,reveal Duke
Duke,Assassin,4,4,ACTION,,,,,loss,6,Foreign Aid|Tax
Duke,Assassin,4,4,ACTION_CHALLENGE,Assassinate,opponent,,,loss,3,pass
Duke,Assassin,4,4,BLOCK,Assassinate,opponent,,,loss,2,pass
Duke,Assassin,4,4,BLOCK,Foreign Aid,opponent,,,loss,8,block Duke
Duke,Assassin,4,4,LOSE_INFLUENCE,Assassinate,opponent,,,loss,1,reveal Duke
Duke,Assassin,4,5,ACTION,,,,,loss,6,Foreign Aid|Tax
Duke,Assassin,4,5,ACTION_CHALLENGE,Assassinate,opponent,,,loss,3,pass
Duke,Assassin,4,5,BLOCK,Assassinate,opponent,,,loss,2,pass
Duke,Assassin,4,5,BLOCK,Foreign Aid,opponent,,,loss,8,block Duke
Duke,Assassin,4,5,LOSE_INFLUENCE,Assassinate,opponent,,,loss,1,reveal Duke
Duke,Assassin,4,6,ACTION,,,,,loss,6,Foreign Aid|Tax
Duke,Assassin,4,6,BLOCK,Foreign Aid,opponent,,,loss,8,block Duke
Duke,Assassin,4,7,ACTION,,,,,loss,4,Foreign Aid|Tax
Duke,Assassin,4,7,BLOCK,Foreign Aid,opponent,,,loss,6,block Duke
Duke,Assassin,4,8,ACTION,,,,,loss,4,Foreign Aid|Tax
Duke,Assassin,4,8,BLOCK,Foreign Aid,opponent,,,loss,6,block Duke
Duke,Assassin,4,9,ACTION,,,,,loss,4,Foreign Aid|Tax
Duke,Assassin,4,10,ACTION,,,,,loss,4,Foreign Aid|Tax
Duke,Assassin,5,0,ACTION,,,,,win,6,Foreign Aid|Tax
Duke,Assassin,5,0,ACTION_CHALLENGE,Assassinate,opponent,,,loss,3,pass
Duke,Assassin,5,0,BLOCK,Assassinate,opponent,,,loss,2,pass
Duke,Assassin,5,0,BLOCK,Foreign Aid,opponent,,,win,7,pass
Duke,Assassin,5,0,LOSE_INFLUENCE,Assassinate,opponent,,,loss,1,reveal Duke
Duke,Assassin,5,0,LOSE_INFLUENCE,Coup,opponent,,,loss,1,reveal Duke
Duke,Assassin,5,1,ACTION,,,,,win,6,Foreign Aid|Tax
Duke,Assassin,5,1,ACTION_CHALLENGE,Assassinate,opponent,,,loss,3,pass
Duke,Assassin,5,1,BLOCK,Assassinate,opponent,,,loss,2,pass
Duke,Assassin,5,1,BLOCK,Foreign Aid,opponent,,,win,8,block Duke
Duke,Assassin,5,1,LOSE_INFLUENCE,Assassinate,opponent,,,loss,1,reveal Duke
Duke,Assassin,5,1,LOSE_INFLUENCE,Coup,opponent,,,loss,1,reveal Duke
Duke,Assassin,5,2,ACTION,,,,,win,6,Foreign Aid|Tax
Duke,Assassin,5,2,ACTION_CHALLENGE,Assassinate,opponent,,,loss,3,pass
Duke,Assassin,5,2,BLOCK,Assassinate,opponent,,,loss,2,pass
Duke,Assassin,5,2,BLOCK,Foreign Aid,opponent,,,win,8,block Duke
Duke,Assassin,5,2,LOSE_INFLUENCE,Assassinate,opponent,,,loss,1,reveal Duke
Duke,Assassin,5,2,LOSE_INFLUENCE,Coup,opponent,,,loss,1,reveal Duke
Duke,Assassin,5,3,ACTION,,,,,loss,6,Foreign Aid|Tax
Duke,Assassin,5,3,ACTION_CHALLENGE,Assassinate,opponent,,,loss,3,pass
Duke,Assassin,5,3,BLOCK,Assassinate,opponent,,,loss,2,pass
Duke,Assassin,5,3,BLOCK,Foreign Aid,opponent,,,loss,8,block Duke
Duke,Assassin,5,3,LOSE_INFLUENCE,Assassinate,opponent,,,loss,1,reveal Duke
Duke,Assassin,5,3,LOSE_INFLUENCE,Coup,opponent,,,loss,1,reveal Duke
Duke,Assassin,5,4,ACTION,,,,,loss,6,Foreign Aid|Tax
Duke,Assassin,5,4,ACTION_CHALLENGE,Assassinate,opponent,,,loss,3,pass
Duke,Assassin,5,4,BLOCK,Assassinate,opponent,,,loss,2,pass
Duke,Assassin,5,4,BLOCK,Foreign Aid,opponent,,,loss,8,block Duke
Duke,Assassin,5,4,LOSE_INFLUENCE,Assassinate,opponent,,,loss,1,reveal Duke
Duke,Assassin,5,5,ACTION,,,,,loss,6,Foreign Aid|Tax
Duke,Assassin,5,5,ACTION_CHALLENGE,Assassinate,opponent,,,loss,3,pass
Duke,Assassin,5,5,BLOCK,Assassinate,opponent,,,loss,2,pass
Duke,Assassin,5,5,BLOCK,Foreign Aid,opponent,,,loss,8,block Duke
Duke,Assassin,5,5,LOSE_INFLUENCE,Assassinate,opponent,,,loss,1,reveal Duke
Duke,Assassin,5,6,ACTION,,,,,loss,6,Foreign Aid|Tax
Duke,Assassin,5,6,ACTION_CHALLENGE,Assassinate,opponent,,,loss,3,pass
Duke,Assassin,5,6,BLOCK,Assassinate,opponent,,,loss,2,pass
Duke,Assassin,5,6,BLOCK,Foreign Aid,opponent,,,loss,8,block Duke
Duke,Assassin,5,6,LOSE_INFLUENCE,Assassinate,opponent,,,loss,1,reveal Duke
Duke,Assassin,5,7,ACTION,,,,,loss,4,Foreign Aid|Tax
Duke,Assassin,5,7,BLOCK,Foreign Aid,opponent,,,loss,6,block Duke
Duke,Assassin,5,8,ACTION,,,,,loss,4,Foreign Aid|Tax
Duke,Assassin,5,8,BLOCK,Foreign Aid,opponent,,,loss,6,block Duke
Duke,Assassin,5,9,ACTION,,,,,loss,4,Foreign Aid|Tax
Duke,Assassin,5,9,BLOCK,Foreign Aid,opponent,,,loss,6,block Duke
Duke,Assassin,5,10,ACTION,,,,,loss,4,Foreign Aid|Tax
Duke,Assassin,5,11,ACTION,,,,,loss,4,Foreign Aid|Tax
Duke,Assassin,6,0,ACTION,,,,,win,5,Income
Duke,Assassin,6,0,ACTION_CHALLENGE,Assassinate,opponent,,,loss,3,pass
Duke,Assassin,6,0,BLOCK,Assassinate,opponent,,,loss,2,pass
Duke,Assassin,6,0,BLOCK,Foreign Aid,opponent,,,win,6,pass
Duke,Assassin,6,0,LOSE_INFLUENCE,Assassinate,opponent,,,loss,1,reveal Duke
Duke,Assassin,6,0,LOSE_INFLUENCE,Coup,opponent,,,loss,1,reveal Duke
Duke,Assassin,6,1,ACTION,,,,,win,5,Income
Duke,Assassin,6,1,ACTION_CHALLENGE,Assassinate,opponent,,,loss,3,pass
Duke,Assassin,6,1,BLOCK,Assassinate,opponent,,,loss,2,pass
Duke,Assassin,6,1,BLOCK,Foreign Aid,opponent,,,win,7,block Duke
Duke,Assassin,6,1,LOSE_INFLUENCE,Assassinate,opponent,,,loss,1,reveal Duke
Duke,Assassin,6,1,LOSE_INFLUENCE,Coup,opponent,,,loss,1,reveal Duke
Duke,Assassin,6,2,ACTION,,,,,win,5,Income
Duke,Assassin,6,2,ACTION_CHALLENGE,Assassinate,opponent,,,loss,3,pass
Duke,Assassin,6,2,BLOCK,Assassinate,opponent,,,loss,2,pass
Duke,Assassin,6,2,BLOCK,Foreign Aid,opponent,,,win,7,block Duke
Duke,Assassin,6,2,LOSE_INFLUENCE,Assassinate,opponent,,,loss,1,reveal Duke
Duke,Assassin,6,2,LOSE_INFLUENCE,Coup,opponent,,,loss,1,reveal Duke
Duke,Assassin,6,3,ACTION,,,,,loss,6,Foreign Aid|Tax
Duke,Assassin,6,3,ACTION_CHALLENGE,Assassinate,opponent,,,loss,3,pass
Duke,Assassin,6,3,BLOCK,Assassinate,opponent,,,loss,2,pass
Duke,Assassin,6,3,BLOCK,Foreign Aid,opponent,,,loss,8,block Duke
Duke,Assassin,6,3,LOSE_INFLUENCE,Assassinate,opponent,,,loss,1,reveal Duke
Duke,Assassin,6,3,LOSE_INFLUENCE,Coup,opponent,,,loss,1,reveal Duke
Duke,Assassin,6,4,ACTION,,,,,loss,6,Foreign Aid|Tax
Duke,Assassin,6,4,ACTION_CHALLENGE,Assassinate,opponent,,,loss,3,pass
Duke,Assassin,6,4,BLOCK,Assassinate,opponent,,,loss,2,pass
Duke,Assassin,6,4,BLOCK,Foreign Aid,opponent,,,loss,8,block Duke
Duke,Assassin,6,4,LOSE_INFLUENCE,Assassinate,opponent,,,loss,1,reveal Duke
Duke,Assassin,6,4,LOSE_INFLUENCE,Coup,opponent,,,loss,1,reveal Duke
Duke,Assassin,6,5,ACTION,,,,,loss,6,Foreign Aid|Tax
Duke,Assassin,6,5,ACTION_CHALLENGE,Assassinate,opponent,,,loss,3,pass
Duke,Assassin,6,5,BLOCK,Assassinate,opponent,,,loss,2,pass
Duke,Assassin,6,5,BLOCK,Foreign Aid,opponent,,,loss,8,block Duke
Duke,Assassin,6,5,LOSE_INFLUENCE,Assassinate,opponent,,,loss,1,reveal Duke
Duke,Assassin,6,6,ACTION,,,,,loss,6,Foreign Aid|Tax
Duke,Assassin,6,6,ACTION_CHALLENGE,Assassinate,opponent,,,loss,3,pass
Duke,Assassin,6,6,BLOCK,Assassinate,opponent,,,loss,2,pass
Duke,Assassin,6,6,BLOCK,Foreign Aid,opponent,,,loss,8,block Duke
Duke,Assassin,6,6,LOSE_INFLUENCE,Assassinate,opponent,,,loss,1,reveal Duke
Duke,Assassin,6,7,ACTION,,,,,loss,4,Foreign Aid|Tax
Duke,Assassin,6,7,BLOCK,Foreign Aid,opponent,,,loss,6,block Duke
Duke,Assassin,6,8,ACTION,,,,,loss,4,Foreign Aid|Tax
Duke,Assassin,6,8,BLOCK,Foreign Aid,opponent,,,loss,6,block Duke
Duke,Assassin,6,9,ACTION,,,,,loss,4,Foreign Aid|Tax
Duke,Assassin,6,9,BLOCK,Foreign Aid,opponent,,,loss,6,block Duke
Duke,Assassin,6,10,ACTION,,,,,loss,4,Foreign Aid|Tax
Duke,Assassin,6,11,ACTION,,,,,loss,4,Foreign Aid|Tax
Duke,Assassin,7,0,ACTION,,,,,win,2,Coup
Duke,Assassin,7,0,ACTION_CHALLENGE,Assassinate,opponent,,,loss,3,pass
Duke,Assassin,7,0,BLOCK,Assassinate,opponent,,,loss,2,pass
Duke,Assassin,7,0,BLOCK,Foreign Aid,opponent,,,win,3,pass
Duke,Assassin,7,0,LOSE_INFLUENCE,Assassinate,opponent,,,loss,1,reveal Duke
Duke,Assassin,7,0,LOSE_INFLUENCE,Coup,opponent,,,loss,1,reveal Duke
Duke,Assassin,7,1,ACTION,,,,,win,2,Coup
Duke,Assassin,7,1,ACTION_CHALLENGE,Assassinate,opponent,,,loss,3,pass
Duke,Assassin,7,1,BLOCK,Assassinate,opponent,,,loss,2,pass
Duke,Assassin,7,1,BLOCK,Foreign Aid,opponent,,,win,3,pass
Duke,Assassin,7,1,LOSE_INFLUENCE,Assassinate,opponent,,,loss,1,reveal Duke
Duke,Assassin,7,1,LOSE_INFLUENCE,Coup,opponent,,,loss,1,reveal Duke
Duke,Assassin,7,2,ACTION,,,,,win,2,Coup
Duke,Assassin,7,2,ACTION_CHALLENGE,Assassinate,opponent,,,loss,3,pass
Duke,Assassin,7,2,BLOCK,Assassinate,opponent,,,loss,2,pass
Duke,Assassin,7,2,BLOCK,Foreign Aid,opponent,,,win,3,pass
Duke,Assassin,7,2,LOSE_INFLUENCE,Assassinate,opponent,,,loss,1,reveal Duke
Duke,Assassin,7,2,LOSE_INFLUENCE,Coup,opponent,,,loss,1,reveal Duke
Duke,Assassin,7,3,ACTION,,,,,win,2,Coup
Duke,Assassin,7,3,ACTION_CHALLENGE,Assassinate,opponent,,,loss,3,pass
Duke,Assassin,7,3,BLOCK,Assassinate,opponent,,,loss,2,pass
Duke,Assassin,7,3,BLOCK,Foreign Aid,opponent,,,win,3,pass
Duke,Assassin,7,3,LOSE_INFLUENCE,Assassinate,opponent,,,loss,1,reveal Duke
Duke,Assassin,7,3,LOSE_INFLUENCE,Coup,opponent,,,loss,1,reveal Duke
Duke,Assassin,7,4,ACTION,,,,,win,2,Coup
Duke,Assassin,7,4,ACTION_CHALLENGE,Assassinate,opponent,,,loss,3,pass
Duke,Assassin,7,4,BLOCK,Assassinate,opponent,,,loss,2,pass
Duke,Assassin,7,4,BLOCK,Foreign Aid,opponent,,,win,3,pass
Duke,Assassin,7,4,LOSE_INFLUENCE,Assassinate,opponent,,,loss,1,reveal Duke
Duke,Assassin,7,4,LOSE_INFLUENCE,Coup,opponent,,,loss,1,reveal Duke
Duke,Assassin,7,5,ACTION,,,,,win,2,Coup
Duke,Assassin,7,5,ACTION_CHALLENGE,Assassinate,opponent,,,loss,3,pass
Duke,Assassin,7,5,BLOCK,Assassinate,opponent,,,loss,2,pass
Duke,Assassin,7,5,BLOCK,Foreign Aid,opponent,,,win,3,pass
Duke,Assassin,7,5,LOSE_INFLUENCE,Assassinate,opponent,,,loss,1,reveal Duke
Duke,Assassin,7,6,ACTION,,,,,win,2,Coup
Duke,Assassin,7,6,ACTION_CHALLENGE,Assassinate,opponent,,,loss,3,pass
Duke,Assassin,7,6,BLOCK,Assassinate,opponent,,,loss,2,pass
Duke,Assassin,7,6,BLOCK,Foreign Aid,opponent,,,win,3,pass
Duke,Assassin,7,6,LOSE_INFLUENCE,Assassinate,opponent,,,loss,1,reveal Duke
Duke,Assassin,7,7,ACTION,,,,,win,2,Coup
Duke,Assassin,7,7,BLOCK,Foreign Aid,opponent,,,win,3,pass
Duke,Assassin,7,8,ACTION,,,,,win,2,Coup
Duke,Assassin,7,8,BLOCK,Foreign Aid,opponent,,,win,3,pass
Duke,Assassin,7,9,ACTION,,,,,win,2,Coup
Duke,Assassin,7,9,BLOCK,Foreign Aid,opponent,,,win,3,pass
Duke,Assassin,7,10,ACTION,,,,,win,2,Coup
Duke,Assassin,7,11,ACTION,,,,,win,2,Coup
Duke,Assassin,8,0,ACTION,,,,,win,2,Coup
Duke,Assassin,8,0,ACTION_CHALLENGE,Assassinate,opponent,,,loss,3,pass
Duke,Assassin,8,0,BLOCK,Assassinate,opponent,,,loss,2,pass
Duke,Assassin,8,0,BLOCK,Foreign Aid,opponent,,,win,3,pass
Duke,Assassin,8,0,LOSE_INFLUENCE,Assassinate,opponent,,,loss,1,reveal Duke
Duke,Assassin,8,0,LOSE_INFLUENCE,Coup,opponent,,,loss,1,reveal Duke
Duke,Assassin,8,1,ACTION,,,,,win,2,Coup
Duke,Assassin,8,1,ACTION_CHALLENGE,Assassinate,opponent,,,loss,3,pass
Duke,Assassin,8,1,BLOCK,Assassinate,opponent,,,loss,2,pass
Duke,Assassin,8,1,BLOCK,Foreign Aid,opponent,,,win,3,pass
Duke,Assassin,8,1,LOSE_INFLUENCE,Assassinate,opponent,,,loss,1,reveal Duke
Duke,Assassin,8,1,LOSE_INFLUENCE,Coup,opponent,,,loss,1,reveal Duke
Duke,Assassin,8,2,ACTION,,,,,win,2,Coup
Duke,Assassin,8,2,ACTION_CHALLENGE,Assassinate,opponent,,,loss,3,pass
Duke,Assassin,8,2,BLOCK,Assassinate,opponent,,,loss,2,pass
Duke,Assassin,8,2,BLOCK,Foreign Aid,opponent,,,win,3,pass
Duke,Assassin,8,2,LOSE_INFLUENCE,Assassinate,opponent,,,loss,1,reveal Duke
Duke,Assassin,8,2,LOSE_INFLUENCE,Coup,opponent,,,loss,1,reveal Duke
Duke,Assassin,8,3,ACTION,,,,,win,2,Coup
Duke,Assassin,8,3,ACTION_CHALLENGE,Assassinate,opponent,,,loss,3,pass
Duke,Assassin,8,3,BLOCK,Assassinate,opponent,,,loss,2,pass
Duke,Assassin,8,3,BLOCK,Foreign Aid,opponent,,,win,3,pass
Duke,Assassin,8,3,LOSE_INFLUENCE,Assassinate,opponent,,,loss,1,reveal Duke
Duke,Assassin,8,3,LOSE_INFLUENCE,Coup,opponent,,,loss,1,reveal Duke
Duke,Assassin,8,4,ACTION,,,,,win,2,Coup
Duke,Assassin,8,4,ACTION_CHALLENGE,Assassinate,opponent,,,loss,3,pass
Duke,Assassin,8,4,BLOCK,Assassinate,opponent,,,loss,2,pass
Duke,Assassin,8,4,BLOCK,Foreign Aid,opponent,,,win,3,pass
Duke,Assassin,8,4,LOSE_INFLUENCE,Assassinate,opponent,,,loss,1,reveal Duke
Duke,Assassin,8,4,LOSE_INFLUENCE,Coup,opponent,,,loss,1,reveal Duke
Duke,Assassin,8,5,ACTION,,,,,win,2,Coup
Duke,Assassin,8,5,ACTION_CHALLENGE,Assassinate,opponent,,,loss,3,pass
Duke,Assassin,8,5,BLOCK,Assassinate,opponent,,,loss,2,pass
Duke,Assassin,8,5,BLOCK,Foreign Aid,opponent,,,win,3,pass
Duke,Assassin,8,5,LOSE_INFLUENCE,Assassinate,opponent,,,loss,1,reveal Duke
Duke,Assassin,8,6,ACTION,,,,,win,2,Coup
Duke,Assassin,8,6,ACTION_CHALLENGE,Assassinate,opponent,,,loss,3,pass
Duke,Assassin,8,6,BLOCK,Assassinate,opponent,,,loss,2,pass
Duke,Assassin,8,6,BLOCK,Foreign Aid,opponent,,,win,3,pass
Duke,Assassin,8,6,LOSE_INFLUENCE,Assassinate,opponent,,,loss,1,reveal Duke
Duke,Assassin,8,7,ACTION,,,,,win,2,Coup
Duke,Assassin,8,7,BLOCK,Foreign Aid,opponent,,,win,3,pass
Duke,Assassin,8,8,ACTION,,,,,win,2,Coup
Duke,Assassin,8,8,BLOCK,Foreign Aid,opponent,,,win,3,pass
Duke,Assassin,8,9,ACTION,,,,,win,2,Coup
Duke,Assassin,8,9,BLOCK,Foreign Aid,opponent,,,win,3,pass
Duke,Assassin,8,10,ACTION,,,,,win,2,Coup
Duke,Assassin,8,11,ACTION,,,,,win,2,Coup
Duke,Assassin,9,0,ACTION,,,,,win,2,Coup
Duke,Assassin,9,0,ACTION_CHALLENGE,Assassinate,opponent,,,loss,3,pass
Duke,Assassin,9,0,BLOCK,Assassinate,opponent,,,loss,2,pass
Duke,Assassin,9,0,BLOCK,Foreign Aid,opponent,,,win,3,pass
Duke,Assassin,9,0,LOSE_INFLUENCE,Assassinate,opponent,,,loss,1,reveal Duke
Duke,Assassin,9,0,LOSE_INFLUENCE,Coup,opponent,,,loss,1,reveal Duke
Duke,Assassin,9,1,ACTION,,,,,win,2,Coup
Duke,Assassin,9,1,ACTION_CHALLENGE,Assassinate,opponent,,,loss,3,pass
Duke,Assassin,9,1,BLOCK,Assassinate,opponent,,,loss,2,pass
Duke,Assassin,9,1,BLOCK,Foreign Aid,opponent,,,win,3,pass
Duke,Assassin,9,1,LOSE_INFLUENCE,Assassinate,opponent,,,loss,1,reveal Duke
Duke,Assassin,9,1,LOSE_INFLUENCE,Coup,opponent,,,loss,1,reveal Duke
Duke,Assassin,9,2,ACTION,,,,,win,2,Coup
Duke,Assassin,9,2,ACTION_CHALLENGE,Assassinate,opponent,,,loss,3,pass
Duke,Assassin,9,2,BLOCK,Assassinate,opponent,,,loss,2,pass
Duke,Assassin,9,2,BLOCK,Foreign Aid,opponent,,,win,3,pass
Duke,Assassin,9,2,LOSE_INFLUENCE,Assassinate,opponent,,,loss,1,reveal Duke
Duke,Assassin,9,2,LOSE_INFLUENCE,Coup,opponent,,,loss,1,reveal Duke
Duke,Assassin,9,3,ACTION,,,,,win,2,Coup
Duke,Assassin,9,3,ACTION_CHALLENGE,Assassinate,opponent,,,loss,3,pass
Duke,Assassin,9,3,BLOCK,Assassinate,opponent,,,loss,2,pass
Duke,Assassin,9,3,BLOCK,Foreign Aid,opponent,,,win,3,pass
Duke,Assassin,9,3,LOSE_INFLUENCE,Assassinate,opponent,,,loss,1,reveal Duke
Duke,Assassin,9,3,LOSE_INFLUENCE,Coup,opponent,,,loss,1,reveal Duke
Duke,Assassin,9,4,ACTION,,,,,win,2,Coup
Duke,Assassin,9,4,ACTION_CHALLENGE,Assassinate,opponent,,,loss,3,pass
Duke,Assassin,9,4,BLOCK,Assassinate,opponent,,,loss,2,pass
Duke,Assassin,9,4,BLOCK,Foreign Aid,opponent,,,win,3,pass
Duke,Assassin,9,4,LOSE_INFLUENCE,Assassinate,opponent,,,loss,1,reveal Duke
Duke,Assassin,9,4,LOSE_INFLUENCE,Coup,opponent,,,loss,1,reveal Duke
Duke,Assassin,9,5,ACTION,,,,,win,2,Coup
Duke,Assassin,9,5,ACTION_CHALLENGE,Assassinate,opponent,,,loss,3,pass
Duke,Assassin,9,5,BLOCK,Assassinate,opponent,,,loss,2,pass
Duke,Assassin,9,5,BLOCK,Foreign Aid,opponent,,,win,3,pass
Duke,Assassin,9,5,LOSE_INFLUENCE,Assassinate,opponent,,,loss,1,reveal Duke
Duke,Assassin,9,6,ACTION,,,,,win,2,Coup
Duke,Assassin,9,6,ACTION_CHALLENGE,Assassinate,opponent,,,loss,3,pass
Duke,Assassin,9,6,BLOCK,Assassinate,opponent,,,loss,2,pass
Duke,Assassin,9,6,BLOCK,Foreign Aid,opponent,,,win,3,pass
Duke,Assassin,9,6,LOSE_INFLUENCE,Assassinate,opponent,,,loss,1,reveal Duke
Duke,Assassin,9,7,ACTION,,,,,win,2,Coup
Duke,Assassin,9,7,BLOCK,Foreign Aid,opponent,,,win,3,pass
Duke,Assassin,9,8,ACTION,,,,,win,2,Coup
Duke,Assassin,9,8,BLOCK,Foreign Aid,opponent,,,win,3,pass
Duke,Assassin,9,9,ACTION,,,,,win,2,Coup
Duke,Assassin,9,9,BLOCK,Foreign Aid,opponent,,,win,3,pass
Duke,Assassin,9,10,ACTION,,,,,win,2,Coup
Duke,Assassin,9,11,ACTION,,,,,win,2,Coup
Duke,Assassin,10,0,ACTION,,,,,win,2,Coup
Duke,Assassin,10,0,ACTION_CHALLENGE,Assassinate,opponent,,,loss,3,pass
Duke,Assassin,10,0,BLOCK,Assassinate,opponent,,,loss,2,pass
Duke,Assassin,10,0,BLOCK,Foreign Aid,opponent,,,win,3,pass
Duke,Assassin,10,0,LOSE_INFLUENCE,Assassinate,opponent,,,loss,1,reveal Duke
Duke,Assassin,10,0,LOSE_INFLUENCE,Coup,opponent,,,loss,1,reveal Duke
Duke,Assassin,10,1,ACTION,,,,,win,2,Coup
Duke,Assassin,10,1,ACTION_CHALLENGE,Assassinate,opponent,,,loss,3,pass
Duke,Assassin,10,1,BLOCK,Assassinate,opponent,,,loss,2,pass
Duke,Assassin,10,1,BLOCK,Foreign Aid,opponent,,,win,3,pass
Duke,Assassin,10,1,LOSE_INFLUENCE,Assassinate,opponent,,,loss,1,reveal Duke
Duke,Assassin,10,1,LOSE_INFLUENCE,Coup,opponent,,,loss,1,reveal Duke
Duke,Assassin,10,2,ACTION,,,,,win,2,Coup
Duke,Assassin,10,2,ACTION_CHALLENGE,Assassinate,opponent,,,loss,3,pass
Duke,Assassin,10,2,BLOCK,Assassinate,opponent,,,loss,2,pass
Duke,Assassin,10,2,BLOCK,Foreign Aid,opponent,,,win,3,pass
Duke,Assassin,10,2,LOSE_INFLUENCE,Assassinate,opponent,,,loss,1,reveal Duke
Duke,Assassin,10,2,LOSE_INFLUENCE,Coup,opponent,,,loss,1,reveal Duke
Duke,Assassin,10,3,ACTION,,,,,win,2,Coup
Duke,Assassin,10,3,ACTION_CHALLENGE,Assassinate,opponent,,,loss,3,pass
Duke,Assassin,10,3,BLOCK,Assassinate,opponent,,,loss,2,pass
Duke,Assassin,10,3,BLOCK,Foreign Aid,opponent,,,win,3,pass
Duke,Assassin,10,3,LOSE_INFLUENCE,Assassinate,opponent,,,loss,1,reveal Duke
Duke,Assassin,10,3,LOSE_INFLUENCE,Coup,opponent,,,loss,1,reveal Duke
Duke,Assassin,10,4,ACTION,,,,,win,2,Coup
Duke,Assassin,10,4,ACTION_CHALLENGE,Assassinate,opponent,,,loss,3,pass
Duke,Assassin,10,4,BLOCK,Assassinate,opponent,,,loss,2,pass
Duke,Assassin,10,4,BLOCK,Foreign Aid,opponent,,,win,3,pass
Duke,Assassin,10,4,LOSE_INFLUENCE,Assassinate,opponent,,,loss,1,reveal Duke
Duke,Assassin,10,4,LOSE_INFLUENCE,Coup,opponent,,,loss,1,reveal Duke
Duke,Assassin,10,5,ACTION,,,,,win,2,Coup
Duke,Assassin,10,5,ACTION_CHALLENGE,Assassinate,opponent,,,loss,3,pass
Duke,Assassin,10,5,BLOCK,Assassinate,opponent,,,loss,2,pass
Duke,Assassin,10,5,BLOCK,Foreign Aid,opponent,,,win,3,pass
Duke,Assassin,10,5,LOSE_INFLUENCE,Assassinate,opponent,,,loss,1,reveal Duke
Duke,Assassin,10,6,ACTION,,,,,win,2,Coup
Duke,Assassin,10,6,ACTION_CHALLENGE,Assassinate,opponent,,,loss,3,pass
Duke,Assassin,10,6,BLOCK,Assassinate,opponent,,,loss,2,pass
Duke,Assassin,10,6,BLOCK,Foreign Aid,opponent,,,win,3,pass
Duke,Assassin,10,6,LOSE_INFLUENCE,Assassinate,opponent,,,loss,1,reveal Duke
Duke,Assassin,10,7,ACTION,,,,,win,2,Coup
Duke,Assassin,10,7,BLOCK,Foreign Aid,opponent,,,win,3,pass
Duke,Assassin,10,8,ACTION,,,,,win,2,Coup
Duke,Assassin,10,8,BLOCK,Foreign Aid,opponent,,,win,3,pass
Duke,Assassin,10,9,ACTION,,,,,win,2,Coup
Duke,Assassin,10,9,BLOCK,Foreign Aid,opponent,,,win,3,pass
Duke,Assassin,10,10,ACTION,,,,,win,2,Coup
Duke,Assassin,10,11,ACTION,,,,,win,2,Coup
Duke,Assassin,11,0,ACTION,,,,,win,2,Coup
Duke,Assassin,11,0,ACTION_CHALLENGE,Assassinate,opponent,,,loss,3,pass
Duke,Assassin,11,0,BLOCK,Assassinate,opponent,,,loss,2,pass
Duke,Assassin,11,0,BLOCK,Foreign Aid,opponent,,,win,3,pass
Duke,Assassin,11,0,LOSE_INFLUENCE,Assassinate,opponent,,,loss,1,reveal Duke
Duke,Assassin,11,0,LOSE_INFLUENCE,Coup,opponent,,,loss,1,reveal Duke
Duke,Assassin,11,1,ACTION,,,,,win,2,Coup
Duke,Assassin,11,1,ACTION_CHALLENGE,Assassinate,opponent,,,loss,3,pass
Duke,Assassin,11,1,BLOCK,Assassinate,opponent,,,loss,2,pass
Duke,Assassin,11,1,BLOCK,Foreign Aid,opponent,,,win,3,pass
Duke,Assassin,11,1,LOSE_INFLUENCE,Assassinate,opponent,,,loss,1,reveal Duke
Duke,Assassin,11,1,LOSE_INFLUENCE,Coup,opponent,,,loss,1,reveal Duke
Duke,Assassin,11,2,ACTION,,,,,win,2,Coup
Duke,Assassin,11,2,ACTION_CHALLENGE,Assassinate,opponent,,,loss,3,pass
Duke,Assassin,11,2,BLOCK,Assassinate,opponent,,,loss,2,pass
Duke,Assassin,11,2,BLOCK,Foreign Aid,opponent,,,win,3,pass
Duke,Assassin,11,2,LOSE_INFLUENCE,Assassinate,opponent,,,loss,1,reveal Duke
Duke,Assassin,11,2,LOSE_INFLUENCE,Coup,opponent,,,loss,1,reveal Duke
Duke,Assassin,11,3,ACTION,,,,,win,2,Coup
Duke,Assassin,11,3,ACTION_CHALLENGE,Assassinate,opponent,,,loss,3,pass
Duke,Assassin,11,3,BLOCK,Assassinate,opponent,,,loss,2,pass
Duke,Assassin,11,3,BLOCK,Foreign Aid,opponent,,,win,3,pass
Duke,Assassin,11,3,LOSE_INFLUENCE,Assassinate,opponent,,,loss,1,reveal Duke
Duke,Assassin,11,3,LOSE_INFLUENCE,Coup,opponent,,,loss,1,reveal Duke
Duke,Assassin,11,4,ACTION,,,,,win,2,Coup
Duke,Assassin,11,4,ACTION_CHALLENGE,Assassinate,opponent,,,loss,3,pass
Duke,Assassin,11,4,BLOCK,Assassinate,opponent,,,loss,2,pass
Duke,Assassin,11,4,BLOCK,Foreign Aid,opponent,,,win,3,pass
Duke,Assassin,11,4,LOSE_INFLUENCE,Assassinate,opponent,,,loss,1,reveal Duke
Duke,Assassin,11,4,LOSE_INFLUENCE,Coup,opponent,,,loss,1,reveal Duke
Duke,Assassin,11,5,ACTION,,,,,win,2,Coup
Duke,Assassin,11,5,ACTION_CHALLENGE,Assassinate,opponent,,,loss,3,pass
Duke,Assassin,11,5,BLOCK,Assassinate,opponent,,,loss,2,pass
Duke,Assassin,11,5,BLOCK,Foreign Aid,opponent,,,win,3,pass
Duke,Assassin,11,5,LOSE_INFLUENCE,Assassinate,opponent,,,loss,1,reveal Duke
Duke,Assassin,11,6,ACTION,,,,,win,2,Coup
Duke,Assassin,11,6,ACTION_CHALLENGE,Assassinate,opponent,,,loss,3,pass
Duke,Assassin,11,6,BLOCK,Assassinate,opponent,,,loss,2,pass
Duke,Assassin,11,6,BLOCK,Foreign Aid,opponent,,,win,3,pass
Duke,Assassin,11,6,LOSE_INFLUENCE,Assassinate,opponent,,,loss,1,reveal Duke
Duke,Assassin,11,7,ACTION,,,,,win,2,Coup
Duke,Assassin,11,7,BLOCK,Foreign Aid,opponent,,,win,3,pass
Duke,Assassin,11,8,ACTION,,,,,win,2,Coup
Duke,Assassin,11,8,BLOCK,Foreign Aid,opponent,,,win,3,pass
Duke,Assassin,11,9,ACTION,,,,,win,2,Coup
Duke,Assassin,11,9,BLOCK,Foreign Aid,opponent,,,win,3,pass
Duke,Assassin,11,10,ACTION,,,,,win,2,Coup
Duke,Assassin,11,11,ACTION,,,,,win,2,Coup
Duke,Assassin,12,0,ACTION,,,,,win,2,Coup
Duke,Assassin,12,0,ACTION_CHALLENGE,Assassinate,opponent,,,loss,3,pass
Duke,Assassin,12,0,BLOCK,Assassinate,opponent,,,loss,2,pass
Duke,Assassin,12,0,BLOCK,Foreign Aid,opponent,,,win,3,pass
Duke,Assassin,12,0,LOSE_INFLUENCE,Assassinate,opponent,,,loss,1,reveal Duke
Duke,Assassin,12,0,LOSE_INFLUENCE,Coup,opponent,,,loss,1,reveal Duke
Duke,Assassin,12,1,ACTION,,,,,win,2,Coup
Duke,Assassin,12,1,ACTION_CHALLENGE,Assassinate,opponent,,,loss,3,pass
Duke,Assassin,12,1,BLOCK,Assassinate,opponent,,,loss,2,pass
Duke,Assassin,12,1,BLOCK,Foreign Aid,opponent,,,win,3,pass
Duke,Assassin,12,1,LOSE_INFLUENCE,Assassinate,opponent,,,loss,1,reveal Duke
Duke,Assassin,12,1,LOSE_INFLUENCE,Coup,opponent,,,loss,1,reveal Duke
Duke,Assassin,12,2,ACTION,,,,,win,2,Coup
Duke,Assassin,12,2,ACTION_CHALLENGE,Assassinate,opponent,,,loss,3,pass
Duke,Assassin,12,2,BLOCK,Assassinate,opponent,,,loss,2,pass
Duke,Assassin,12,2,BLOCK,Foreign Aid,opponent,,,win,3,pass
Duke,Assassin,12,2,LOSE_INFLUENCE,Assassinate,opponent,,,loss,1,reveal Duke
Duke,Assassin,12,2,LOSE_INFLUENCE,Coup,opponent,,,loss,1,reveal Duke
Duke,Assassin,12,3,ACTION,,,,,win,2,Coup
Duke,Assassin,12,3,ACTION_CHALLENGE,Assassinate,opponent,,,loss,3,pass
Duke,Assassin,12,3,BLOCK,Assassinate,opponent,,,loss,2,pass
Duke,Assassin,12,3,BLOCK,Foreign Aid,opponent,,,win,3,pass
Duke,Assassin,12,3,LOSE_INFLUENCE,Assassinate,opponent,,,loss,1,reveal Duke
Duke,Assassin,12,3,LOSE_INFLUENCE,Coup,opponent,,,loss,1,reveal Duke
Duke,Assassin,12,4,ACTION,,,,,win,2,Coup
Duke,Assassin,12,4,ACTION_CHALLENGE,Assassinate,opponent,,,loss,3,pass
Duke,Assassin,12,4,BLOCK,Assassinate,opponent,,,loss,2,pass
Duke,Assassin,12,4,BLOCK,Foreign Aid,opponent,,,win,3,pass
Duke,Assassin,12,4,LOSE_INFLUENCE,Assassinate,opponent,,,loss,1,reveal Duke
Duke,Assassin,12,4,LOSE_INFLUENCE,Coup,opponent,,,loss,1,reveal Duke
Duke,Assassin,12,5,ACTION,,,,,win,2,Coup
Duke,Assassin,12,5,ACTION_CHALLENGE,Assassinate,opponent,,,loss,3,pass
Duke,Assassin,12,5,BLOCK,Assassinate,opponent,,,loss,2,pass
Duke,Assassin,12,5,BLOCK,Foreign Aid,opponent,,,win,3,pass
Duke,Assassin,12,5,LOSE_INFLUENCE,Assassinate,opponent,,,loss,1,reveal Duke
Duke,Assassin,12,6,ACTION,,,,,win,2,Coup
Duke,Assassin,12,6,ACTION_CHALLENGE,Assassinate,opponent,,,loss,3,pass
Duke,Assassin,12,6,BLOCK,Assassinate,opponent,,,loss,2,pass
Duke,Assassin,12,6,BLOCK,Foreign Aid,opponent,,,win,3,pass
Duke,Assassin,12,6,LOSE_INFLUENCE,Assassinate,opponent,,,loss,1,reveal Duke
Duke,Assassin,12,7,ACTION,,,,,win,2,Coup
Duke,Assassin,12,7,BLOCK,Foreign Aid,opponent,,,win,3,pass
Duke,Assassin,12,8,ACTION,,,,,win,2,Coup
Duke,Assassin,12,8,BLOCK,Foreign Aid,opponent,,,win,3,pass
Duke,Assassin,12,9,ACTION,,,,,win,2,Coup
Duke,Assassin,12,9,BLOCK,Foreign Aid,opponent,,,win,3,pass
Duke,Assassin,12,10,ACTION,,,,,win,2,Coup
Duke,Assassin,12,11,ACTION,,,,,win,2,Coup
Duke,Captain,0,0,ACTION,,,,,loss,22,Foreign Aid|Tax
Duke,Captain,0,0,BLOCK,Foreign Aid,opponent,,,loss,24,block Duke
Duke,Captain,0,1,ACTION,,,,,loss,19,Income|Foreign Aid|Tax
Duke,Captain,0,2,ACTION,,,,,loss,17,Foreign Aid|Tax
Duke,Captain,0,3,ACTION,,,,,loss,14,Income|Foreign Aid|Tax
Duke,Captain,0,4,ACTION,,,,,loss,12,Foreign Aid|Tax
Duke,Captain,0,5,ACTION,,,,,loss,9,Income|Foreign Aid|Tax
Duke,Captain,0,6,ACTION,,,,,loss,7,Foreign Aid|Tax
Duke,Captain,0,7,ACTION,,,,,loss,4,Foreign Aid|Tax
Duke,Captain,0,8,ACTION,,,,,loss,4,Foreign Aid|Tax
Duke,Captain,0,9,ACTION,,,,,loss,4,Foreign Aid|Tax
Duke,Captain,0,10,ACTION,,,,,loss,4,Foreign Aid|Tax
Duke,Captain,0,11,ACTION,,,,,loss,4,Foreign Aid|Tax
Duke,Captain,1,0,ACTION,,,,,loss,24,Tax
Duke,Captain,1,0,ACTION_CHALLENGE,Steal,opponent,,,loss,21,pass
Duke,Captain,1,0,BLOCK,Foreign Aid,opponent,,,loss,26,block Duke
Duke,Captain,1,0,BLOCK,Steal,opponent,,,loss,20,pass
Duke,Captain,1,0,LOSE_INFLUENCE,Coup,opponent,,,loss,1,reveal Duke
Duke,Captain,1,1,ACTION,,,,,loss,19,Foreign Aid|Tax
Duke,Captain,1,1,ACTION_CHALLENGE,Steal,opponent,,,loss,19,pass
Duke,Captain,1,1,BLOCK,Foreign Aid,opponent,,,loss,21,block Duke
Duke,Captain,1,1,BLOCK,Steal,opponent,,,loss,18,pass
Duke,Captain,1,1,LOSE_INFLUENCE,Coup,opponent,,,loss,1,reveal Duke
Duke,Captain,1,2,ACTION,,,,,loss,17,Foreign Aid|Tax
Duke,Captain,1,2,ACTION_CHALLENGE,Steal,opponent,,,loss,16,pass
Duke,Captain,1,2,BLOCK,Foreign Aid,opponent,,,loss,19,block Duke
Duke,Captain,1,2,BLOCK,Steal,opponent,,,loss,15,pass
Duke,Captain,1,2,LOSE_INFLUENCE,Coup,opponent,,,loss,1,reveal Duke
Duke,Captain,1,3,ACTION,,,,,loss,14,Foreign Aid|Tax
Duke,Captain,1,3,ACTION_CHALLENGE,Steal,opponent,,,loss,14,pass
Duke,Captain,1,3,BLOCK,Foreign Aid,opponent,,,loss,16,block Duke
Duke,Captain,1,3,BLOCK,Steal,opponent,,,loss,13,pass
Duke,Captain,1,3,LOSE_INFLUENCE,Coup,opponent,,,loss,1,reveal Duke
Duke,Captain,1,4,ACTION,,,,,loss,12,Foreign Aid|Tax
Duke,Captain,1,4,ACTION_CHALLENGE,Steal,opponent,,,loss,11,pass
Duke,Captain,1,4,BLOCK,Foreign Aid,opponent,,,loss,14,block Duke
Duke,Captain,1,4,BLOCK,Steal,opponent,,,loss,10,pass
Duke,Captain,1,4,LOSE_INFLUENCE,Coup,opponent,,,loss,1,reveal Duke
Duke,Captain,1,5,ACTION,,,,,loss,9,Foreign Aid|Tax
Duke,Captain,1,5,ACTION_CHALLENGE,Steal,opponent,,,loss,9,pass
Duke,Captain,1,5,BLOCK,Foreign Aid,opponent,,,loss,11,block Duke
Duke,Captain,1,5,BLOCK,Steal,opponent,,,loss,8,pass
Duke,Captain,1,6,ACTION,,,,,loss,7,Foreign Aid|Tax
Duke,Captain,1,6,ACTION_CHALLENGE,Steal,opponent,,,loss,6,pass
Duke,Captain,1,6,BLOCK,Foreign Aid,opponent,,,loss,9,block Duke
Duke,Captain,1,6,BLOCK,Steal,opponent,,,loss,5,pass
Duke,Captain,1,7,ACTION,,,,,loss,4,Foreign Aid|Tax
Duke,Captain,1,7,ACTION_CHALLENGE,Steal,opponent,,,loss,6,pass
Duke,Captain,1,7,BLOCK,Foreign Aid,opponent,,,loss,6,block Duke
Duke,Captain,1,7,BLOCK,Steal,opponent,,,loss,5,pass
Duke,Captain,1,8,ACTION,,,,,loss,4,Foreign Aid|Tax
Duke,Captain,1,8,ACTION_CHALLENGE,Steal,opponent,,,loss,6,pass
Duke,Captain,1,8,BLOCK,Foreign Aid,opponent,,,loss,6,block Duke
Duke,Captain,1,8,BLOCK,Steal,opponent,,,loss,5,pass
Duke,Captain,1,9,ACTION,,,,,loss,4,Foreign Aid|Tax
Duke,Captain,1,9,ACTION_CHALLENGE,Steal,opponent,,,loss,6,pass
Duke,Captain,1,9,BLOCK,Foreign Aid,opponent,,,loss,6,block Duke
Duke,Captain,1,9,BLOCK,Steal,opponent,,,loss,5,pass
Duke,Captain,1,10,ACTION,,,,,loss,4,Foreign Aid|Tax
Duke,Captain,1,11,ACTION,,,,,loss,4,Foreign Aid|Tax
Duke,Captain,2,0,ACTION,,,,,loss,24,Foreign Aid|Tax
Duke,Captain,2,0,ACTION_CHALLENGE,Steal,opponent,,,loss,19,pass
Duke,Captain,2,0,BLOCK,Foreign Aid,opponent,,,loss,26,block Duke
Duke,Captain,2,0,BLOCK,Steal,opponent,,,loss,18,pass
Duke,Captain,2,0,LOSE_INFLUENCE,Coup,opponent,,,loss,1,reveal Duke
Duke,Captain,2,1,ACTION,,,,,loss,19,Foreign Aid|Tax
Duke,Captain,2,1,ACTION_CHALLENGE,Steal,opponent,,,loss,16,pass
Duke,Captain,2,1,BLOCK,Foreign Aid,opponent,,,loss,21,block Duke
Duke,Captain,2,1,BLOCK,Steal,opponent,,,loss,15,pass
Duke,Captain,2,1,LOSE_INFLUENCE,Coup,opponent,,,loss,1,reveal Duke
Duke,Captain,2,2,ACTION,,,,,loss,19,Tax
Duke,Captain,2,2,ACTION_CHALLENGE,Steal,opponent,,,loss,14,pass
Duke,Captain,2,2,BLOCK,Foreign Aid,opponent,,,loss,21,block Duke
Duke,Captain,2,2,BLOCK,Steal,opponent,,,loss,13,pass
Duke,Captain,2,2,LOSE_INFLUENCE,Coup,opponent,,,loss,1,reveal Duke
Duke,Captain,2,3,ACTION,,,,,loss,14,Foreign Aid|Tax
Duke,Captain,2,3,ACTION_CHALLENGE,Steal,opponent,,,loss,11,pass
Duke,Captain,2,3,BLOCK,Foreign Aid,opponent,,,loss,16,block Duke
Duke,Captain,2,3,BLOCK,Steal,opponent,,,loss,10,pass
Duke,Captain,2,3,LOSE_INFLUENCE,Coup,opponent,,,loss,1,reveal Duke
Duke,Captain,2,4,ACTION,,,,,loss,12,Foreign Aid|Tax
Duke,Captain,2,4,ACTION_CHALLENGE,Steal,opponent,,,loss,9,pass
Duke,Captain,2,4,BLOCK,Foreign Aid,opponent,,,loss,14,block Duke
Duke,Captain,2,4,BLOCK,Steal,opponent,,,loss,8,pass
Duke,Captain,2,4,LOSE_INFLUENCE,Coup,opponent,,,loss,1,reveal Duke
Duke,Captain,2,5,ACTION,,,,,loss,9,Foreign Aid|Tax
Duke,Captain,2,5,ACTION_CHALLENGE,Steal,opponent,,,loss,6,pass
Duke,Captain,2,5,BLOCK,Foreign Aid,opponent,,,loss,11,block Duke
Duke,Captain,2,5,BLOCK,Steal,opponent,,,loss,5,pass
Duke,Captain,2,6,ACTION,,,,,loss,7,Foreign Aid|Tax
Duke,Captain,2,6,ACTION_CHALLENGE,Steal,opponent,,,loss,6,pass
Duke,Captain,2,6,BLOCK,Foreign Aid,opponent,,,loss,9,block Duke
Duke,Captain,2,6,BLOCK,Steal,opponent,,,loss,5,pass
Duke,Captain,2,7,ACTION,,,,,loss,4,Foreign Aid|Tax
Duke,Captain,2,7,ACTION_CHALLENGE,Steal,opponent,,,loss,6,pass
Duke,Captain,2,7,BLOCK,Foreign Aid,opponent,,,loss,6,block Duke
Duke,Captain,2,7,BLOCK,Steal,opponent,,,loss,5,pass
Duke,Captain,2,8,ACTION,,,,,loss,4,Foreign Aid|Tax
Duke,Captain,2,8,ACTION_CHALLENGE,Steal,opponent,,,loss,6,pass
Duke,Captain,2,8,BLOCK,Foreign Aid,opponent,,,loss,6,block Duke
Duke,Captain,2,8,BLOCK,Steal,opponent,,,loss,5,pass
Duke,Captain,2,9,ACTION,,,,,loss,4,Foreign Aid|Tax
Duke,Captain,2,9,ACTION_CHALLENGE,Steal,opponent,,,loss,6,pass
Duke,Captain,2,9,BLOCK,Foreign Aid,opponent,,,loss,6,block Duke
Duke,Captain,2,9,BLOCK,Steal,opponent,,,loss,5,pass
Duke,Captain,2,10,ACTION,,,,,loss,4,Foreign Aid|Tax
Duke,Captain,2,11,ACTION,,,,,loss,4,Foreign Aid|Tax
Duke,Captain,3,0,ACTION,,,,,win,22,Tax
Duke,Captain,3,0,ACTION_CHALLENGE,Steal,opponent,,,loss,19,pass
Duke,Captain,3,0,BLOCK,Foreign Aid,opponent,,,win,24,block Duke
Duke,Captain,3,0,BLOCK,Steal,opponent,,,loss,18,pass
Duke,Captain,3,0,LOSE_INFLUENCE,Coup,opponent,,,loss,1,reveal Duke
Duke,Captain,3,1,ACTION,,,,,loss,19,Foreign Aid|Tax
Duke,Captain,3,1,ACTION_CHALLENGE,Steal,opponent,,,loss,16,pass
Duke,Captain,3,1,BLOCK,Foreign Aid,opponent,,,loss,21,block Duke
Duke,Captain,3,1,BLOCK,Steal,opponent,,,loss,15,pass
Duke,Captain,3,1,LOSE_INFLUENCE,Coup,opponent,,,loss,1,reveal Duke
Duke,Captain,3,2,ACTION,,,,,loss,19,Foreign Aid|Tax
Duke,Captain,3,2,ACTION_CHALLENGE,Steal,opponent,,,loss,14,pass
Duke,Captain,3,2,BLOCK,Foreign Aid,opponent,,,loss,21,block Duke
Duke,Captain,3,2,BLOCK,Steal,opponent,,,loss,13,pass
Duke,Captain,3,2,LOSE_INFLUENCE,Coup,opponent,,,loss,1,reveal Duke
Duke,Captain,3,3,ACTION,,,,,loss,14,Foreign Aid|Tax
Duke,Captain,3,3,ACTION_CHALLENGE,Steal,opponent,,,loss,11,pass
Duke,Captain,3,3,BLOCK,Foreign Aid,opponent,,,loss,16,block Duke
Duke,Captain,3,3,BLOCK,Steal,opponent,,,loss,10,pass
Duke,Captain,3,3,LOSE_INFLUENCE,Coup,opponent,,,loss,1,reveal Duke
Duke,Captain,3,4,ACTION,,,,,loss,14,Tax
Duke,Captain,3,4,ACTION_CHALLENGE,Steal,opponent,,,loss,9,pass
Duke,Captain,3,4,BLOCK,Foreign Aid,opponent,,,loss,16,block Duke
Duke,Captain,3,4,BLOCK,Steal,opponent,,,loss,8,pass
Duke,Captain,3,4,LOSE_INFLUENCE,Coup,opponent,,,loss,1,reveal Duke
Duke,Captain,3,5,ACTION,,,,,loss,9,Foreign Aid|Tax
Duke,Captain,3,5,ACTION_CHALLENGE,Steal,opponent,,,loss,6,pass
Duke,Captain,3,5,BLOCK,Foreign Aid,opponent,,,loss,11,block Duke
Duke,Captain,3,5,BLOCK,Steal,opponent,,,loss,5,pass
Duke,Captain,3,6,ACTION,,,,,loss,7,Foreign Aid|Tax
Duke,Captain,3,6,ACTION_CHALLENGE,Steal,opponent,,,loss,6,pass
Duke,Captain,3,6,BLOCK,Foreign Aid,opponent,,,loss,9,block Duke
Duke,Captain,3,6,BLOCK,Steal,opponent,,,loss,5,pass
Duke,Captain,3,7,ACTION,,,,,loss,4,Foreign Aid|Tax
Duke,Captain,3,7,ACTION_CHALLENGE,Steal,opponent,,,loss,6,pass
Duke,Captain,3,7,BLOCK,Foreign Aid,opponent,,,loss,6,block Duke
Duke,Captain,3,7,BLOCK,Steal,opponent,,,loss,5,pass
Duke,Captain,3,8,ACTION,,,,,loss,4,Foreign Aid|Tax
Duke,Captain,3,8,ACTION_CHALLENGE,Steal,opponent,,,loss,6,pass
Duke,Captain,3,8,BLOCK,Foreign Aid,opponent,,,loss,6,block Duke
Duke,Captain,3,8,BLOCK,Steal,opponent,,,loss,5,pass
Duke,Captain,3,9,ACTION,,,,,loss,4,Foreign Aid|Tax
Duke,Captain,3,9,ACTION_CHALLENGE,Steal,opponent,,,loss,6,pass
Duke,Captain,3,9,BLOCK,Foreign Aid,opponent,,,loss,6,block Duke
Duke,Captain,3,9,BLOCK,Steal,opponent,,,loss,5,pass
Duke,Captain,3,10,ACTION,,,,,loss,4,Foreign Aid|Tax
Duke,Captain,3,11,ACTION,,,,,loss,4,Foreign Aid|Tax
Duke,Captain,4,0,ACTION,,,,,win,17,Tax
Duke,Captain,4,0,ACTION_CHALLENGE,Steal,opponent,,,loss,21,pass
Duke,Captain,4,0,BLOCK,Foreign Aid,opponent,,,win,18,pass
Duke,Captain,4,0,BLOCK,Steal,opponent,,,loss,20,pass
Duke,Captain,4,0,LOSE_INFLUENCE,Coup,opponent,,,loss,1,reveal Duke
Duke,Captain,4,1,ACTION,,,,,win,17,Tax
Duke,Captain,4,1,ACTION_CHALLENGE,Steal,opponent,,,loss,16,pass
Duke,Captain,4,1,BLOCK,Foreign Aid,opponent,,,win,19,block Duke
Duke,Captain,4,1,BLOCK,Steal,opponent,,,loss,15,pass
Duke,Captain,4,1,LOSE_INFLUENCE,Coup,opponent,,,loss,1,reveal Duke
Duke,Captain,4,2,ACTION,,,,,win,17,Tax
Duke,Captain,4,2,ACTION_CHALLENGE,Steal,opponent,,,loss,14,pass
Duke,Captain,4,2,BLOCK,Foreign Aid,opponent,,,win,19,block Duke
Duke,Captain,4,2,BLOCK,Steal,opponent,,,loss,13,pass
Duke,Captain,4,2,LOSE_INFLUENCE,Coup,opponent,,,loss,1,reveal Duke
Duke,Captain,4,3,ACTION,,,,,loss,14,Foreign Aid|Tax
Duke,Captain,4,3,ACTION_CHALLENGE,Steal,opponent,,,loss,11,pass
Duke,Captain,4,3,BLOCK,Foreign Aid,opponent,,,loss,16,block Duke
Duke,Captain,4,3,BLOCK,Steal,opponent,,,loss,10,pass
Duke,Captain,4,3,LOSE_INFLUENCE,Coup,opponent,,,loss,1,reveal Duke
Duke,Captain,4,4,ACTION,,,,,loss,14,Foreign Aid|Tax
Duke,Captain,4,4,ACTION_CHALLENGE,Steal,opponent,,,loss,9,pass
Duke,Captain,4,4,BLOCK,Foreign Aid,opponent,,,loss,16,block Duke
Duke,Captain,4,4,BLOCK,Steal,opponent,,,loss,8,pass
Duke,Captain,4,4,LOSE_INFLUENCE,Coup,opponent,,,loss,1,reveal Duke
Duke,Captain,4,5,ACTION,,,,,loss,9,Foreign Aid|Tax
Duke,Captain,4,5,ACTION_CHALLENGE,Steal,opponent,,,loss,6,pass
Duke,Captain,4,5,BLOCK,Foreign Aid,opponent,,,loss,11,block Duke
Duke,Captain,4,5,BLOCK,Steal,opponent,,,loss,5,pass
Duke,Captain,4,6,ACTION,,,,,loss,9,Tax
Duke,Captain,4,6,ACTION_CHALLENGE,Steal,opponent,,,loss,6,pass
Duke,Captain,4,6,BLOCK,Foreign Aid,opponent,,,loss,11,block Duke
Duke,Captain,4,6,BLOCK,Steal,opponent,,,loss,5,pass
Duke,Captain,4,7,ACTION,,,,,loss,4,Foreign Aid|Tax
Duke,Captain,4,7,ACTION_CHALLENGE,Steal,opponent,,,loss,6,pass
Duke,Captain,4,7,BLOCK,Foreign Aid,opponent,,,loss,6,block Duke
Duke,Captain,4,7,BLOCK,Steal,opponent,,,loss,5,pass
Duke,Captain,4,8,ACTION,,,,,loss,4,Foreign Aid|Tax
Duke,Captain,4,8,ACTION_CHALLENGE,Steal,opponent,,,loss,6,pass
Duke,Captain,4,8,BLOCK,Foreign Aid,opponent,,,loss,6,block Duke
Duke,Captain,4,8,BLOCK,Steal,opponent,,,loss,5,pass
Duke,Captain,4,9,ACTION,,,,,loss,4,Foreign Aid|Tax
Duke,Captain,4,9,ACTION_CHALLENGE,Steal,opponent,,,loss,6,pass
Duke,Captain,4,9,BLOCK,Foreign Aid,opponent,,,loss,6,block Duke
Duke,Captain,4,9,BLOCK,Steal,opponent,,,loss,5,pass
Duke,Captain,4,10,ACTION,,,,,loss,4,Foreign Aid|Tax
Duke,Captain,4,11,ACTION,,,,,loss,4,Foreign Aid|Tax
Duke,Captain,5,0,ACTION,,,,,win,12,Tax
Duke,Captain,5,0,ACTION_CHALLENGE,Steal,opponent,,,loss,21,pass
Duke,Captain,5,0,BLOCK,Foreign Aid,opponent,,,win,13,pass
Duke,Captain,5,0,BLOCK,Steal,opponent,,,loss,20,pass
Duke,Captain,5,0,LOSE_INFLUENCE,Coup,opponent,,,loss,1,reveal Duke
Duke,Captain,5,1,ACTION,,,,,win,12,Tax
Duke,Captain,5,1,ACTION_CHALLENGE,Steal,opponent,,,loss,16,pass
Duke,Captain,5,1,BLOCK,Foreign Aid,opponent,,,win,13,pass
Duke,Captain,5,1,BLOCK,Steal,opponent,,,loss,15,pass
Duke,Captain,5,1,LOSE_INFLUENCE,Coup,opponent,,,loss,1,reveal Duke
Duke,Captain,5,2,ACTION,,,,,win,12,Tax
Duke,Captain,5,2,ACTION_CHALLENGE,Steal,opponent,,,loss,16,pass
Duke,Captain,5,2,BLOCK,Foreign Aid,opponent,,,win,13,pass
Duke,Captain,5,2,BLOCK,Steal,opponent,,,loss,15,pass
Duke,Captain,5,2,LOSE_INFLUENCE,Coup,opponent,,,loss,1,reveal Duke
Duke,Captain,5,3,ACTION,,,,,win,12,Tax
Duke,Captain,5,3,ACTION_CHALLENGE,Steal,opponent,,,loss,11,pass
Duke,Captain,5,3,BLOCK,Foreign Aid,opponent,,,win,14,block Duke
Duke,Captain,5,3,BLOCK,Steal,opponent,,,loss,10,pass
Duke,Captain,5,3,LOSE_INFLUENCE,Coup,opponent,,,loss,1,reveal Duke
Duke,Captain,5,4,ACTION,,,,,win,12,Tax
Duke,Captain,5,4,ACTION_CHALLENGE,Steal,opponent,,,loss,9,pass
Duke,Captain,5,4,BLOCK,Foreign Aid,opponent,,,win,14,block Duke
Duke,Captain,5,4,BLOCK,Steal,opponent,,,loss,8,pass
Duke,Captain,5,4,LOSE_INFLUENCE,Coup,opponent,,,loss,1,reveal Duke
Duke,Captain,5,5,ACTION,,,,,loss,9,Foreign Aid|Tax
Duke,Captain,5,5,ACTION_CHALLENGE,Steal,opponent,,,loss,6,pass
Duke,Captain,5,5,BLOCK,Foreign Aid,opponent,,,loss,11,block Duke
Duke,Captain,5,5,BLOCK,Steal,opponent,,,loss,5,pass
Duke,Captain,5,6,ACTION,,,,,loss,9,Foreign Aid|Tax
Duke,Captain,5,6,ACTION_CHALLENGE,Steal,opponent,,,loss,6,pass
Duke,Captain,5,6,BLOCK,Foreign Aid,opponent,,,loss,11,block Duke
Duke,Captain,5,6,BLOCK,Steal,opponent,,,loss,5,pass
Duke,Captain,5,7,ACTION,,,,,loss,4,Foreign Aid|Tax
Duke,Captain,5,7,ACTION_CHALLENGE,Steal,opponent,,,loss,6,pass
Duke,Captain,5,7,BLOCK,Foreign Aid,opponent,,,loss,6,block Duke
Duke,Captain,5,7,BLOCK,Steal,opponent,,,loss,5,pass
Duke,Captain,5,8,ACTION,,,,,loss,4,Foreign Aid|Tax
Duke,Captain,5,8,ACTION_CHALLENGE,Steal,opponent,,,loss,6,pass
Duke,Captain,5,8,BLOCK,Foreign Aid,opponent,,,loss,6,block Duke
Duke,Captain,5,8,BLOCK,Steal,opponent,,,loss,5,pass
Duke,Captain,5,9,ACTION,,,,,loss,4,Foreign Aid|Tax
Duke,Captain,5,9,ACTION_CHALLENGE,Steal,opponent,,,loss,6,pass
Duke,Captain,5,9,BLOCK,Foreign Aid,opponent,,,loss,6,block Duke
Duke,Captain,5,9,BLOCK,Steal,opponent,,,loss,5,pass
Duke,Captain,5,10,ACTION,,,,,loss,4,Foreign Aid|Tax
Duke,Captain,5,11,ACTION,,,,,loss,4,Foreign Aid|Tax
Duke,Captain,6,0,ACTION,,,,,win,7,Tax
Duke,Captain,6,0,ACTION_CHALLENGE,Steal,opponent,,,win,19,pass
Duke,Captain,6,0,BLOCK,Foreign Aid,opponent,,,win,8,pass
Duke,Captain,6,0,BLOCK,Steal,opponent,,,win,18,pass
Duke,Captain,6,0,LOSE_INFLUENCE,Coup,opponent,,,loss,1,reveal Duke
Duke,Captain,6,1,ACTION,,,,,win,7,Tax
Duke,Captain,6,1,ACTION_CHALLENGE,Steal,opponent,,,loss,16,pass
Duke,Captain,6,1,BLOCK,Foreign Aid,opponent,,,win,8,pass
Duke,Captain,6,1,BLOCK,Steal,opponent,,,loss,15,pass
Duke,Captain,6,1,LOSE_INFLUENCE,Coup,opponent,,,loss,1,reveal Duke
Duke,Captain,6,2,ACTION,,,,,win,7,Tax
Duke,Captain,6,2,ACTION_CHALLENGE,Steal,opponent,,,loss,16,pass
Duke,Captain,6,2,BLOCK,Foreign Aid,opponent,,,win,8,pass
Duke,Captain,6,2,BLOCK,Steal,opponent,,,loss,15,pass
Duke,Captain,6,2,LOSE_INFLUENCE,Coup,opponent,,,loss,1,reveal Duke
Duke,Captain,6,3,ACTION,,,,,win,7,Tax
Duke,Captain,6,3,ACTION_CHALLENGE,Steal,opponent,,,loss,11,pass
Duke,Captain,6,3,BLOCK,Foreign Aid,opponent,,,win,8,pass
Duke,Captain,6,3,BLOCK,Steal,opponent,,,loss,10,pass
Duke,Captain,6,3,LOSE_INFLUENCE,Coup,opponent,,,loss,1,reveal Duke
Duke,Captain,6,4,ACTION,,,,,win,7,Tax
Duke,Captain,6,4,ACTION_CHALLENGE,Steal,opponent,,,loss,11,pass
Duke,Captain,6,4,BLOCK,Foreign Aid,opponent,,,win,8,pass
Duke,Captain,6,4,BLOCK,Steal,opponent,,,loss,10,pass
Duke,Captain,6,4,LOSE_INFLUENCE,Coup,opponent,,,loss,1,reveal Duke
Duke,Captain,6,5,ACTION,,,,,win,7,Tax
Duke,Captain,6,5,ACTION_CHALLENGE,Steal,opponent,,,loss,6,pass
Duke,Captain,6,5,BLOCK,Foreign Aid,opponent,,,win,9,block Duke
Duke,Captain,6,5,BLOCK,Steal,opponent,,,loss,5,pass
Duke,Captain,6,6,ACTION,,,,,win,7,Tax
Duke,Captain,6,6,ACTION_CHALLENGE,Steal,opponent,,,loss,6,pass
Duke,Captain,6,6,BLOCK,Foreign Aid,opponent,,,win,9,block Duke
Duke,Captain,6,6,BLOCK,Steal,opponent,,,loss,5,pass
Duke,Captain,6,7,ACTION,,,,,loss,4,Foreign Aid|Tax
Duke,Captain,6,7,ACTION_CHALLENGE,Steal,opponent,,,loss,6,pass
Duke,Captain,6,7,BLOCK,Foreign Aid,opponent,,,loss,6,block Duke
Duke,Captain,6,7,BLOCK,Steal,opponent,,,loss,5,pass
Duke,Captain,6,8,ACTION,,,,,loss,4,Foreign Aid|Tax
Duke,Captain,6,8,ACTION_CHALLENGE,Steal,opponent,,,loss,6,pass
Duke,Captain,6,8,BLOCK,Foreign Aid,opponent,,,loss,6,block Duke
Duke,Captain,6,8,BLOCK,Steal,opponent,,,loss,5,pass
Duke,Captain,6,9,ACTION,,,,,loss,4,Foreign Aid|Tax
Duke,Captain,6,9,ACTION_CHALLENGE,Steal,opponent,,,loss,6,pass
Duke,Captain,6,9,BLOCK,Foreign Aid,opponent,,,loss,6,block Duke
Duke,Captain,6,9,BLOCK,Steal,opponent,,,loss,5,pass
Duke,Captain,6,10,ACTION,,,,,loss,4,Foreign Aid|Tax
Duke,Captain,6,11,ACTION,,,,,loss,4,Foreign Aid|Tax
Duke,Captain,7,0,ACTION,,,,,win,2,Coup
Duke,Captain,7,0,ACTION_CHALLENGE,Steal,opponent,,,win,14,pass
Duke,Captain,7,0,BLOCK,Foreign Aid,opponent,,,win,3,pass
Duke,Captain,7,0,BLOCK,Steal,opponent,,,win,13,pass
Duke,Captain,7,0,LOSE_INFLUENCE,Coup,opponent,,,loss,1,reveal Duke
Duke,Captain,7,1,ACTION,,,,,win,2,Coup
Duke,Captain,7,1,ACTION_CHALLENGE,Steal,opponent,,,win,14,pass
Duke,Captain,7,1,BLOCK,Foreign Aid,opponent,,,win,3,pass
Duke,Captain,7,1,BLOCK,Steal,opponent,,,win,13,pass
Duke,Captain,7,1,LOSE_INFLUENCE,Coup,opponent,,,loss,1,reveal Duke
Duke,Captain,7,2,ACTION,,,,,win,2,Coup
Duke,Captain,7,2,ACTION_CHALLENGE,Steal,opponent,,,win,14,pass
Duke,Captain,7,2,BLOCK,Foreign Aid,opponent,,,win,3,pass
Duke,Captain,7,2,BLOCK,Steal,opponent,,,win,13,pass
Duke,Captain,7,2,LOSE_INFLUENCE,Coup,opponent,,,loss,1,reveal Duke
Duke,Captain,7,3,ACTION,,,,,win,2,Coup
Duke,Captain,7,3,ACTION_CHALLENGE,Steal,opponent,,,loss,11,pass
Duke,Captain,7,3,BLOCK,Foreign Aid,opponent,,,win,3,pass
Duke,Captain,7,3,BLOCK,Steal,opponent,,,loss,10,pass
Duke,Captain,7,3,LOSE_INFLUENCE,Coup,opponent,,,loss,1,reveal Duke
Duke,Captain,7,4,ACTION,,,,,win,2,Coup
Duke,Captain,7,4,ACTION_CHALLENGE,Steal,opponent,,,loss,11,pass
Duke,Captain,7,4,BLOCK,Foreign Aid,opponent,,,win,3,pass
Duke,Captain,7,4,BLOCK,Steal,opponent,,,loss,10,pass
Duke,Captain,7,4,LOSE_INFLUENCE,Coup,opponent,,,loss,1,reveal Duke
Duke,Captain,7,5,ACTION,,,,,win,2,Coup
Duke,Captain,7,5,ACTION_CHALLENGE,Steal,opponent,,,loss,6,pass
Duke,Captain,7,5,BLOCK,Foreign Aid,opponent,,,win,3,pass
Duke,Captain,7,5,BLOCK,Steal,opponent,,,loss,5,pass
Duke,Captain,7,6,ACTION,,,,,win,2,Coup
Duke,Captain,7,6,ACTION_CHALLENGE,Steal,opponent,,,loss,6,pass
Duke,Captain,7,6,BLOCK,Foreign Aid,opponent,,,win,3,pass
Duke,Captain,7,6,BLOCK,Steal,opponent,,,loss,5,pass
Duke,Captain,7,7,ACTION,,,,,win,2,Coup
Duke,Captain,7,7,ACTION_CHALLENGE,Steal,opponent,,,loss,6,pass
Duke,Captain,7,7,BLOCK,Foreign Aid,opponent,,,win,3,pass
Duke,Captain,7,7,BLOCK,Steal,opponent,,,loss,5,pass
Duke,Captain,7,8,ACTION,,,,,win,2,Coup
Duke,Captain,7,8,ACTION_CHALLENGE,Steal,opponent,,,loss,6,pass
Duke,Captain,7,8,BLOCK,Foreign Aid,opponent,,,win,3,pass
Duke,Captain,7,8,BLOCK,Steal,opponent,,,loss,5,pass
Duke,Captain,7,9,ACTION,,,,,win,2,Coup
Duke,Captain,7,9,ACTION_CHALLENGE,Steal,opponent,,,loss,6,pass
Duke,Captain,7,9,BLOCK,Foreign Aid,opponent,,,win,3,pass
Duke,Captain,7,9,BLOCK,Steal,opponent,,,loss,5,pass
Duke,Captain,7,10,ACTION,,,,,win,2,Coup
Duke,Captain,7,11,ACTION,,,,,win,2,Coup
Duke,Captain,8,0,ACTION,,,,,win,2,Coup
Duke,Captain,8,0,ACTION_CHALLENGE,Steal,opponent,,,win,9,pass
Duke,Captain,8,0,BLOCK,Foreign Aid,opponent,,,win,3,pass
Duke,Captain,8,0,BLOCK,Steal,opponent,,,win,8,pass
Duke,Captain,8,0,LOSE_INFLUENCE,Coup,opponent,,,loss,1,reveal Duke
Duke,Captain,8,1,ACTION,,,,,win,2,Coup
Duke,Captain,8,1,ACTION_CHALLENGE,Steal,opponent,,,win,9,pass
Duke,Captain,8,1,BLOCK,Foreign Aid,opponent,,,win,3,pass
Duke,Captain,8,1,BLOCK,Steal,opponent,,,win,8,pass
Duke,Captain,8,1,LOSE_INFLUENCE,Coup,opponent,,,loss,1,reveal Duke
Duke,Captain,8,2,ACTION,,,,,win,2,Coup
Duke,Captain,8,2,ACTION_CHALLENGE,Steal,opponent,,,win,9,pass
Duke,Captain,8,2,BLOCK,Foreign Aid,opponent,,,win,3,pass
Duke,Captain,8,2,BLOCK,Steal,opponent,,,win,8,pass
Duke,Captain,8,2,LOSE_INFLUENCE,Coup,opponent,,,loss,1,reveal Duke
Duke,Captain,8,3,ACTION,,,,,win,2,Coup
Duke,Captain,8,3,ACTION_CHALLENGE,Steal,opponent,,,win,9,pass
Duke,Captain,8,3,BLOCK,Foreign Aid,opponent,,,win,3,pass
Duke,Captain,8,3,BLOCK,Steal,opponent,,,win,8,pass
Duke,Captain,8,3,LOSE_INFLUENCE,Coup,opponent,,,loss,1,reveal Duke
Duke,Captain,8,4,ACTION,,,,,win,2,Coup
Duke,Captain,8,4,ACTION_CHALLENGE,Steal,opponent,,,win,9,pass
Duke,Captain,8,4,BLOCK,Foreign Aid,opponent,,,win,3,pass
Duke,Captain,8,4,BLOCK,Steal,opponent,,,win,8,pass
Duke,Captain,8,4,LOSE_INFLUENCE,Coup,opponent,,,loss,1,reveal Duke
Duke,Captain,8,5,ACTION,,,,,win,2,Coup
Duke,Captain,8,5,ACTION_CHALLENGE,Steal,opponent,,,loss,6,pass
Duke,Captain,8,5,BLOCK,Foreign Aid,opponent,,,win,3,pass
Duke,Captain,8,5,BLOCK,Steal,opponent,,,loss,5,pass
Duke,Captain,8,6,ACTION,,,,,win,2,Coup
Duke,Captain,8,6,ACTION_CHALLENGE,Steal,opponent,,,loss,6,pass
Duke,Captain,8,6,BLOCK,Foreign Aid,opponent,,,win,3,pass
Duke,Captain,8,6,BLOCK,Steal,opponent,,,loss,5,pass
Duke,Captain,8,7,ACTION,,,,,win,2,Coup
Duke,Captain,8,7,ACTION_CHALLENGE,Steal,opponent,,,loss,6,pass
Duke,Captain,8,7,BLOCK,Foreign Aid,opponent,,,win,3,pass
Duke,Captain,8,7,BLOCK,Steal,opponent,,,loss,5,pass
Duke,Captain,8,8,ACTION,,,,,win,2,Coup
Duke,Captain,8,8,ACTION_CHALLENGE,Steal,opponent,,,loss,6,pass
Duke,Captain,8,8,BLOCK,Foreign Aid,opponent,,,win,3,pass
Duke,Captain,8,8,BLOCK,Steal,opponent,,,loss,5,pass
Duke,Captain,8,9,ACTION,,,,,win,2,Coup
Duke,Captain,8,9,ACTION_CHALLENGE,Steal,opponent,,,loss,6,pass
Duke,Captain,8,9,BLOCK,Foreign Aid,opponent,,,win,3,pass
Duke,Captain,8,9,BLOCK,Steal,opponent,,,loss,5,pass
Duke,Captain,8,10,ACTION,,,,,win,2,Coup
Duke,Captain,8,11,ACTION,,,,,win,2,Coup
Duke,Captain,9,0,ACTION,,,,,win,2,Coup
Duke,Captain,9,0,ACTION_CHALLENGE,Steal,opponent,,,win,4,pass
Duke,Captain,9,0,BLOCK,Foreign Aid,opponent,,,win,3,pass
Duke,Captain,9,0,BLOCK,Steal,opponent,,,win,3,pass
Duke,Captain,9,0,LOSE_INFLUENCE,Coup,opponent,,,loss,1,reveal Duke
Duke,Captain,9,1,ACTION,,,,,win,2,Coup
Duke,Captain,9,1,ACTION_CHALLENGE,Steal,opponent,,,win,4,pass
Duke,Captain,9,1,BLOCK,Foreign Aid,opponent,,,win,3,pass
Duke,Captain,9,1,BLOCK,Steal,opponent,,,win,3,pass
Duke,Captain,9,1,LOSE_INFLUENCE,Coup,opponent,,,loss,1,reveal Duke
Duke,Captain,9,2,ACTION,,,,,win,2,Coup
Duke,Captain,9,2,ACTION_CHALLENGE,Steal,opponent,,,win,4,pass
Duke,Captain,9,2,BLOCK,Foreign Aid,opponent,,,win,3,pass
Duke,Captain,9,2,BLOCK,Steal,opponent,,,win,3,pass
Duke,Captain,9,2,LOSE_INFLUENCE,Coup,opponent,,,loss,1,reveal Duke
Duke,Captain,9,3,ACTION,,,,,win,2,Coup
Duke,Captain,9,3,ACTION_CHALLENGE,Steal,opponent,,,win,4,pass
Duke,Captain,9,3,BLOCK,Foreign Aid,opponent,,,win,3,pass
Duke,Captain,9,3,BLOCK,Steal,opponent,,,win,3,pass
Duke,Captain,9,3,LOSE_INFLUENCE,Coup,opponent,,,loss,1,reveal Duke
Duke,Captain,9,4,ACTION,,,,,win,2,Coup
Duke,Captain,9,4,ACTION_CHALLENGE,Steal,opponent,,,win,4,pass
Duke,Captain,9,4,BLOCK,Foreign Aid,opponent,,,win,3,pass
Duke,Captain,9,4,BLOCK,Steal,opponent,,,win,3,pass
Duke,Captain,9,4,LOSE_INFLUENCE,Coup,opponent,,,loss,1,reveal Duke
Duke,Captain,9,5,ACTION,,,,,win,2,Coup
Duke,Captain,9,5,ACTION_CHALLENGE,Steal,opponent,,,win,4,pass
Duke,Captain,9,5,BLOCK,Foreign Aid,opponent,,,win,3,pass
Duke,Captain,9,5,BLOCK,Steal,opponent,,,win,3,pass
Duke,Captain,9,6,ACTION,,,,,win,2,Coup
Duke,Captain,9,6,ACTION_CHALLENGE,Steal,opponent,,,win,4,pass
Duke,Captain,9,6,BLOCK,Foreign Aid,opponent,,,win,3,pass
Duke,Captain,9,6,BLOCK,Steal,opponent,,,win,3,pass
Duke,Captain,9,7,ACTION,,,,,win,2,Coup
Duke,Captain,9,7,ACTION_CHALLENGE,Steal,opponent,,,win,4,pass
Duke,Captain,9,7,BLOCK,Foreign Aid,opponent,,,win,3,pass
Duke,Captain,9,7,BLOCK,Steal,opponent,,,win,3,pass
Duke,Captain,9,8,ACTION,,,,,win,2,Coup
Duke,Captain,9,8,ACTION_CHALLENGE,Steal,opponent,,,win,4,pass
Duke,Captain,9,8,BLOCK,Foreign Aid,opponent,,,win,3,pass
Duke,Captain,9,8,BLOCK,Steal,opponent,,,win,3,pass
Duke,Captain,9,9,ACTION,,,,,win,2,Coup
Duke,Captain,9,9,ACTION_CHALLENGE,Steal,opponent,,,win,4,pass
Duke,Captain,9,9,BLOCK,Foreign Aid,opponent,,,win,3,pass
Duke,Captain,9,9,BLOCK,Steal,opponent,,,win,3,pass
Duke,Captain,9,10,ACTION,,,,,win,2,Coup
Duke,Captain,9,11,ACTION,,,,,win,2,Coup
Duke,Captain,10,0,ACTION,,,,,win,2,Coup
Duke,Captain,10,0,ACTION_CHALLENGE,Steal,opponent,,,win,4,pass
Duke,Captain,10,0,BLOCK,Foreign Aid,opponent,,,win,3,pass
Duke,Captain,10,0,BLOCK,Steal,opponent,,,win,3,pass
Duke,Captain,10,0,LOSE_INFLUENCE,Coup,opponent,,,loss,1,reveal Duke
Duke,Captain,10,1,ACTION,,,,,win,2,Coup
Duke,Captain,10,1,ACTION_CHALLENGE,Steal,opponent,,,win,4,pass
Duke,Captain,10,1,BLOCK,Foreign Aid,opponent,,,win,3,pass
Duke,Captain,10,1,BLOCK,Steal,opponent,,,win,3,pass
Duke,Captain,10,1,LOSE_INFLUENCE,Coup,opponent,,,loss,1,reveal Duke
Duke,Captain,10,2,ACTION,,,,,win,2,Coup
Duke,Captain,10,2,ACTION_CHALLENGE,Steal,opponent,,,win,4,pass
Duke,Captain,10,2,BLOCK,Foreign Aid,opponent,,,win,3,pass
Duke,Captain,10,2,BLOCK,Steal,opponent,,,win,3,pass
Duke,Captain,10,2,LOSE_INFLUENCE,Coup,opponent,,,loss,1,reveal Duke
Duke,Captain,10,3,ACTION,,,,,win,2,Coup
Duke,Captain,10,3,ACTION_CHALLENGE,Steal,opponent,,,win,4,pass
Duke,Captain,10,3,BLOCK,Foreign Aid,opponent,,,win,3,pass
Duke,Captain,10,3,BLOCK,Steal,opponent,,,win,3,pass
Duke,Captain,10,3,LOSE_INFLUENCE,Coup,opponent,,,loss,1,reveal Duke
Duke,Captain,10,4,ACTION,,,,,win,2,Coup
Duke,Captain,10,4,ACTION_CHALLENGE,Steal,opponent,,,win,4,pass
Duke,Captain,10,4,BLOCK,Foreign Aid,opponent,,,win,3,pass
Duke,Captain,10,4,BLOCK,Steal,opponent,,,win,3,pass
Duke,Captain,10,4,LOSE_INFLUENCE,Coup,opponent,,,loss,1,reveal Duke
Duke,Captain,10,5,ACTION,,,,,win,2,Coup
Duke,Captain,10,5,ACTION_CHALLENGE,Steal,opponent,,,win,4,pass
Duke,Captain,10,5,BLOCK,Foreign Aid,opponent,,,win,3,pass
Duke,Captain,10,5,BLOCK,Steal,opponent,,,win,3,pass
Duke,Captain,10,6,ACTION,,,,,win,2,Coup
Duke,Captain,10,6,ACTION_CHALLENGE,Steal,opponent,,,win,4,pass
Duke,Captain,10,6,BLOCK,Foreign Aid,opponent,,,win,3,pass
Duke,Captain,10,6,BLOCK,Steal,opponent,,,win,3,pass
Duke,Captain,10,7,ACTION,,,,,win,2,Coup
Duke,Captain,10,7,ACTION_CHALLENGE,Steal,opponent,,,win,4,pass
Duke,Captain,10,7,BLOCK,Foreign Aid,opponent,,,win,3,pass
Duke,Captain,10,7,BLOCK,Steal,opponent,,,win,3,pass
Duke,Captain,10,8,ACTION,,,,,win,2,Coup
Duke,Captain,10,8,ACTION_CHALLENGE,Steal,opponent,,,win,4,pass
Duke,Captain,10,8,BLOCK,Foreign Aid,opponent,,,win,3,pass
Duke,Captain,10,8,BLOCK,Steal,opponent,,,win,3,pass
Duke,Captain,10,9,ACTION,,,,,win,2,Coup
Duke,Captain,10,9,ACTION_CHALLENGE,Steal,opponent,,,win,4,pass
Duke,Captain,10,9,BLOCK,Foreign Aid,opponent,,,win,3,pass
Duke,Captain,10,9,BLOCK,Steal,opponent,,,win,3,pass
Duke,Captain,10,10,ACTION,,,,,win,2,Coup
Duke,Captain,10,11,ACTION,,,,,win,2,Coup
Duke,Captain,11,0,ACTION,,,,,win,2,Coup
Duke,Captain,11,0,ACTION_CHALLENGE,Steal,opponent,,,win,4,pass
Duke,Captain,11,0,BLOCK,Foreign Aid,opponent,,,win,3,pass
Duke,Captain,11,0,BLOCK,Steal,opponent,,,win,3,pass
Duke,Captain,11,0,LOSE_INFLUENCE,Coup,opponent,,,loss,1,reveal Duke
Duke,Captain,11,1,ACTION,,,,,win,2,Coup
Duke,Captain,11,1,ACTION_CHALLENGE,Steal,opponent,,,win,4,pass
Duke,Captain,11,1,BLOCK,Foreign Aid,opponent,,,win,3,pass
Duke,Captain,11,1,BLOCK,Steal,opponent,,,win,3,pass
Duke,Captain,11,1,LOSE_INFLUENCE,Coup,opponent,,,loss,1,reveal Duke
Duke,Captain,11,2,ACTION,,,,,win,2,Coup
Duke,Captain,11,2,ACTION_CHALLENGE,Steal,opponent,,,win,4,pass
Duke,Captain,11,2,BLOCK,Foreign Aid,opponent,,,win,3,pass
Duke,Captain,11,2,BLOCK,Steal,opponent,,,win,3,pass
Duke,Captain,11,2,LOSE_INFLUENCE,Coup,opponent,,,loss,1,reveal Duke
Duke,Captain,11,3,ACTION,,,,,win,2,Coup
Duke,Captain,11,3,ACTION_CHALLENGE,Steal,opponent,,,win,4,pass
Duke,Captain,11,3,BLOCK,Foreign Aid,opponent,,,win,3,pass
Duke,Captain,11,3,BLOCK,Steal,opponent,,,win,3,pass
Duke,Captain,11,3,LOSE_INFLUENCE,Coup,opponent,,,loss,1,reveal Duke
Duke,Captain,11,4,ACTION,,,,,win,2,Coup
Duke,Captain,11,4,ACTION_CHALLENGE,Steal,opponent,,,win,4,pass
Duke,Captain,11,4,BLOCK,Foreign Aid,opponent,,,win,3,pass
Duke,Captain,11,4,BLOCK,Steal,opponent,,,win,3,pass
Duke,Captain,11,4,LOSE_INFLUENCE,Coup,opponent,,,loss,1,reveal Duke
Duke,Captain,11,5,ACTION,,,,,win,2,Coup
Duke,Captain,11,5,ACTION_CHALLENGE,Steal,opponent,,,win,4,pass
Duke,Captain,11,5,BLOCK,Foreign Aid,opponent,,,win,3,pass
Duke,Captain,11,5,BLOCK,Steal,opponent,,,win,3,pass
Duke,Captain,11,6,ACTION,,,,,win,2,Coup
Duke,Captain,11,6,ACTION_CHALLENGE,Steal,opponent,,,win,4,pass
Duke,Captain,11,6,BLOCK,Foreign Aid,opponent,,,win,3,pass
Duke,Captain,11,6,BLOCK,Steal,opponent,,,win,3,pass
Duke,Captain,11,7,ACTION,,,,,win,2,Coup
Duke,Captain,11,7,ACTION_CHALLENGE,Steal,opponent,,,win,4,pass
Duke,Captain,11,7,BLOCK,Foreign Aid,opponent,,,win,3,pass
Duke,Captain,11,7,BLOCK,Steal,opponent,,,win,3,pass
Duke,Captain,11,8,ACTION,,,,,win,2,Coup
Duke,Captain,11,8,ACTION_CHALLENGE,Steal,opponent,,,win,4,pass
Duke,Captain,11,8,BLOCK,Foreign Aid,opponent,,,win,3,pass
Duke,Captain,11,8,BLOCK,Steal,opponent,,,win,3,pass
Duke,Captain,11,9,ACTION,,,,,win,2,Coup
Duke,Captain,11,9,ACTION_CHALLENGE,Steal,opponent,,,win,4,pass
Duke,Captain,11,9,BLOCK,Foreign Aid,opponent,,,win,3,pass
Duke,Captain,11,9,BLOCK,Steal,opponent,,,win,3,pass
Duke,Captain,11,10,ACTION,,,,,win,2,Coup
Duke,Captain,11,11,ACTION,,,,,win,2,Coup
Duke,Captain,12,0,ACTION,,,,,win,2,Coup
Duke,Captain,12,0,ACTION_CHALLENGE,Steal,opponent,,,win,4,pass
Duke,Captain,12,0,BLOCK,Foreign Aid,opponent,,,win,3,pass
Duke,Captain,12,0,BLOCK,Steal,opponent,,,win,3,pass
Duke,Captain,12,0,LOSE_INFLUENCE,Coup,opponent,,,loss,1,reveal Duke
Duke,Captain,12,1,ACTION,,,,,win,2,Coup
Duke,Captain,12,1,ACTION_CHALLENGE,Steal,opponent,,,win,4,pass
Duke,Captain,12,1,BLOCK,Foreign Aid,opponent,,,win,3,pass
Duke,Captain,12,1,BLOCK,Steal,opponent,,,win,3,pass
Duke,Captain,12,1,LOSE_INFLUENCE,Coup,opponent,,,loss,1,reveal Duke
Duke,Captain,12,2,ACTION,,,,,win,2,Coup
Duke,Captain,12,2,ACTION_CHALLENGE,Steal,opponent,,,win,4,pass
Duke,Captain,12,2,BLOCK,Foreign Aid,opponent,,,win,3,pass
Duke,Captain,12,2,BLOCK,Steal,opponent,,,win,3,pass
Duke,Captain,12,2,LOSE_INFLUENCE,Coup,opponent,,,loss,1,reveal Duke
Duke,Captain,12,3,ACTION,,,,,win,2,Coup
Duke,Captain,12,3,ACTION_CHALLENGE,Steal,opponent,,,win,4,pass
Duke,Captain,12,3,BLOCK,Foreign Aid,opponent,,,win,3,pass
Duke,Captain,12,3,BLOCK,Steal,opponent,,,win,3,pass
Duke,Captain,12,3,LOSE_INFLUENCE,Coup,opponent,,,loss,1,reveal Duke
Duke,Captain,12,4,ACTION,,,,,win,2,Coup
Duke,Captain,12,4,ACTION_CHALLENGE,Steal,opponent,,,win,4,pass
Duke,Captain,12,4,BLOCK,Foreign Aid,opponent,,,win,3,pass
Duke,Captain,12,4,BLOCK,Steal,opponent,,,win,3,pass
Duke,Captain,12,4,LOSE_INFLUENCE,Coup,opponent,,,loss,1,reveal Duke
Duke,Captain,12,5,ACTION,,,,,win,2,Coup
Duke,Captain,12,5,ACTION_CHALLENGE,Steal,opponent,,,win,4,pass
Duke,Captain,12,5,BLOCK,Foreign Aid,opponent,,,win,3,pass
Duke,Captain,12,5,BLOCK,Steal,opponent,,,win,3,pass
Duke,Captain,12,6,ACTION,,,,,win,2,Coup
Duke,Captain,12,6,ACTION_CHALLENGE,Steal,opponent,,,win,4,pass
Duke,Captain,12,6,BLOCK,Foreign Aid,opponent,,,win,3,pass
Duke,Captain,12,6,BLOCK,Steal,opponent,,,win,3,pass
Duke,Captain,12,7,ACTION,,,,,win,2,Coup
Duke,Captain,12,7,ACTION_CHALLENGE,Steal,opponent,,,win,4,pass
Duke,Captain,12,7,BLOCK,Foreign Aid,opponent,,,win,3,pass
Duke,Captain,12,7,BLOCK,Steal,opponent,,,win,3,pass
Duke,Captain,12,8,ACTION,,,,,win,2,Coup
Duke,Captain,12,8,ACTION_CHALLENGE,Steal,opponent,,,win,4,pass
Duke,Captain,12,8,BLOCK,Foreign Aid,opponent,,,win,3,pass
Duke,Captain,12,8,BLOCK,Steal,opponent,,,win,3,pass
Duke,Captain,12,9,ACTION,,,,,win,2,Coup
Duke,Captain,12,9,ACTION_CHALLENGE,Steal,opponent,,,win,4,pass
Duke,Captain,12,9,BLOCK,Foreign Aid,opponent,,,win,3,pass
Duke,Captain,12,9,BLOCK,Steal,opponent,,,win,3,pass
Duke,Captain,12,10,ACTION,,,,,win,2,Coup
Duke,Captain,12,11,ACTION,,,,,win,2,Coup
Duke,Contessa,0,0,ACTION,,,,,win,13,Income|Tax
Duke,Contessa,0,0,BLOCK,Foreign Aid,opponent,,,win,14,pass
Duke,Contessa,0,1,ACTION,,,,,win,13,Income|Tax
Duke,Contessa,0,2,ACTION,,,,,win,13,Income|Tax
Duke,Contessa,1,0,ACTION,,,,,win,10,Tax
Duke,Contessa,1,0,BLOCK,Foreign Aid,opponent,,,win,11,pass
Duke,Contessa,1,1,ACTION,,,,,win,10,Tax
Duke,Contessa,1,1,BLOCK,Foreign Aid,opponent,,,win,11,pass
Duke,Contessa,1,2,ACTION,,,,,win,10,Tax
Duke,Contessa,1,2,BLOCK,Foreign Aid,opponent,,,win,11,pass
Duke,Contessa,1,3,ACTION,,,,,win,10,Tax
Duke,Contessa,1,4,ACTION,,,,,win,10,Tax
Duke,Contessa,2,0,ACTION,,,,,win,10,Foreign Aid|Tax
Duke,Contessa,2,0,BLOCK,Foreign Aid,opponent,,,win,11,pass
Duke,Contessa,2,1,ACTION,,,,,win,10,Foreign Aid|Tax
Duke,Contessa,2,1,BLOCK,Foreign Aid,opponent,,,win,11,pass
Duke,Contessa,2,2,ACTION,,,,,win,10,Foreign Aid|Tax
Duke,Contessa,2,2,BLOCK,Foreign Aid,opponent,,,win,11,pass
Duke,Contessa,2,3,ACTION,,,,,win,10,Foreign Aid|Tax
Duke,Contessa,2,3,BLOCK,Foreign Aid,opponent,,,win,12,pass|block Duke
Duke,Contessa,2,4,ACTION,,,,,win,10,Foreign Aid|Tax
Duke,Contessa,2,4,BLOCK,Foreign Aid,opponent,,,win,12,block Duke
Duke,Contessa,2,5,ACTION,,,,,win,11,Foreign Aid|Tax
Duke,Contessa,2,6,ACTION,,,,,loss,7,Foreign Aid|Tax
Duke,Contessa,3,0,ACTION,,,,,win,9,Income|Tax
Duke,Contessa,3,0,BLOCK,Foreign Aid,opponent,,,win,10,pass
Duke,Contessa,3,1,ACTION,,,,,win,9,Income|Tax
Duke,Contessa,3,1,BLOCK,Foreign Aid,opponent,,,win,10,pass
Duke,Contessa,3,2,ACTION,,,,,win,9,Income|Tax
Duke,Contessa,3,2,BLOCK,Foreign Aid,opponent,,,win,10,pass
Duke,Contessa,3,3,ACTION,,,,,win,9,Income|Tax
Duke,Contessa,3,3,BLOCK,Foreign Aid,opponent,,,win,11,pass|block Duke
Duke,Contessa,3,4,ACTION,,,,,win,9,Income|Tax
Duke,Contessa,3,4,BLOCK,Foreign Aid,opponent,,,win,11,block Duke
Duke,Contessa,3,5,ACTION,,,,,win,10,Income|Tax
Duke,Contessa,3,5,BLOCK,Foreign Aid,opponent,,,win,12,block Duke
Duke,Contessa,3,6,ACTION,,,,,loss,7,Foreign Aid|Tax
Duke,Contessa,3,6,BLOCK,Foreign Aid,opponent,,,loss,9,block Duke
Duke,Contessa,3,7,ACTION,,,,,loss,4,Foreign Aid|Tax
Duke,Contessa,3,8,ACTION,,,,,loss,4,Foreign Aid|Tax
Duke,Contessa,4,0,ACTION,,,,,win,6,Tax
Duke,Contessa,4,0,BLOCK,Foreign Aid,opponent,,,win,7,pass
Duke,Contessa,4,0,LOSE_INFLUENCE,Coup,opponent,,,loss,1,reveal Duke
Duke,Contessa,4,1,ACTION,,,,,win,6,Tax
Duke,Contessa,4,1,BLOCK,Foreign Aid,opponent,,,win,7,pass
Duke,Contessa,4,1,LOSE_INFLUENCE,Coup,opponent,,,loss,1,reveal Duke
Duke,Contessa,4,2,ACTION,,,,,win,6,Tax
Duke,Contessa,4,2,BLOCK,Foreign Aid,opponent,,,win,7,pass
Duke,Contessa,4,3,ACTION,,,,,win,6,Tax
Duke,Contessa,4,3,BLOCK,Foreign Aid,opponent,,,win,7,pass
Duke,Contessa,4,4,ACTION,,,,,win,6,Tax
Duke,Contessa,4,4,BLOCK,Foreign Aid,opponent,,,win,7,pass
Duke,Contessa,4,5,ACTION,,,,,win,6,Tax
Duke,Contessa,4,5,BLOCK,Foreign Aid,opponent,,,win,8,block Duke
Duke,Contessa,4,6,ACTION,,,,,win,6,Tax
Duke,Contessa,4,6,BLOCK,Foreign Aid,opponent,,,win,8,block Duke
Duke,Contessa,4,7,ACTION,,,,,loss,4,Foreign Aid|Tax
Duke,Contessa,4,7,BLOCK,Foreign Aid,opponent,,,loss,6,block Duke
Duke,Contessa,4,8,ACTION,,,,,loss,4,Foreign Aid|Tax
Duke,Contessa,4,8,BLOCK,Foreign Aid,opponent,,,loss,6,block Duke
Duke,Contessa,4,9,ACTION,,,,,loss,4,Foreign Aid|Tax
Duke,Contessa,4,10,ACTION,,,,,loss,4,Foreign Aid|Tax
Duke,Contessa,5,0,ACTION,,,,,win,6,Foreign Aid|Tax
Duke,Contessa,5,0,BLOCK,Foreign Aid,opponent,,,win,7,pass
Duke,Contessa,5,0,LOSE_INFLUENCE,Coup,opponent,,,loss,1,reveal Duke
Duke,Contessa,5,1,ACTION,,,,,win,6,Foreign Aid|Tax
Duke,Contessa,5,1,BLOCK,Foreign Aid,opponent,,,win,7,pass
Duke,Contessa,5,1,LOSE_INFLUENCE,Coup,opponent,,,loss,1,reveal Duke
Duke,Contessa,5,2,ACTION,,,,,win,6,Foreign Aid|Tax
Duke,Contessa,5,2,BLOCK,Foreign Aid,opponent,,,win,7,pass
Duke,Contessa,5,2,LOSE_INFLUENCE,Coup,opponent,,,loss,1,reveal Duke
Duke,Contessa,5,3,ACTION,,,,,win,6,Foreign Aid|Tax
Duke,Contessa,5,3,BLOCK,Foreign Aid,opponent,,,win,7,pass
Duke,Contessa,5,3,LOSE_INFLUENCE,Coup,opponent,,,loss,1,reveal Duke
Duke,Contessa,5,4,ACTION,,,,,win,6,Foreign Aid|Tax
Duke,Contessa,5,4,BLOCK,Foreign Aid,opponent,,,win,7,pass
Duke,Contessa,5,5,ACTION,,,,,win,6,Foreign Aid|Tax
Duke,Contessa,5,5,BLOCK,Foreign Aid,opponent,,,win,8,block Duke
Duke,Contessa,5,6,ACTION,,,,,win,6,Foreign Aid|Tax
Duke,Contessa,5,6,BLOCK,Foreign Aid,opponent,,,win,8,block Duke
Duke,Contessa,5,7,ACTION,,,,,loss,4,Foreign Aid|Tax
Duke,Contessa,5,7,BLOCK,Foreign Aid,opponent,,,loss,6,block Duke
Duke,Contessa,5,8,ACTION,,,,,loss,4,Foreign Aid|Tax
Duke,Contessa,5,8,BLOCK,Foreign Aid,opponent,,,loss,6,block Duke
Duke,Contessa,5,9,ACTION,,,,,loss,4,Foreign Aid|Tax
Duke,Contessa,5,9,BLOCK,Foreign Aid,opponent,,,loss,6,block Duke
Duke,Contessa,5,10,ACTION,,,,,loss,4,Foreign Aid|Tax
Duke,Contessa,5,11,ACTION,,,,,loss,4,Foreign Aid|Tax
Duke,Contessa,6,0,ACTION,,,,,win,5,Income
Duke,Contessa,6,0,BLOCK,Foreign Aid,opponent,,,win,6,pass
Duke,Contessa,6,0,LOSE_INFLUENCE,Coup,opponent,,,loss,1,reveal Duke
Duke,Contessa,6,1,ACTION,,,,,win,5,Income
Duke,Contessa,6,1,BLOCK,Foreign Aid,opponent,,,win,6,pass
Duke,Contessa,6,1,LOSE_INFLUENCE,Coup,opponent,,,loss,1,reveal Duke
Duke,Contessa,6,2,ACTION,,,,,win,5,Income
Duke,Contessa,6,2,BLOCK,Foreign Aid,opponent,,,win,6,pass
Duke,Contessa,6,2,LOSE_INFLUENCE,Coup,opponent,,,loss,1,reveal Duke
Duke,Contessa,6,3,ACTION,,,,,win,5,Income
Duke,Contessa,6,3,BLOCK,Foreign Aid,opponent,,,win,6,pass
Duke,Contessa,6,3,LOSE_INFLUENCE,Coup,opponent,,,loss,1,reveal Duke
Duke,Contessa,6,4,ACTION,,,,,win,5,Income
Duke,Contessa,6,4,BLOCK,Foreign Aid,opponent,,,win,6,pass
Duke,Contessa,6,4,LOSE_INFLUENCE,Coup,opponent,,,loss,1,reveal Duke
Duke,Contessa,6,5,ACTION,,,,,win,5,Income
Duke,Contessa,6,5,BLOCK,Foreign Aid,opponent,,,win,7,block Duke
Duke,Contessa,6,6,ACTION,,,,,win,5,Income
Duke,Contessa,6,6,BLOCK,Foreign Aid,opponent,,,win,7,block Duke
Duke,Contessa,6,7,ACTION,,,,,loss,4,Foreign Aid|Tax
Duke,Contessa,6,7,BLOCK,Foreign Aid,opponent,,,loss,6,block Duke
Duke,Contessa,6,8,ACTION,,,,,loss,4,Foreign Aid|Tax
Duke,Contessa,6,8,BLOCK,Foreign Aid,opponent,,,loss,6,block Duke
Duke,Contessa,6,9,ACTION,,,,,loss,4,Foreign Aid|Tax
Duke,Contessa,6,9,BLOCK,Foreign Aid,opponent,,,loss,6,block Duke
Duke,Contessa,6,10,ACTION,,,,,loss,4,Foreign Aid|Tax
Duke,Contessa,6,11,ACTION,,,,,loss,4,Foreign Aid|Tax
Duke,Contessa,7,0,ACTION,,,,,win,2,Coup
Duke,Contessa,7,0,BLOCK,Foreign Aid,opponent,,,win,3,pass
Duke,Contessa,7,0,LOSE_INFLUENCE,Coup,opponent,,,loss,1,reveal Duke
Duke,Contessa,7,1,ACTION,,,,,win,2,Coup
Duke,Contessa,7,1,BLOCK,Foreign Aid,opponent,,,win,3,pass
Duke,Contessa,7,1,LOSE_INFLUENCE,Coup,opponent,,,loss,1,reveal Duke
Duke,Contessa,7,2,ACTION,,,,,win,2,Coup
Duke,Contessa,7,2,BLOCK,Foreign Aid,opponent,,,win,3,pass
Duke,Contessa,7,2,LOSE_INFLUENCE,Coup,opponent,,,loss,1,reveal Duke
Duke,Contessa,7,3,ACTION,,,,,win,2,Coup
Duke,Contessa,7,3,BLOCK,Foreign Aid,opponent,,,win,3,pass
Duke,Contessa,7,3,LOSE_INFLUENCE,Coup,opponent,,,loss,1,reveal Duke
Duke,Contessa,7,4,ACTION,,,,,win,2,Coup
Duke,Contessa,7,4,BLOCK,Foreign Aid,opponent,,,win,3,pass
Duke,Contessa,7,4,LOSE_INFLUENCE,Coup,opponent,,,loss,1,reveal Duke
Duke,Contessa,7,5,ACTION,,,,,win,2,Coup
Duke,Contessa,7,5,BLOCK,Foreign Aid,opponent,,,win,3,pass
Duke,Contessa,7,6,ACTION,,,,,win,2,Coup
Duke,Contessa,7,6,BLOCK,Foreign Aid,opponent,,,win,3,pass
Duke,Contessa,7,7,ACTION,,,,,win,2,Coup
Duke,Contessa,7,7,BLOCK,Foreign Aid,opponent,,,win,3,pass
Duke,Contessa,7,8,ACTION,,,,,win,2,Coup
Duke,Contessa,7,8,BLOCK,Foreign Aid,opponent,,,win,3,pass
Duke,Contessa,7,9,ACTION,,,,,win,2,Coup
Duke,Contessa,7,9,BLOCK,Foreign Aid,opponent,,,win,3,pass
Duke,Contessa,7,10,ACTION,,,,,win,2,Coup
Duke,Contessa,7,11,ACTION,,,,,win,2,Coup
Duke,Contessa,8,0,ACTION,,,,,win,2,Coup
Duke,Contessa,8,0,BLOCK,Foreign Aid,opponent,,,win,3,pass
Duke,Contessa,8,0,LOSE_INFLUENCE,Coup,opponent,,,loss,1,reveal Duke
Duke,Contessa,8,1,ACTION,,,,,win,2,Coup
Duke,Contessa,8,1,BLOCK,Foreign Aid,opponent,,,win,3,pass
Duke,Contessa,8,1,LOSE_INFLUENCE,Coup,opponent,,,loss,1,reveal Duke
Duke,Contessa,8,2,ACTION,,,,,win,2,Coup
Duke,Contessa,8,2,BLOCK,Foreign Aid,opponent,,,win,3,pass
Duke,Contessa,8,2,LOSE_INFLUENCE,Coup,opponent,,,loss,1,reveal Duke
Duke,Contessa,8,3,ACTION,,,,,win,2,Coup
Duke,Contessa,8,3,BLOCK,Foreign Aid,opponent,,,win,3,pass
Duke,Contessa,8,3,LOSE_INFLUENCE,Coup,opponent,,,loss,1,reveal Duke
Duke,Contessa,8,4,ACTION,,,,,win,2,Coup
Duke,Contessa,8,4,BLOCK,Foreign Aid,opponent,,,win,3,pass
Duke,Contessa,8,4,LOSE_INFLUENCE,Coup,opponent,,,loss,1,reveal Duke
Duke,Contessa,8,5,ACTION,,,,,win,2,Coup
Duke,Contessa,8,5,BLOCK,Foreign Aid,opponent,,,win,3,pass
Duke,Contessa,8,6,ACTION,,,,,win,2,Coup
Duke,Contessa,8,6,BLOCK,Foreign Aid,opponent,,,win,3,pass
Duke,Contessa,8,7,ACTION,,,,,win,2,Coup
Duke,Contessa,8,7,BLOCK,Foreign Aid,opponent,,,win,3,pass
Duke,Contessa,8,8,ACTION,,,,,win,2,Coup
Duke,Contessa,8,8,BLOCK,Foreign Aid,opponent,,,win,3,pass
Duke,Contessa,8,9,ACTION,,,,,win,2,Coup
Duke,Contessa,8,9,BLOCK,Foreign Aid,opponent,,,win,3,pass
Duke,Contessa,8,10,ACTION,,,,,win,2,Coup
Duke,Contessa,8,11,ACTION,,,,,win,2,Coup
Duke,Contessa,9,0,ACTION,,,,,win,2,Coup
Duke,Contessa,9,0,BLOCK,Foreign Aid,opponent,,,win,3,pass
Duke,Contessa,9,0,LOSE_INFLUENCE,Coup,opponent,,,loss,1,reveal Duke
Duke,Contessa,9,1,ACTION,,,,,win,2,Coup
Duke,Contessa,9,1,BLOCK,Foreign Aid,opponent,,,win,3,pass
Duke,Contessa,9,1,LOSE_INFLUENCE,Coup,opponent,,,loss,1,reveal Duke
Duke,Contessa,9,2,ACTION,,,,,win,2,Coup
Duke,Contessa,9,2,BLOCK,Foreign Aid,opponent,,,win,3,pass
Duke,Contessa,9,2,LOSE_INFLUENCE,Coup,opponent,,,loss,1,reveal Duke
Duke,Contessa,9,3,ACTION,,,,,win,2,Coup
Duke,Contessa,9,3,BLOCK,Foreign Aid,opponent,,,win,3,pass
Duke,Contessa,9,3,LOSE_INFLUENCE,Coup,opponent,,,loss,1,reveal Duke
Duke,Contessa,9,4,ACTION,,,,,win,2,Coup
Duke,Contessa,9,4,BLOCK,Foreign Aid,opponent,,,win,3,pass
Duke,Contessa,9,4,LOSE_INFLUENCE,Coup,opponent,,,loss,1,reveal Duke
Duke,Contessa,9,5,ACTION,,,,,win,2,Coup
Duke,Contessa,9,5,BLOCK,Foreign Aid,opponent,,,win,3,pass
Duke,Contessa,9,6,ACTION,,,,,win,2,Coup
Duke,Contessa,9,6,BLOCK,Foreign Aid,opponent,,,win,3,pass
Duke,Contessa,9,7,ACTION,,,,,win,2,Coup
Duke,Contessa,9,7,BLOCK,Foreign Aid,opponent,,,win,3,pass
Duke,Contessa,9,8,ACTION,,,,,win,2,Coup
Duke,Contessa,9,8,BLOCK,Foreign Aid,opponent,,,win,3,pass
Duke,Contessa,9,9,ACTION,,,,,win,2,Coup
Duke,Contessa,9,9,BLOCK,Foreign Aid,opponent,,,win,3,pass
Duke,Contessa,9,10,ACTION,,,,,win,2,Coup
Duke,Contessa,9,11,ACTION,,,,,win,2,Coup
Duke,Contessa,10,0,ACTION,,,,,win,2,Coup
Duke,Contessa,10,0,BLOCK,Foreign Aid,opponent,,,win,3,pass
Duke,Contessa,10,0,LOSE_INFLUENCE,Coup,opponent,,,loss,1,reveal Duke
Duke,Contessa,10,1,ACTION,,,,,win,2,Coup
Duke,Contessa,10,1,BLOCK,Foreign Aid,opponent,,,win,3,pass
Duke,Contessa,10,1,LOSE_INFLUENCE,Coup,opponent,,,loss,1,reveal Duke
Duke,Contessa,10,2,ACTION,,,,,win,2,Coup
Duke,Contessa,10,2,BLOCK,Foreign Aid,opponent,,,win,3,pass
Duke,Contessa,10,2,LOSE_INFLUENCE,Coup,opponent,,,loss,1,reveal Duke
Duke,Contessa,10,3,ACTION,,,,,win,2,Coup
Duke,Contessa,10,3,BLOCK,Foreign Aid,opponent,,,win,3,pass
Duke,Contessa,10,3,LOSE_INFLUENCE,Coup,opponent,,,loss,1,reveal Duke
Duke,Contessa,10,4,ACTION,,,,,win,2,Coup
Duke,Contessa,10,4,BLOCK,Foreign Aid,opponent,,,win,3,pass
Duke,Contessa,10,4,LOSE_INFLUENCE,Coup,opponent,,,loss,1,reveal Duke
Duke,Contessa,10,5,ACTION,,,,,win,2,Coup
Duke,Contessa,10,5,BLOCK,Foreign Aid,opponent,,,win,3,pass
Duke,Contessa,10,6,ACTION,,,,,win,2,Coup
Duke,Contessa,10,6,BLOCK,Foreign Aid,opponent,,,win,3,pass
Duke,Contessa,10,7,ACTION,,,,,win,2,Coup
Duke,Contessa,10,7,BLOCK,Foreign Aid,opponent,,,win,3,pass
Duke,Contessa,10,8,ACTION,,,,,win,2,Coup
Duke,Contessa,10,8,BLOCK,Foreign Aid,opponent,,,win,3,pass
Duke,Contessa,10,9,ACTION,,,,,win,2,Coup
Duke,Contessa,10,9,BLOCK,Foreign Aid,opponent,,,win,3,pass
Duke,Contessa,10,10,ACTION,,,,,win,2,Coup
Duke,Contessa,10,11,ACTION,,,,,win,2,Coup
Duke,Contessa,11,0,ACTION,,,,,win,2,Coup
Duke,Contessa,11,0,BLOCK,Foreign Aid,opponent,,,win,3,pass
Duke,Contessa,11,0,LOSE_INFLUENCE,Coup,opponent,,,loss,1,reveal Duke
Duke,Contessa,11,1,ACTION,,,,,win,2,Coup
Duke,Contessa,11,1,BLOCK,Foreign Aid,opponent,,,win,3,pass
Duke,Contessa,11,1,LOSE_INFLUENCE,Coup,opponent,,,loss,1,reveal Duke
Duke,Contessa,11,2,ACTION,,,,,win,2,Coup
Duke,Contessa,11,2,BLOCK,Foreign Aid,opponent,,,win,3,pass
Duke,Contessa,11,2,LOSE_INFLUENCE,Coup,opponent,,,loss,1,reveal Duke
Duke,Contessa,11,3,ACTION,,,,,win,2,Coup
Duke,Contessa,11,3,BLOCK,Foreign Aid,opponent,,,win,3,pass
Duke,Contessa,11,3,LOSE_INFLUENCE,Coup,opponent,,,loss,1,reveal Duke
Duke,Contessa,11,4,ACTION,,,,,win,2,Coup
Duke,Contessa,11,4,BLOCK,Foreign Aid,opponent,,,win,3,pass
Duke,Contessa,11,4,LOSE_INFLUENCE,Coup,opponent,,,loss,1,reveal Duke
Duke,Contessa,11,5,ACTION,,,,,win,2,Coup
Duke,Contessa,11,5,BLOCK,Foreign Aid,opponent,,,win,3,pass
Duke,Contessa,11,6,ACTION,,,,,win,2,Coup
Duke,Contessa,11,6,BLOCK,Foreign Aid,opponent,,,win,3,pass
Duke,Contessa,11,7,ACTION,,,,,win,2,Coup
Duke,Contessa,11,7,BLOCK,Foreign Aid,opponent,,,win,3,pass
Duke,Contessa,11,8,ACTION,,,,,win,2,Coup
Duke,Contessa,11,8,BLOCK,Foreign Aid,opponent,,,win,3,pass
Duke,Contessa,11,9,ACTION,,,,,win,2,Coup
Duke,Contessa,11,9,BLOCK,Foreign Aid,opponent,,,win,3,pass
Duke,Contessa,11,10,ACTION,,,,,win,2,Coup
Duke,Contessa,11,11,ACTION,,,,,win,2,Coup
Duke,Contessa,12,0,ACTION,,,,,win,2,Coup
Duke,Contessa,12,0,BLOCK,Foreign Aid,opponent,,,win,3,pass
Duke,Contessa,12,0,LOSE_INFLUENCE,Coup,opponent,,,loss,1,reveal Duke
Duke,Contessa,12,1,ACTION,,,,,win,2,Coup
Duke,Contessa,12,1,BLOCK,Foreign Aid,opponent,,,win,3,pass
Duke,Contessa,12,1,LOSE_INFLUENCE,Coup,opponent,,,loss,1,reveal Duke
Duke,Contessa,12,2,ACTION,,,,,win,2,Coup
Duke,Contessa,12,2,BLOCK,Foreign Aid,opponent,,,win,3,pass
Duke,Contessa,12,2,LOSE_INFLUENCE,Coup,opponent,,,loss,1,reveal Duke
Duke,Contessa,12,3,ACTION,,,,,win,2,Coup
Duke,Contessa,12,3,BLOCK,Foreign Aid,opponent,,,win,3,pass
Duke,Contessa,12,3,LOSE_INFLUENCE,Coup,opponent,,,loss,1,reveal Duke
Duke,Contessa,12,4,ACTION,,,,,win,2,Coup
Duke,Contessa,12,4,BLOCK,Foreign Aid,opponent,,,win,3,pass
Duke,Contessa,12,4,LOSE_INFLUENCE,Coup,opponent,,,loss,1,reveal Duke
Duke,Contessa,12,5,ACTION,,,,,win,2,Coup
Duke,Contessa,12,5,BLOCK,Foreign Aid,opponent,,,win,3,pass
Duke,Contessa,12,6,ACTION,,,,,win,2,Coup
Duke,Contessa,12,6,BLOCK,Foreign Aid,opponent,,,win,3,pass
Duke,Contessa,12,7,ACTION,,,,,win,2,Coup
Duke,Contessa,12,7,BLOCK,Foreign Aid,opponent,,,win,3,pass
Duke,Contessa,12,8,ACTION,,,,,win,2,Coup
Duke,Contessa,12,8,BLOCK,Foreign Aid,opponent,,,win,3,pass
Duke,Contessa,12,9,ACTION,,,,,win,2,Coup
Duke,Contessa,12,9,BLOCK,Foreign Aid,opponent,,,win,3,pass
Duke,Contessa,12,10,ACTION,,,,,win,2,Coup
Duke,Contessa,12,11,ACTION,,,,,win,2,Coup
Duke,Duke,0,0,ACTION,,,,,win,13,Income|Tax
Duke,Duke,0,0,ACTION_CHALLENGE,Tax,opponent,,,loss,12,pass
Duke,Duke,0,0,BLOCK,Foreign Aid,opponent,,,win,15,block Duke
Duke,Duke,0,0,BLOCK_CHALLENGE,Foreign Aid,self,Duke,opponent,loss,14,pass
Duke,Duke,0,0,LOSE_INFLUENCE,Coup,opponent,,,loss,1,reveal Duke
Duke,Duke,0,1,ACTION,,,,,loss,12,Foreign Aid|Tax
Duke,Duke,0,1,ACTION_CHALLENGE,Tax,opponent,,,loss,9,pass
Duke,Duke,0,1,BLOCK,Foreign Aid,opponent,,,loss,14,block Duke
Duke,Duke,0,1,BLOCK_CHALLENGE,Foreign Aid,self,Duke,opponent,loss,11,pass
Duke,Duke,0,1,LOSE_INFLUENCE,Coup,opponent,,,loss,1,reveal Duke
Duke,Duke,0,2,ACTION,,,,,loss,12,Foreign Aid|Tax
Duke,Duke,0,2,ACTION_CHALLENGE,Tax,opponent,,,loss,9,pass
Duke,Duke,0,2,BLOCK,Foreign Aid,opponent,,,loss,14,block Duke
Duke,Duke,0,2,BLOCK_CHALLENGE,Foreign Aid,self,Duke,opponent,loss,11,pass
Duke,Duke,0,2,LOSE_INFLUENCE,Coup,opponent,,,loss,1,reveal Duke
Duke,Duke,0,3,ACTION,,,,,loss,11,Foreign Aid|Tax
Duke,Duke,0,3,ACTION_CHALLENGE,Tax,opponent,,,loss,8,pass
Duke,Duke,0,3,BLOCK,Foreign Aid,opponent,,,loss,13,block Duke
Duke,Duke,0,3,BLOCK_CHALLENGE,Foreign Aid,self,Duke,opponent,loss,10,pass
Duke,Duke,0,3,LOSE_INFLUENCE,Coup,opponent,,,loss,1,reveal Duke
Duke,Duke,0,4,ACTION,,,,,loss,8,Foreign Aid|Tax
Duke,Duke,0,4,ACTION_CHALLENGE,Tax,opponent,,,loss,5,pass
Duke,Duke,0,4,BLOCK,Foreign Aid,opponent,,,loss,10,block Duke
Duke,Duke,0,4,BLOCK_CHALLENGE,Foreign Aid,self,Duke,opponent,loss,7,pass
Duke,Duke,0,4,LOSE_INFLUENCE,Coup,opponent,,,loss,1,reveal Duke
Duke,Duke,0,5,ACTION,,,,,loss,8,Foreign Aid|Tax
Duke,Duke,0,5,ACTION_CHALLENGE,Tax,opponent,,,loss,5,pass
Duke,Duke,0,5,BLOCK,Foreign Aid,opponent,,,loss,10,block Duke
Duke,Duke,0,5,BLOCK_CHALLENGE,Foreign Aid,self,Duke,opponent,loss,7,pass
Duke,Duke,0,5,LOSE_INFLUENCE,Coup,opponent,,,loss,1,reveal Duke
Duke,Duke,0,6,ACTION,,,,,loss,7,Foreign Aid|Tax
Duke,Duke,0,6,ACTION_CHALLENGE,Tax,opponent,,,loss,5,pass
Duke,Duke,0,6,BLOCK,Foreign Aid,opponent,,,loss,9,block Duke
Duke,Duke,0,6,BLOCK_CHALLENGE,Foreign Aid,self,Duke,opponent,loss,6,pass
Duke,Duke,0,7,ACTION,,,,,loss,4,Foreign Aid|Tax
Duke,Duke,0,7,ACTION_CHALLENGE,Tax,opponent,,,loss,5,pass
Duke,Duke,0,7,BLOCK,Foreign Aid,opponent,,,loss,6,block Duke
Duke,Duke,0,7,BLOCK_CHALLENGE,Foreign Aid,self,Duke,opponent,loss,3,pass
Duke,Duke,0,8,ACTION,,,,,loss,4,Foreign Aid|Tax
Duke,Duke,0,8,ACTION_CHALLENGE,Tax,opponent,,,loss,5,pass
Duke,Duke,0,8,BLOCK,Foreign Aid,opponent,,,loss,6,block Duke
Duke,Duke,0,8,BLOCK_CHALLENGE,Foreign Aid,self,Duke,opponent,loss,3,pass
Duke,Duke,0,9,ACTION,,,,,loss,4,Foreign Aid|Tax
Duke,Duke,0,9,ACTION_CHALLENGE,Tax,opponent,,,loss,5,pass
Duke,Duke,0,9,BLOCK,Foreign Aid,opponent,,,loss,6,block Duke
Duke,Duke,0,9,BLOCK_CHALLENGE,Foreign Aid,self,Duke,opponent,loss,3,pass
Duke,Duke,0,10,ACTION,,,,,loss,4,Foreign Aid|Tax
Duke,Duke,0,10,BLOCK_CHALLENGE,Foreign Aid,self,Duke,opponent,loss,3,pass
Duke,Duke,0,11,ACTION,,,,,loss,4,Foreign Aid|Tax
Duke,Duke,0,11,BLOCK_CHALLENGE,Foreign Aid,self,Duke,opponent,loss,3,pass
Duke,Duke,0,12,ACTION,,,,,loss,4,Foreign Aid|Tax
Duke,Duke,0,12,BLOCK_CHALLENGE,Foreign Aid,self,Duke,opponent,loss,3,pass
Duke,Duke,1,0,ACTION,,,,,win,10,Tax
Duke,Duke,1,0,ACTION_CHALLENGE,Tax,opponent,,,win,11,pass
Duke,Duke,1,0,BLOCK,Foreign Aid,opponent,,,win,11,pass
Duke,Duke,1,0,BLOCK_CHALLENGE,Foreign Aid,self,Duke,opponent,win,13,pass
Duke,Duke,1,0,LOSE_INFLUENCE,Coup,opponent,,,loss,1,reveal Duke
Duke,Duke,1,1,ACTION,,,,,win,10,Tax
Duke,Duke,1,1,ACTION_CHALLENGE,Tax,opponent,,,loss,9,pass
Duke,Duke,1,1,BLOCK,Foreign Aid,opponent,,,win,11,pass
Duke,Duke,1,1,BLOCK_CHALLENGE,Foreign Aid,self,Duke,opponent,loss,11,pass
Duke,Duke,1,1,LOSE_INFLUENCE,Coup,opponent,,,loss,1,reveal Duke
Duke,Duke,1,2,ACTION,,,,,win,10,Tax
Duke,Duke,1,2,ACTION_CHALLENGE,Tax,opponent,,,loss,9,pass
Duke,Duke,1,2,BLOCK,Foreign Aid,opponent,,,win,12,block Duke
Duke,Duke,1,2,BLOCK_CHALLENGE,Foreign Aid,self,Duke,opponent,loss,11,pass
Duke,Duke,1,2,LOSE_INFLUENCE,Coup,opponent,,,loss,1,reveal Duke
Duke,Duke,1,3,ACTION,,,,,win,10,Tax
Duke,Duke,1,3,ACTION_CHALLENGE,Tax,opponent,,,loss,8,pass
Duke,Duke,1,3,BLOCK,Foreign Aid,opponent,,,win,12,block Duke
Duke,Duke,1,3,BLOCK_CHALLENGE,Foreign Aid,self,Duke,opponent,loss,10,pass
Duke,Duke,1,3,LOSE_INFLUENCE,Coup,opponent,,,loss,1,reveal Duke
Duke,Duke,1,4,ACTION,,,,,loss,8,Foreign Aid|Tax
Duke,Duke,1,4,ACTION_CHALLENGE,Tax,opponent,,,loss,5,pass
Duke,Duke,1,4,BLOCK,Foreign Aid,opponent,,,loss,10,block Duke
Duke,Duke,1,4,BLOCK_CHALLENGE,Foreign Aid,self,Duke,opponent,loss,7,pass
Duke,Duke,1,4,LOSE_INFLUENCE,Coup,opponent,,,loss,1,reveal Duke
Duke,Duke,1,5,ACTION,,,,,loss,8,Foreign Aid|Tax
Duke,Duke,1,5,ACTION_CHALLENGE,Tax,opponent,,,loss,5,pass
Duke,Duke,1,5,BLOCK,Foreign Aid,opponent,,,loss,10,block Duke
Duke,Duke,1,5,BLOCK_CHALLENGE,Foreign Aid,self,Duke,opponent,loss,7,pass
Duke,Duke,1,5,LOSE_INFLUENCE,Coup,opponent,,,loss,1,reveal Duke
Duke,Duke,1,6,ACTION,,,,,loss,7,Foreign Aid|Tax
Duke,Duke,1,6,ACTION_CHALLENGE,Tax,opponent,,,loss,5,pass
Duke,Duke,1,6,BLOCK,Foreign Aid,opponent,,,loss,9,block Duke
Duke,Duke,1,6,BLOCK_CHALLENGE,Foreign Aid,self,Duke,opponent,loss,6,pass
Duke,Duke,1,7,ACTION,,,,,loss,4,Foreign Aid|Tax
Duke,Duke,1,7,ACTION_CHALLENGE,Tax,opponent,,,loss,5,pass
Duke,Duke,1,7,BLOCK,Foreign Aid,opponent,,,loss,6,block Duke
Duke,Duke,1,7,BLOCK_CHALLENGE,Foreign Aid,self,Duke,opponent,loss,3,pass
Duke,Duke,1,8,ACTION,,,,,loss,4,Foreign Aid|Tax
Duke,Duke,1,8,ACTION_CHALLENGE,Tax,opponent,,,loss,5,pass
Duke,Duke,1,8,BLOCK,Foreign Aid,opponent,,,loss,6,block Duke
Duke,Duke,1,8,BLOCK_CHALLENGE,Foreign Aid,self,Duke,opponent,loss,3,pass
Duke,Duke,1,9,ACTION,,,,,loss,4,Foreign Aid|Tax
Duke,Duke,1,9,ACTION_CHALLENGE,Tax,opponent,,,loss,5,pass
Duke,Duke,1,9,BLOCK,Foreign Aid,opponent,,,loss,6,block Duke
Duke,Duke,1,9,BLOCK_CHALLENGE,Foreign Aid,self,Duke,opponent,loss,3,pass
Duke,Duke,1,10,ACTION,,,,,loss,4,Foreign Aid|Tax
Duke,Duke,1,10,BLOCK_CHALLENGE,Foreign Aid,self,Duke,opponent,loss,3,pass
Duke,Duke,1,11,ACTION,,,,,loss,4,Foreign Aid|Tax
Duke,Duke,1,11,BLOCK_CHALLENGE,Foreign Aid,self,Duke,opponent,loss,3,pass
Duke,Duke,1,12,ACTION,,,,,loss,4,Foreign Aid|Tax
Duke,Duke,1,12,BLOCK_CHALLENGE,Foreign Aid,self,Duke,opponent,loss,3,pass
Duke,Duke,2,0,ACTION,,,,,win,10,Tax
Duke,Duke,2,0,ACTION_CHALLENGE,Tax,opponent,,,win,11,pass
Duke,Duke,2,0,BLOCK,Foreign Aid,opponent,,,win,11,pass
Duke,Duke,2,0,BLOCK_CHALLENGE,Foreign Aid,self,Duke,opponent,win,13,pass
Duke,Duke,2,0,LOSE_INFLUENCE,Coup,opponent,,,loss,1,reveal Duke
Duke,Duke,2,1,ACTION,,,,,win,10,Tax
Duke,Duke,2,1,ACTION_CHALLENGE,Tax,opponent,,,loss,9,pass
Duke,Duke,2,1,BLOCK,Foreign Aid,opponent,,,win,11,pass
Duke,Duke,2,1,BLOCK_CHALLENGE,Foreign Aid,self,Duke,opponent,loss,11,pass
Duke,Duke,2,1,LOSE_INFLUENCE,Coup,opponent,,,loss,1,reveal Duke
Duke,Duke,2,2,ACTION,,,,,win,10,Tax
Duke,Duke,2,2,ACTION_CHALLENGE,Tax,opponent,,,loss,9,pass
Duke,Duke,2,2,BLOCK,Foreign Aid,opponent,,,win,12,block Duke
Duke,Duke,2,2,BLOCK_CHALLENGE,Foreign Aid,self,Duke,opponent,loss,11,pass
Duke,Duke,2,2,LOSE_INFLUENCE,Coup,opponent,,,loss,1,reveal Duke
Duke,Duke,2,3,ACTION,,,,,win,10,Tax
Duke,Duke,2,3,ACTION_CHALLENGE,Tax,opponent,,,loss,8,pass
Duke,Duke,2,3,BLOCK,Foreign Aid,opponent,,,win,12,block Duke
Duke,Duke,2,3,BLOCK_CHALLENGE,Foreign Aid,self,Duke,opponent,loss,10,pass
Duke,Duke,2,3,LOSE_INFLUENCE,Coup,opponent,,,loss,1,reveal Duke
Duke,Duke,2,4,ACTION,,,,,loss,8,Foreign Aid|Tax
Duke,Duke,2,4,ACTION_CHALLENGE,Tax,opponent,,,loss,5,pass
Duke,Duke,2,4,BLOCK,Foreign Aid,opponent,,,loss,10,block Duke
Duke,Duke,2,4,BLOCK_CHALLENGE,Foreign Aid,self,Duke,opponent,loss,7,pass
Duke,Duke,2,4,LOSE_INFLUENCE,Coup,opponent,,,loss,1,reveal Duke
Duke,Duke,2,5,ACTION,,,,,loss,8,Foreign Aid|Tax
Duke,Duke,2,5,ACTION_CHALLENGE,Tax,opponent,,,loss,5,pass
Duke,Duke,2,5,BLOCK,Foreign Aid,opponent,,,loss,10,block Duke
Duke,Duke,2,5,BLOCK_CHALLENGE,Foreign Aid,self,Duke,opponent,loss,7,pass
Duke,Duke,2,5,LOSE_INFLUENCE,Coup,opponent,,,loss,1,reveal Duke
Duke,Duke,2,6,ACTION,,,,,loss,7,Foreign Aid|Tax
Duke,Duke,2,6,ACTION_CHALLENGE,Tax,opponent,,,loss,5,pass
Duke,Duke,2,6,BLOCK,Foreign Aid,opponent,,,loss,9,block Duke
Duke,Duke,2,6,BLOCK_CHALLENGE,Foreign Aid,self,Duke,opponent,loss,6,pass
Duke,Duke,2,7,ACTION,,,,,loss,4,Foreign Aid|Tax
Duke,Duke,2,7,ACTION_CHALLENGE,Tax,opponent,,,loss,5,pass
Duke,Duke,2,7,BLOCK,Foreign Aid,opponent,,,loss,6,block Duke
Duke,Duke,2,7,BLOCK_CHALLENGE,Foreign Aid,self,Duke,opponent,loss,3,pass
Duke,Duke,2,8,ACTION,,,,,loss,4,Foreign Aid|Tax
Duke,Duke,2,8,ACTION_CHALLENGE,Tax,opponent,,,loss,5,pass
Duke,Duke,2,8,BLOCK,Foreign Aid,opponent,,,loss,6,block Duke
Duke,Duke,2,8,BLOCK_CHALLENGE,Foreign Aid,self,Duke,opponent,loss,3,pass
Duke,Duke,2,9,ACTION,,,,,loss,4,Foreign Aid|Tax
Duke,Duke,2,9,ACTION_CHALLENGE,Tax,opponent,,,loss,5,pass
Duke,Duke,2,9,BLOCK,Foreign Aid,opponent,,,loss,6,block Duke
Duke,Duke,2,9,BLOCK_CHALLENGE,Foreign Aid,self,Duke,opponent,loss,3,pass
Duke,Duke,2,10,ACTION,,,,,loss,4,Foreign Aid|Tax
Duke,Duke,2,10,BLOCK_CHALLENGE,Foreign Aid,self,Duke,opponent,loss,3,pass
Duke,Duke,2,11,ACTION,,,,,loss,4,Foreign Aid|Tax
Duke,Duke,2,11,BLOCK_CHALLENGE,Foreign Aid,self,Duke,opponent,loss,3,pass
Duke,Duke,2,12,ACTION,,,,,loss,4,Foreign Aid|Tax
Duke,Duke,2,12,BLOCK_CHALLENGE,Foreign Aid,self,Duke,opponent,loss,3,pass
Duke,Duke,3,0,ACTION,,,,,win,9,Income|Tax
Duke,Duke,3,0,ACTION_CHALLENGE,Tax,opponent,,,win,10,pass
Duke,Duke,3,0,BLOCK,Foreign Aid,opponent,,,win,10,pass
Duke,Duke,3,0,BLOCK_CHALLENGE,Foreign Aid,self,Duke,opponent,win,12,pass
Duke,Duke,3,0,LOSE_INFLUENCE,Coup,opponent,,,loss,1,reveal Duke
Duke,Duke,3,1,ACTION,,,,,win,9,Income|Tax
Duke,Duke,3,1,ACTION_CHALLENGE,Tax,opponent,,,loss,9,pass
Duke,Duke,3,1,BLOCK,Foreign Aid,opponent,,,win,10,pass
Duke,Duke,3,1,BLOCK_CHALLENGE,Foreign Aid,self,Duke,opponent,loss,11,pass
Duke,Duke,3,1,LOSE_INFLUENCE,Coup,opponent,,,loss,1,reveal Duke
Duke,Duke,3,2,ACTION,,,,,win,9,Income|Tax
Duke,Duke,3,2,ACTION_CHALLENGE,Tax,opponent,,,loss,9,pass
Duke,Duke,3,2,BLOCK,Foreign Aid,opponent,,,win,11,block Duke
Duke,Duke,3,2,BLOCK_CHALLENGE,Foreign Aid,self,Duke,opponent,loss,11,pass
Duke,Duke,3,2,LOSE_INFLUENCE,Coup,opponent,,,loss,1,reveal Duke
Duke,Duke,3,3,ACTION,,,,,win,9,Income|Tax
Duke,Duke,3,3,ACTION_CHALLENGE,Tax,opponent,,,loss,8,pass
Duke,Duke,3,3,BLOCK,Foreign Aid,opponent,,,win,11,block Duke
Duke,Duke,3,3,BLOCK_CHALLENGE,Foreign Aid,self,Duke,opponent,loss,10,pass
Duke,Duke,3,3,LOSE_INFLUENCE,Coup,opponent,,,loss,1,reveal Duke
Duke,Duke,3,4,ACTION,,,,,loss,8,Foreign Aid|Tax
Duke,Duke,3,4,ACTION_CHALLENGE,Tax,opponent,,,loss,5,pass
Duke,Duke,3,4,BLOCK,Foreign Aid,opponent,,,loss,10,block Duke
Duke,Duke,3,4,BLOCK_CHALLENGE,Foreign Aid,self,Duke,opponent,loss,7,pass
Duke,Duke,3,4,LOSE_INFLUENCE,Coup,opponent,,,loss,1,reveal Duke
Duke,Duke,3,5,ACTION,,,,,loss,8,Foreign Aid|Tax
Duke,Duke,3,5,ACTION_CHALLENGE,Tax,opponent,,,loss,5,pass
Duke,Duke,3,5,BLOCK,Foreign Aid,opponent,,,loss,10,block Duke
Duke,Duke,3,5,BLOCK_CHALLENGE,Foreign Aid,self,Duke,opponent,loss,7,pass
Duke,Duke,3,5,LOSE_INFLUENCE,Coup,opponent,,,loss,1,reveal Duke
Duke,Duke,3,6,ACTION,,,,,loss,7,Foreign Aid|Tax
Duke,Duke,3,6,ACTION_CHALLENGE,Tax,opponent,,,loss,5,pass
Duke,Duke,3,6,BLOCK,Foreign Aid,opponent,,,loss,9,block Duke
Duke,Duke,3,6,BLOCK_CHALLENGE,Foreign Aid,self,Duke,opponent,loss,6,pass
Duke,Duke,3,7,ACTION,,,,,loss,4,Foreign Aid|Tax
Duke,Duke,3,7,ACTION_CHALLENGE,Tax,opponent,,,loss,5,pass
Duke,Duke,3,7,BLOCK,Foreign Aid,opponent,,,loss,6,block Duke
Duke,Duke,3,7,BLOCK_CHALLENGE,Foreign Aid,self,Duke,opponent,loss,3,pass
Duke,Duke,3,8,ACTION,,,,,loss,4,Foreign Aid|Tax
Duke,Duke,3,8,ACTION_CHALLENGE,Tax,opponent,,,loss,5,pass
Duke,Duke,3,8,BLOCK,Foreign Aid,opponent,,,loss,6,block Duke
Duke,Duke,3,8,BLOCK_CHALLENGE,Foreign Aid,self,Duke,opponent,loss,3,pass
Duke,Duke,3,9,ACTION,,,,,loss,4,Foreign Aid|Tax
Duke,Duke,3,9,ACTION_CHALLENGE,Tax,opponent,,,loss,5,pass
Duke,Duke,3,9,BLOCK,Foreign Aid,opponent,,,loss,6,block Duke
Duke,Duke,3,9,BLOCK_CHALLENGE,Foreign Aid,self,Duke,opponent,loss,3,pass
Duke,Duke,3,10,ACTION,,,,,loss,4,Foreign Aid|Tax
Duke,Duke,3,10,BLOCK_CHALLENGE,Foreign Aid,self,Duke,opponent,loss,3,pass
Duke,Duke,3,11,ACTION,,,,,loss,4,Foreign Aid|Tax
Duke,Duke,3,11,BLOCK_CHALLENGE,Foreign Aid,self,Duke,opponent,loss,3,pass
Duke,Duke,3,12,ACTION,,,,,loss,4,Foreign Aid|Tax
Duke,Duke,3,12,BLOCK_CHALLENGE,Foreign Aid,self,Duke,opponent,loss,3,pass
Duke,Duke,4,0,ACTION,,,,,win,6,Tax
Duke,Duke,4,0,ACTION_CHALLENGE,Tax,opponent,,,win,7,pass
Duke,Duke,4,0,BLOCK,Foreign Aid,opponent,,,win,7,pass
Duke,Duke,4,0,BLOCK_CHALLENGE,Foreign Aid,self,Duke,opponent,win,9,pass
Duke,Duke,4,0,LOSE_INFLUENCE,Coup,opponent,,,loss,1,reveal Duke
Duke,Duke,4,1,ACTION,,,,,win,6,Tax
Duke,Duke,4,1,ACTION_CHALLENGE,Tax,opponent,,,win,7,pass
Duke,Duke,4,1,BLOCK,Foreign Aid,opponent,,,win,7,pass
Duke,Duke,4,1,BLOCK_CHALLENGE,Foreign Aid,self,Duke,opponent,win,9,pass
Duke,Duke,4,1,LOSE_INFLUENCE,Coup,opponent,,,loss,1,reveal Duke
Duke,Duke,4,2,ACTION,,,,,win,6,Tax
Duke,Duke,4,2,ACTION_CHALLENGE,Tax,opponent,,,win,7,pass
Duke,Duke,4,2,BLOCK,Foreign Aid,opponent,,,win,7,pass
Duke,Duke,4,2,BLOCK_CHALLENGE,Foreign Aid,self,Duke,opponent,win,9,pass
Duke,Duke,4,2,LOSE_INFLUENCE,Coup,opponent,,,loss,1,reveal Duke
Duke,Duke,4,3,ACTION,,,,,win,6,Tax
Duke,Duke,4,3,ACTION_CHALLENGE,Tax,opponent,,,win,7,pass
Duke,Duke,4,3,BLOCK,Foreign Aid,opponent,,,win,7,pass
Duke,Duke,4,3,BLOCK_CHALLENGE,Foreign Aid,self,Duke,opponent,win,9,pass
Duke,Duke,4,3,LOSE_INFLUENCE,Coup,opponent,,,loss,1,reveal Duke
Duke,Duke,4,4,ACTION,,,,,win,6,Tax
Duke,Duke,4,4,ACTION_CHALLENGE,Tax,opponent,,,loss,5,pass
Duke,Duke,4,4,BLOCK,Foreign Aid,opponent,,,win,7,pass
Duke,Duke,4,4,BLOCK_CHALLENGE,Foreign Aid,self,Duke,opponent,loss,7,pass
Duke,Duke,4,4,LOSE_INFLUENCE,Coup,opponent,,,loss,1,reveal Duke
Duke,Duke,4,5,ACTION,,,,,win,6,Tax
Duke,Duke,4,5,ACTION_CHALLENGE,Tax,opponent,,,loss,5,pass
Duke,Duke,4,5,BLOCK,Foreign Aid,opponent,,,win,8,block Duke
Duke,Duke,4,5,BLOCK_CHALLENGE,Foreign Aid,self,Duke,opponent,loss,7,pass
Duke,Duke,4,5,LOSE_INFLUENCE,Coup,opponent,,,loss,1,reveal Duke
Duke,Duke,4,6,ACTION,,,,,win,6,Tax
Duke,Duke,4,6,ACTION_CHALLENGE,Tax,opponent,,,loss,5,pass
Duke,Duke,4,6,BLOCK,Foreign Aid,opponent,,,win,8,block Duke
Duke,Duke,4,6,BLOCK_CHALLENGE,Foreign Aid,self,Duke,opponent,loss,6,pass
Duke,Duke,4,7,ACTION,,,,,loss,4,Foreign Aid|Tax
Duke,Duke,4,7,ACTION_CHALLENGE,Tax,opponent,,,loss,5,pass
Duke,Duke,4,7,BLOCK,Foreign Aid,opponent,,,loss,6,block Duke
Duke,Duke,4,7,BLOCK_CHALLENGE,Foreign Aid,self,Duke,opponent,loss,3,pass
Duke,Duke,4,8,ACTION,,,,,loss,4,Foreign Aid|Tax
Duke,Duke,4,8,ACTION_CHALLENGE,Tax,opponent,,,loss,5,pass
Duke,Duke,4,8,BLOCK,Foreign Aid,opponent,,,loss,6,block Duke
Duke,Duke,4,8,BLOCK_CHALLENGE,Foreign Aid,self,Duke,opponent,loss,3,pass
Duke,Duke,4,9,ACTION,,,,,loss,4,Foreign Aid|Tax
Duke,Duke,4,9,ACTION_CHALLENGE,Tax,opponent,,,loss,5,pass
Duke,Duke,4,9,BLOCK,Foreign Aid,opponent,,,loss,6,block Duke
Duke,Duke,4,9,BLOCK_CHALLENGE,Foreign Aid,self,Duke,opponent,loss,3,pass
Duke,Duke,4,10,ACTION,,,,,loss,4,Foreign Aid|Tax
Duke,Duke,4,10,BLOCK_CHALLENGE,Foreign Aid,self,Duke,opponent,loss,3,pass
Duke,Duke,4,11,ACTION,,,,,loss,4,Foreign Aid|Tax
Duke,Duke,4,11,BLOCK_CHALLENGE,Foreign Aid,self,Duke,opponent,loss,3,pass
Duke,Duke,4,12,ACTION,,,,,loss,4,Foreign Aid|Tax
Duke,Duke,4,12,BLOCK_CHALLENGE,Foreign Aid,self,Duke,opponent,loss,3,pass
Duke,Duke,5,0,ACTION,,,,,win,6,Tax
Duke,Duke,5,0,ACTION_CHALLENGE,Tax,opponent,,,win,7,pass
Duke,Duke,5,0,BLOCK,Foreign Aid,opponent,,,win,7,pass
Duke,Duke,5,0,BLOCK_CHALLENGE,Foreign Aid,self,Duke,opponent,win,9,pass
Duke,Duke,5,0,LOSE_INFLUENCE,Coup,opponent,,,loss,1,reveal Duke
Duke,Duke,5,1,ACTION,,,,,win,6,Tax
Duke,Duke,5,1,ACTION_CHALLENGE,Tax,opponent,,,win,7,pass
Duke,Duke,5,1,BLOCK,Foreign Aid,opponent,,,win,7,pass
Duke,Duke,5,1,BLOCK_CHALLENGE,Foreign Aid,self,Duke,opponent,win,9,pass
Duke,Duke,5,1,LOSE_INFLUENCE,Coup,opponent,,,loss,1,reveal Duke
Duke,Duke,5,2,ACTION,,,,,win,6,Tax
Duke,Duke,5,2,ACTION_CHALLENGE,Tax,opponent,,,win,7,pass
Duke,Duke,5,2,BLOCK,Foreign Aid,opponent,,,win,7,pass
Duke,Duke,5,2,BLOCK_CHALLENGE,Foreign Aid,self,Duke,opponent,win,9,pass
Duke,Duke,5,2,LOSE_INFLUENCE,Coup,opponent,,,loss,1,reveal Duke
Duke,Duke,5,3,ACTION,,,,,win,6,Tax
Duke,Duke,5,3,ACTION_CHALLENGE,Tax,opponent,,,win,7,pass
Duke,Duke,5,3,BLOCK,Foreign Aid,opponent,,,win,7,pass
Duke,Duke,5,3,BLOCK_CHALLENGE,Foreign Aid,self,Duke,opponent,win,9,pass
Duke,Duke,5,3,LOSE_INFLUENCE,Coup,opponent,,,loss,1,reveal Duke
Duke,Duke,5,4,ACTION,,,,,win,6,Tax
Duke,Duke,5,4,ACTION_CHALLENGE,Tax,opponent,,,loss,5,pass
Duke,Duke,5,4,BLOCK,Foreign Aid,opponent,,,win,7,pass
Duke,Duke,5,4,BLOCK_CHALLENGE,Foreign Aid,self,Duke,opponent,loss,7,pass
Duke,Duke,5,4,LOSE_INFLUENCE,Coup,opponent,,,loss,1,reveal Duke
Duke,Duke,5,5,ACTION,,,,,win,6,Tax
Duke,Duke,5,5,ACTION_CHALLENGE,Tax,opponent,,,loss,5,pass
Duke,Duke,5,5,BLOCK,Foreign Aid,opponent,,,win,8,block Duke
Duke,Duke,5,5,BLOCK_CHALLENGE,Foreign Aid,self,Duke,opponent,loss,7,pass
Duke,Duke,5,5,LOSE_INFLUENCE,Coup,opponent,,,loss,1,reveal Duke
Duke,Duke,5,6,ACTION,,,,,win,6,Tax
Duke,Duke,5,6,ACTION_CHALLENGE,Tax,opponent,,,loss,5,pass
Duke,Duke,5,6,BLOCK,Foreign Aid,opponent,,,win,8,block Duke
Duke,Duke,5,6,BLOCK_CHALLENGE,Foreign Aid,self,Duke,opponent,loss,6,pass
Duke,Duke,5,7,ACTION,,,,,loss,4,Foreign Aid|Tax
Duke,Duke,5,7,ACTION_CHALLENGE,Tax,opponent,,,loss,5,pass
Duke,Duke,5,7,BLOCK,Foreign Aid,opponent,,,loss,6,block Duke
Duke,Duke,5,7,BLOCK_CHALLENGE,Foreign Aid,self,Duke,opponent,loss,3,pass
Duke,Duke,5,8,ACTION,,,,,loss,4,Foreign Aid|Tax
Duke,Duke,5,8,ACTION_CHALLENGE,Tax,opponent,,,loss,5,pass
Duke,Duke,5,8,BLOCK,Foreign Aid,opponent,,,loss,6,block Duke
Duke,Duke,5,8,BLOCK_CHALLENGE,Foreign Aid,self,Duke,opponent,loss,3,pass
Duke,Duke,5,9,ACTION,,,,,loss,4,Foreign Aid|Tax
Duke,Duke,5,9,ACTION_CHALLENGE,Tax,opponent,,,loss,5,pass
Duke,Duke,5,9,BLOCK,Foreign Aid,opponent,,,loss,6,block Duke
Duke,Duke,5,9,BLOCK_CHALLENGE,Foreign Aid,self,Duke,opponent,loss,3,pass
Duke,Duke,5,10,ACTION,,,,,loss,4,Foreign Aid|Tax
Duke,Duke,5,10,BLOCK_CHALLENGE,Foreign Aid,self,Duke,opponent,loss,3,pass
Duke,Duke,5,11,ACTION,,,,,loss,4,Foreign Aid|Tax
Duke,Duke,5,11,BLOCK_CHALLENGE,Foreign Aid,self,Duke,opponent,loss,3,pass
Duke,Duke,5,12,ACTION,,,,,loss,4,Foreign Aid|Tax
Duke,Duke,5,12,BLOCK_CHALLENGE,Foreign Aid,self,Duke,opponent,loss,3,pass
Duke,Duke,6,0,ACTION,,,,,win,5,Income
Duke,Duke,6,0,ACTION_CHALLENGE,Tax,opponent,,,win,6,pass
Duke,Duke,6,0,BLOCK,Foreign Aid,opponent,,,win,6,pass
Duke,Duke,6,0,BLOCK_CHALLENGE,Foreign Aid,self,Duke,opponent,win,8,pass
Duke,Duke,6,0,LOSE_INFLUENCE,Coup,opponent,,,loss,1,reveal Duke
Duke,Duke,6,1,ACTION,,,,,win,5,Income
Duke,Duke,6,1,ACTION_CHALLENGE,Tax,opponent,,,win,6,pass
Duke,Duke,6,1,BLOCK,Foreign Aid,opponent,,,win,6,pass
Duke,Duke,6,1,BLOCK_CHALLENGE,Foreign Aid,self,Duke,opponent,win,8,pass
Duke,Duke,6,1,LOSE_INFLUENCE,Coup,opponent,,,loss,1,reveal Duke
Duke,Duke,6,2,ACTION,,,,,win,5,Income
Duke,Duke,6,2,ACTION_CHALLENGE,Tax,opponent,,,win,6,pass
Duke,Duke,6,2,BLOCK,Foreign Aid,opponent,,,win,6,pass
Duke,Duke,6,2,BLOCK_CHALLENGE,Foreign Aid,self,Duke,opponent,win,8,pass
Duke,Duke,6,2,LOSE_INFLUENCE,Coup,opponent,,,loss,1,reveal Duke
Duke,Duke,6,3,ACTION,,,,,win,5,Income
Duke,Duke,6,3,ACTION_CHALLENGE,Tax,opponent,,,win,6,pass
Duke,Duke,6,3,BLOCK,Foreign Aid,opponent,,,win,6,pass
Duke,Duke,6,3,BLOCK_CHALLENGE,Foreign Aid,self,Duke,opponent,win,8,pass
Duke,Duke,6,3,LOSE_INFLUENCE,Coup,opponent,,,loss,1,reveal Duke
Duke,Duke,6,4,ACTION,,,,,win,5,Income
Duke,Duke,6,4,ACTION_CHALLENGE,Tax,opponent,,,loss,5,pass
Duke,Duke,6,4,BLOCK,Foreign Aid,opponent,,,win,6,pass
Duke,Duke,6,4,BLOCK_CHALLENGE,Foreign Aid,self,Duke,opponent,loss,7,pass
Duke,Duke,6,4,LOSE_INFLUENCE,Coup,opponent,,,loss,1,reveal Duke
Duke,Duke,6,5,ACTION,,,,,win,5,Income
Duke,Duke,6,5,ACTION_CHALLENGE,Tax,opponent,,,loss,5,pass
Duke,Duke,6,5,BLOCK,Foreign Aid,opponent,,,win,7,block Duke
Duke,Duke,6,5,BLOCK_CHALLENGE,Foreign Aid,self,Duke,opponent,loss,7,pass
Duke,Duke,6,5,LOSE_INFLUENCE,Coup,opponent,,,loss,1,reveal Duke
Duke,Duke,6,6,ACTION,,,,,win,5,Income
Duke,Duke,6,6,ACTION_CHALLENGE,Tax,opponent,,,loss,5,pass
Duke,Duke,6,6,BLOCK,Foreign Aid,opponent,,,win,7,block Duke
Duke,Duke,6,6,BLOCK_CHALLENGE,Foreign Aid,self,Duke,opponent,loss,6,pass
Duke,Duke,6,7,ACTION,,,,,loss,4,Foreign Aid|Tax
Duke,Duke,6,7,ACTION_CHALLENGE,Tax,opponent,,,loss,5,pass
Duke,Duke,6,7,BLOCK,Foreign Aid,opponent,,,loss,6,block Duke
Duke,Duke,6,7,BLOCK_CHALLENGE,Foreign Aid,self,Duke,opponent,loss,3,pass
Duke,Duke,6,8,ACTION,,,,,loss,4,Foreign Aid|Tax
Duke,Duke,6,8,ACTION_CHALLENGE,Tax,opponent,,,loss,5,pass
Duke,Duke,6,8,BLOCK,Foreign Aid,opponent,,,loss,6,block Duke
Duke,Duke,6,8,BLOCK_CHALLENGE,Foreign Aid,self,Duke,opponent,loss,3,pass
Duke,Duke,6,9,ACTION,,,,,loss,4,Foreign Aid|Tax
Duke,Duke,6,9,ACTION_CHALLENGE,Tax,opponent,,,loss,5,pass
Duke,Duke,6,9,BLOCK,Foreign Aid,opponent,,,loss,6,block Duke
Duke,Duke,6,9,BLOCK_CHALLENGE,Foreign Aid,self,Duke,opponent,loss,3,pass
Duke,Duke,6,10,ACTION,,,,,loss,4,Foreign Aid|Tax
Duke,Duke,6,10,BLOCK_CHALLENGE,Foreign Aid,self,Duke,opponent,loss,3,pass
Duke,Duke,6,11,ACTION,,,,,loss,4,Foreign Aid|Tax
Duke,Duke,6,11,BLOCK_CHALLENGE,Foreign Aid,self,Duke,opponent,loss,3,pass
Duke,Duke,6,12,ACTION,,,,,loss,4,Foreign Aid|Tax
Duke,Duke,6,12,BLOCK_CHALLENGE,Foreign Aid,self,Duke,opponent,loss,3,pass
Duke,Duke,7,0,ACTION,,,,,win,2,Coup
Duke,Duke,7,0,ACTION_CHALLENGE,Tax,opponent,,,win,3,pass
Duke,Duke,7,0,BLOCK,Foreign Aid,opponent,,,win,3,pass
Duke,Duke,7,0,BLOCK_CHALLENGE,Foreign Aid,self,Duke,opponent,win,5,pass
Duke,Duke,7,0,LOSE_INFLUENCE,Coup,opponent,,,loss,1,reveal Duke
Duke,Duke,7,1,ACTION,,,,,win,2,Coup
Duke,Duke,7,1,ACTION_CHALLENGE,Tax,opponent,,,win,3,pass
Duke,Duke,7,1,BLOCK,Foreign Aid,opponent,,,win,3,pass
Duke,Duke,7,1,BLOCK_CHALLENGE,Foreign Aid,self,Duke,opponent,win,5,pass
Duke,Duke,7,1,LOSE_INFLUENCE,Coup,opponent,,,loss,1,reveal Duke
Duke,Duke,7,2,ACTION,,,,,win,2,Coup
Duke,Duke,7,2,ACTION_CHALLENGE,Tax,opponent,,,win,3,pass
Duke,Duke,7,2,BLOCK,Foreign Aid,opponent,,,win,3,pass
Duke,Duke,7,2,BLOCK_CHALLENGE,Foreign Aid,self,Duke,opponent,win,5,pass
Duke,Duke,7,2,LOSE_INFLUENCE,Coup,opponent,,,loss,1,reveal Duke
Duke,Duke,7,3,ACTION,,,,,win,2,Coup
Duke,Duke,7,3,ACTION_CHALLENGE,Tax,opponent,,,win,3,pass
Duke,Duke,7,3,BLOCK,Foreign Aid,opponent,,,win,3,pass
Duke,Duke,7,3,BLOCK_CHALLENGE,Foreign Aid,self,Duke,opponent,win,5,pass
Duke,Duke,7,3,LOSE_INFLUENCE,Coup,opponent,,,loss,1,reveal Duke
Duke,Duke,7,4,ACTION,,,,,win,2,Coup
Duke,Duke,7,4,ACTION_CHALLENGE,Tax,opponent,,,win,3,pass
Duke,Duke,7,4,BLOCK,Foreign Aid,opponent,,,win,3,pass
Duke,Duke,7,4,BLOCK_CHALLENGE,Foreign Aid,self,Duke,opponent,win,5,pass
Duke,Duke,7,4,LOSE_INFLUENCE,Coup,opponent,,,loss,1,reveal Duke
Duke,Duke,7,5,ACTION,,,,,win,2,Coup
Duke,Duke,7,5,ACTION_CHALLENGE,Tax,opponent,,,win,3,pass
Duke,Duke,7,5,BLOCK,Foreign Aid,opponent,,,win,3,pass
Duke,Duke,7,5,BLOCK_CHALLENGE,Foreign Aid,self,Duke,opponent,win,5,pass
Duke,Duke,7,5,LOSE_INFLUENCE,Coup,opponent,,,loss,1,reveal Duke
Duke,Duke,7,6,ACTION,,,,,win,2,Coup
Duke,Duke,7,6,ACTION_CHALLENGE,Tax,opponent,,,win,3,pass
Duke,Duke,7,6,BLOCK,Foreign Aid,opponent,,,win,3,pass
Duke,Duke,7,6,BLOCK_CHALLENGE,Foreign Aid,self,Duke,opponent,win,5,pass
Duke,Duke,7,7,ACTION,,,,,win,2,Coup
Duke,Duke,7,7,ACTION_CHALLENGE,Tax,opponent,,,win,3,pass
Duke,Duke,7,7,BLOCK,Foreign Aid,opponent,,,win,3,pass
Duke,Duke,7,7,BLOCK_CHALLENGE,Foreign Aid,self,Duke,opponent,loss,3,pass
Duke,Duke,7,8,ACTION,,,,,win,2,Coup
Duke,Duke,7,8,ACTION_CHALLENGE,Tax,opponent,,,win,3,pass
Duke,Duke,7,8,BLOCK,Foreign Aid,opponent,,,win,3,pass
Duke,Duke,7,8,BLOCK_CHALLENGE,Foreign Aid,self,Duke,opponent,loss,3,pass
Duke,Duke,7,9,ACTION,,,,,win,2,Coup
Duke,Duke,7,9,ACTION_CHALLENGE,Tax,opponent,,,win,3,pass
Duke,Duke,7,9,BLOCK,Foreign Aid,opponent,,,win,3,pass
Duke,Duke,7,9,BLOCK_CHALLENGE,Foreign Aid,self,Duke,opponent,loss,3,pass
Duke,Duke,7,10,ACTION,,,,,win,2,Coup
Duke,Duke,7,10,BLOCK_CHALLENGE,Foreign Aid,self,Duke,opponent,loss,3,pass
Duke,Duke,7,11,ACTION,,,,,win,2,Coup
Duke,Duke,7,11,BLOCK_CHALLENGE,Foreign Aid,self,Duke,opponent,loss,3,pass
Duke,Duke,7,12,ACTION,,,,,win,2,Coup
Duke,Duke,7,12,BLOCK_CHALLENGE,Foreign Aid,self,Duke,opponent,loss,3,pass
Duke,Duke,8,0,ACTION,,,,,win,2,Coup
Duke,Duke,8,0,ACTION_CHALLENGE,Tax,opponent,,,win,3,pass
Duke,Duke,8,0,BLOCK,Foreign Aid,opponent,,,win,3,pass
Duke,Duke,8,0,BLOCK_CHALLENGE,Foreign Aid,self,Duke,opponent,win,5,pass
Duke,Duke,8,0,LOSE_INFLUENCE,Coup,opponent,,,loss,1,reveal Duke
Duke,Duke,8,1,ACTION,,,,,win,2,Coup
Duke,Duke,8,1,ACTION_CHALLENGE,Tax,opponent,,,win,3,pass
Duke,Duke,8,1,BLOCK,Foreign Aid,opponent,,,win,3,pass
Duke,Duke,8,1,BLOCK_CHALLENGE,Foreign Aid,self,Duke,opponent,win,5,pass
Duke,Duke,8,1,LOSE_INFLUENCE,Coup,opponent,,,loss,1,reveal Duke
Duke,Duke,8,2,ACTION,,,,,win,2,Coup
Duke,Duke,8,2,ACTION_CHALLENGE,Tax,opponent,,,win,3,pass
Duke,Duke,8,2,BLOCK,Foreign Aid,opponent,,,win,3,pass
Duke,Duke,8,2,BLOCK_CHALLENGE,Foreign Aid,self,Duke,opponent,win,5,pass
Duke,Duke,8,2,LOSE_INFLUENCE,Coup,opponent,,,loss,1,reveal Duke
Duke,Duke,8,3,ACTION,,,,,win,2,Coup
Duke,Duke,8,3,ACTION_CHALLENGE,Tax,opponent,,,win,3,pass
Duke,Duke,8,3,BLOCK,Foreign Aid,opponent,,,win,3,pass
Duke,Duke,8,3,BLOCK_CHALLENGE,Foreign Aid,self,Duke,opponent,win,5,pass
Duke,Duke,8,3,LOSE_INFLUENCE,Coup,opponent,,,loss,1,reveal Duke
Duke,Duke,8,4,ACTION,,,,,win,2,Coup
Duke,Duke,8,4,ACTION_CHALLENGE,Tax,opponent,,,win,3,pass
Duke,Duke,8,4,BLOCK,Foreign Aid,opponent,,,win,3,pass
Duke,Duke,8,4,BLOCK_CHALLENGE,Foreign Aid,self,Duke,opponent,win,5,pass
Duke,Duke,8,4,LOSE_INFLUENCE,Coup,opponent,,,loss,1,reveal Duke
Duke,Duke,8,5,ACTION,,,,,win,2,Coup
Duke,Duke,8,5,ACTION_CHALLENGE,Tax,opponent,,,win,3,pass
Duke,Duke,8,5,BLOCK,Foreign Aid,opponent,,,win,3,pass
Duke,Duke,8,5,BLOCK_CHALLENGE,Foreign Aid,self,Duke,opponent,win,5,pass
Duke,Duke,8,5,LOSE_INFLUENCE,Coup,opponent,,,loss,1,reveal Duke
Duke,Duke,8,6,ACTION,,,,,win,2,Coup
Duke,Duke,8,6,ACTION_CHALLENGE,Tax,opponent,,,win,3,pass
Duke,Duke,8,6,BLOCK,Foreign Aid,opponent,,,win,3,pass
Duke,Duke,8,6,BLOCK_CHALLENGE,Foreign Aid,self,Duke,opponent,win,5,pass
Duke,Duke,8,7,ACTION,,,,,win,2,Coup
Duke,Duke,8,7,ACTION_CHALLENGE,Tax,opponent,,,win,3,pass
Duke,Duke,8,7,BLOCK,Foreign Aid,opponent,,,win,3,pass
Duke,Duke,8,7,BLOCK_CHALLENGE,Foreign Aid,self,Duke,opponent,loss,3,pass
Duke,Duke,8,8,ACTION,,,,,win,2,Coup
Duke,Duke,8,8,ACTION_CHALLENGE,Tax,opponent,,,win,3,pass
Duke,Duke,8,8,BLOCK,Foreign Aid,opponent,,,win,3,pass
Duke,Duke,8,8,BLOCK_CHALLENGE,Foreign Aid,self,Duke,opponent,loss,3,pass
Duke,Duke,8,9,ACTION,,,,,win,2,Coup
Duke,Duke,8,9,ACTION_CHALLENGE,Tax,opponent,,,win,3,pass
Duke,Duke,8,9,BLOCK,Foreign Aid,opponent,,,win,3,pass
Duke,Duke,8,9,BLOCK_CHALLENGE,Foreign Aid,self,Duke,opponent,loss,3,pass
Duke,Duke,8,10,ACTION,,,,,win,2,Coup
Duke,Duke,8,10,BLOCK_CHALLENGE,Foreign Aid,self,Duke,opponent,loss,3,pass
Duke,Duke,8,11,ACTION,,,,,win,2,Coup
Duke,Duke,8,11,BLOCK_CHALLENGE,Foreign Aid,self,Duke,opponent,loss,3,pass
Duke,Duke,8,12,ACTION,,,,,win,2,Coup
Duke,Duke,8,12,BLOCK_CHALLENGE,Foreign Aid,self,Duke,opponent,loss,3,pass
Duke,Duke,9,0,ACTION,,,,,win,2,Coup
Duke,Duke,9,0,ACTION_CHALLENGE,Tax,opponent,,,win,3,pass
Duke,Duke,9,0,BLOCK,Foreign Aid,opponent,,,win,3,pass
Duke,Duke,9,0,BLOCK_CHALLENGE,Foreign Aid,self,Duke,opponent,win,5,pass
Duke,Duke,9,0,LOSE_INFLUENCE,Coup,opponent,,,loss,1,reveal Duke
Duke,Duke,9,1,ACTION,,,,,win,2,Coup
Duke,Duke,9,1,ACTION_CHALLENGE,Tax,opponent,,,win,3,pass
Duke,Duke,9,1,BLOCK,Foreign Aid,opponent,,,win,3,pass
Duke,Duke,9,1,BLOCK_CHALLENGE,Foreign Aid,self,Duke,opponent,win,5,pass
Duke,Duke,9,1,LOSE_INFLUENCE,Coup,opponent,,,loss,1,reveal Duke
Duke,Duke,9,2,ACTION,,,,,win,2,Coup
Duke,Duke,9,2,ACTION_CHALLENGE,Tax,opponent,,,win,3,pass
Duke,Duke,9,2,BLOCK,Foreign Aid,opponent,,,win,3,pass
Duke,Duke,9,2,BLOCK_CHALLENGE,Foreign Aid,self,Duke,opponent,win,5,pass
Duke,Duke,9,2,LOSE_INFLUENCE,Coup,opponent,,,loss,1,reveal Duke
Duke,Duke,9,3,ACTION,,,,,win,2,Coup
Duke,Duke,9,3,ACTION_CHALLENGE,Tax,opponent,,,win,3,pass
Duke,Duke,9,3,BLOCK,Foreign Aid,opponent,,,win,3,pass
Duke,Duke,9,3,BLOCK_CHALLENGE,Foreign Aid,self,Duke,opponent,win,5,pass
Duke,Duke,9,3,LOSE_INFLUENCE,Coup,opponent,,,loss,1,reveal Duke
Duke,Duke,9,4,ACTION,,,,,win,2,Coup
Duke,Duke,9,4,ACTION_CHALLENGE,Tax,opponent,,,win,3,pass
Duke,Duke,9,4,BLOCK,Foreign Aid,opponent,,,win,3,pass
Duke,Duke,9,4,BLOCK_CHALLENGE,Foreign Aid,self,Duke,opponent,win,5,pass
Duke,Duke,9,4,LOSE_INFLUENCE,Coup,opponent,,,loss,1,reveal Duke
Duke,Duke,9,5,ACTION,,,,,win,2,Coup
Duke,Duke,9,5,ACTION_CHALLENGE,Tax,opponent,,,win,3,pass
Duke,Duke,9,5,BLOCK,Foreign Aid,opponent,,,win,3,pass
Duke,Duke,9,5,BLOCK_CHALLENGE,Foreign Aid,self,Duke,opponent,win,5,pass
Duke,Duke,9,5,LOSE_INFLUENCE,Coup,opponent,,,loss,1,reveal Duke
Duke,Duke,9,6,ACTION,,,,,win,2,Coup
Duke,Duke,9,6,ACTION_CHALLENGE,Tax,opponent,,,win,3,pass
Duke,Duke,9,6,BLOCK,Foreign Aid,opponent,,,win,3,pass
Duke,Duke,9,6,BLOCK_CHALLENGE,Foreign Aid,self,Duke,opponent,win,5,pass
Duke,Duke,9,7,ACTION,,,,,win,2,Coup
Duke,Duke,9,7,ACTION_CHALLENGE,Tax,opponent,,,win,3,pass
Duke,Duke,9,7,BLOCK,Foreign Aid,opponent,,,win,3,pass
Duke,Duke,9,7,BLOCK_CHALLENGE,Foreign Aid,self,Duke,opponent,loss,3,pass
Duke,Duke,9,8,ACTION,,,,,win,2,Coup
Duke,Duke,9,8,ACTION_CHALLENGE,Tax,opponent,,,win,3,pass
Duke,Duke,9,8,BLOCK,Foreign Aid,opponent,,,win,3,pass
Duke,Duke,9,8,BLOCK_CHALLENGE,Foreign Aid,self,Duke,opponent,loss,3,pass
Duke,Duke,9,9,ACTION,,,,,win,2,Coup
Duke,Duke,9,9,ACTION_CHALLENGE,Tax,opponent,,,win,3,pass
Duke,Duke,9,9,BLOCK,Foreign Aid,opponent,,,win,3,pass
Duke,Duke,9,9,BLOCK_CHALLENGE,Foreign Aid,self,Duke,opponent,loss,3,pass
Duke,Duke,9,10,ACTION,,,,,win,2,Coup
Duke,Duke,9,10,BLOCK_CHALLENGE,Foreign Aid,self,Duke,opponent,loss,3,pass
Duke,Duke,9,11,ACTION,,,,,win,2,Coup
Duke,Duke,9,11,BLOCK_CHALLENGE,Foreign Aid,self,Duke,opponent,loss,3,pass
Duke,Duke,9,12,ACTION,,,,,win,2,Coup
Duke,Duke,9,12,BLOCK_CHALLENGE,Foreign Aid,self,Duke,opponent,loss,3,pass
Duke,Duke,10,0,ACTION,,,,,win,2,Coup
Duke,Duke,10,0,ACTION_CHALLENGE,Tax,opponent,,,win,3,pass
Duke,Duke,10,0,BLOCK,Foreign Aid,opponent,,,win,3,pass
Duke,Duke,10,0,LOSE_INFLUENCE,Coup,opponent,,,loss,1,reveal Duke
Duke,Duke,10,1,ACTION,,,,,win,2,Coup
Duke,Duke,10,1,ACTION_CHALLENGE,Tax,opponent,,,win,3,pass
Duke,Duke,10,1,BLOCK,Foreign Aid,opponent,,,win,3,pass
Duke,Duke,10,1,LOSE_INFLUENCE,Coup,opponent,,,loss,1,reveal Duke
Duke,Duke,10,2,ACTION,,,,,win,2,Coup
Duke,Duke,10,2,ACTION_CHALLENGE,Tax,opponent,,,win,3,pass
Duke,Duke,10,2,BLOCK,Foreign Aid,opponent,,,win,3,pass
Duke,Duke,10,2,LOSE_INFLUENCE,Coup,opponent,,,loss,1,reveal Duke
Duke,Duke,10,3,ACTION,,,,,win,2,Coup
Duke,Duke,10,3,ACTION_CHALLENGE,Tax,opponent,,,win,3,pass
Duke,Duke,10,3,BLOCK,Foreign Aid,opponent,,,win,3,pass
Duke,Duke,10,3,LOSE_INFLUENCE,Coup,opponent,,,loss,1,reveal Duke
Duke,Duke,10,4,ACTION,,,,,win,2,Coup
Duke,Duke,10,4,ACTION_CHALLENGE,Tax,opponent,,,win,3,pass
Duke,Duke,10,4,BLOCK,Foreign Aid,opponent,,,win,3,pass
Duke,Duke,10,4,LOSE_INFLUENCE,Coup,opponent,,,loss,1,reveal Duke
Duke,Duke,10,5,ACTION,,,,,win,2,Coup
Duke,Duke,10,5,ACTION_CHALLENGE,Tax,opponent,,,win,3,pass
Duke,Duke,10,5,BLOCK,Foreign Aid,opponent,,,win,3,pass
Duke,Duke,10,5,LOSE_INFLUENCE,Coup,opponent,,,loss,1,reveal Duke
Duke,Duke,10,6,ACTION,,,,,win,2,Coup
Duke,Duke,10,6,ACTION_CHALLENGE,Tax,opponent,,,win,3,pass
Duke,Duke,10,6,BLOCK,Foreign Aid,opponent,,,win,3,pass
Duke,Duke,10,7,ACTION,,,,,win,2,Coup
Duke,Duke,10,7,ACTION_CHALLENGE,Tax,opponent,,,win,3,pass
Duke,Duke,10,7,BLOCK,Foreign Aid,opponent,,,win,3,pass
Duke,Duke,10,8,ACTION,,,,,win,2,Coup
Duke,Duke,10,8,ACTION_CHALLENGE,Tax,opponent,,,win,3,pass
Duke,Duke,10,8,BLOCK,Foreign Aid,opponent,,,win,3,pass
Duke,Duke,10,9,ACTION,,,,,win,2,Coup
Duke,Duke,10,9,ACTION_CHALLENGE,Tax,opponent,,,win,3,pass
Duke,Duke,10,9,BLOCK,Foreign Aid,opponent,,,win,3,pass
Duke,Duke,10,10,ACTION,,,,,win,2,Coup
Duke,Duke,10,11,ACTION,,,,,win,2,Coup
Duke,Duke,10,12,ACTION,,,,,win,2,Coup
Duke,Duke,11,0,ACTION,,,,,win,2,Coup
Duke,Duke,11,0,ACTION_CHALLENGE,Tax,opponent,,,win,3,pass
Duke,Duke,11,0,BLOCK,Foreign Aid,opponent,,,win,3,pass
Duke,Duke,11,0,LOSE_INFLUENCE,Coup,opponent,,,loss,1,reveal Duke
Duke,Duke,11,1,ACTION,,,,,win,2,Coup
Duke,Duke,11,1,ACTION_CHALLENGE,Tax,opponent,,,win,3,pass
Duke,Duke,11,1,BLOCK,Foreign Aid,opponent,,,win,3,pass
Duke,Duke,11,1,LOSE_INFLUENCE,Coup,opponent,,,loss,1,reveal Duke
Duke,Duke,11,2,ACTION,,,,,win,2,Coup
Duke,Duke,11,2,ACTION_CHALLENGE,Tax,opponent,,,win,3,pass
Duke,Duke,11,2,BLOCK,Foreign Aid,opponent,,,win,3,pass
Duke,Duke,11,2,LOSE_INFLUENCE,Coup,opponent,,,loss,1,reveal Duke
Duke,Duke,11,3,ACTION,,,,,win,2,Coup
Duke,Duke,11,3,ACTION_CHALLENGE,Tax,opponent,,,win,3,pass
Duke,Duke,11,3,BLOCK,Foreign Aid,opponent,,,win,3,pass
Duke,Duke,11,3,LOSE_INFLUENCE,Coup,opponent,,,loss,1,reveal Duke
Duke,Duke,11,4,ACTION,,,,,win,2,Coup
Duke,Duke,11,4,ACTION_CHALLENGE,Tax,opponent,,,win,3,pass
Duke,Duke,11,4,BLOCK,Foreign Aid,opponent,,,win,3,pass
Duke,Duke,11,4,LOSE_INFLUENCE,Coup,opponent,,,loss,1,reveal Duke
Duke,Duke,11,5,ACTION,,,,,win,2,Coup
Duke,Duke,11,5,ACTION_CHALLENGE,Tax,opponent,,,win,3,pass
Duke,Duke,11,5,BLOCK,Foreign Aid,opponent,,,win,3,pass
Duke,Duke,11,5,LOSE_INFLUENCE,Coup,opponent,,,loss,1,reveal Duke
Duke,Duke,11,6,ACTION,,,,,win,2,Coup
Duke,Duke,11,6,ACTION_CHALLENGE,Tax,opponent,,,win,3,pass
Duke,Duke,11,6,BLOCK,Foreign Aid,opponent,,,win,3,pass
Duke,Duke,11,7,ACTION,,,,,win,2,Coup
Duke,Duke,11,7,ACTION_CHALLENGE,Tax,opponent,,,win,3,pass
Duke,Duke,11,7,BLOCK,Foreign Aid,opponent,,,win,3,pass
Duke,Duke,11,8,ACTION,,,,,win,2,Coup
Duke,Duke,11,8,ACTION_CHALLENGE,Tax,opponent,,,win,3,pass
Duke,Duke,11,8,BLOCK,Foreign Aid,opponent,,,win,3,pass
Duke,Duke,11,9,ACTION,,,,,win,2,Coup
Duke,Duke,11,9,ACTION_CHALLENGE,Tax,opponent,,,win,3,pass
Duke,Duke,11,9,BLOCK,Foreign Aid,opponent,,,win,3,pass
Duke,Duke,11,10,ACTION,,,,,win,2,Coup
Duke,Duke,11,11,ACTION,,,,,win,2,Coup
Duke,Duke,11,12,ACTION,,,,,win,2,Coup
Duke,Duke,12,0,ACTION,,,,,win,2,Coup
Duke,Duke,12,0,ACTION_CHALLENGE,Tax,opponent,,,win,3,pass
Duke,Duke,12,0,BLOCK,Foreign Aid,opponent,,,win,3,pass
Duke,Duke,12,0,LOSE_INFLUENCE,Coup,opponent,,,loss,1,reveal Duke
Duke,Duke,12,1,ACTION,,,,,win,2,Coup
Duke,Duke,12,1,ACTION_CHALLENGE,Tax,opponent,,,win,3,pass
Duke,Duke,12,1,BLOCK,Foreign Aid,opponent,,,win,3,pass
Duke,Duke,12,1,LOSE_INFLUENCE,Coup,opponent,,,loss,1,reveal Duke
Duke,Duke,12,2,ACTION,,,,,win,2,Coup
Duke,Duke,12,2,ACTION_CHALLENGE,Tax,opponent,,,win,3,pass
Duke,Duke,12,2,BLOCK,Foreign Aid,opponent,,,win,3,pass
Duke,Duke,12,2,LOSE_INFLUENCE,Coup,opponent,,,loss,1,reveal Duke
Duke,Duke,12,3,ACTION,,,,,win,2,Coup
Duke,Duke,12,3,ACTION_CHALLENGE,Tax,opponent,,,win,3,pass
Duke,Duke,12,3,BLOCK,Foreign Aid,opponent,,,win,3,pass
Duke,Duke,12,3,LOSE_INFLUENCE,Coup,opponent,,,loss,1,reveal Duke
Duke,Duke,12,4,ACTION,,,,,win,2,Coup
Duke,Duke,12,4,ACTION_CHALLENGE,Tax,opponent,,,win,3,pass
Duke,Duke,12,4,BLOCK,Foreign Aid,opponent,,,win,3,pass
Duke,Duke,12,4,LOSE_INFLUENCE,Coup,opponent,,,loss,1,reveal Duke
Duke,Duke,12,5,ACTION,,,,,win,2,Coup
Duke,Duke,12,5,ACTION_CHALLENGE,Tax,opponent,,,win,3,pass
Duke,Duke,12,5,BLOCK,Foreign Aid,opponent,,,win,3,pass
Duke,Duke,12,5,LOSE_INFLUENCE,Coup,opponent,,,loss,1,reveal Duke
Duke,Duke,12,6,ACTION,,,,,win,2,Coup
Duke,Duke,12,6,ACTION_CHALLENGE,Tax,opponent,,,win,3,pass
Duke,Duke,12,6,BLOCK,Foreign Aid,opponent,,,win,3,pass
Duke,Duke,12,7,ACTION,,,,,win,2,Coup
Duke,Duke,12,7,ACTION_CHALLENGE,Tax,opponent,,,win,3,pass
Duke,Duke,12,7,BLOCK,Foreign Aid,opponent,,,win,3,pass
Duke,Duke,12,8,ACTION,,,,,win,2,Coup
Duke,Duke,12,8,ACTION_CHALLENGE,Tax,opponent,,,win,3,pass
Duke,Duke,12,8,BLOCK,Foreign Aid,opponent,,,win,3,pass
Duke,Duke,12,9,ACTION,,,,,win,2,Coup
Duke,Duke,12,9,ACTION_CHALLENGE,Tax,opponent,,,win,3,pass
Duke,Duke,12,9,BLOCK,Foreign Aid,opponent,,,win,3,pass
Duke,Duke,12,10,ACTION,,,,,win,2,Coup
Duke,Duke,12,11,ACTION,,,,,win,2,Coup
Duke,Duke,12,12,ACTION,,,,,win,2,Coup
